loan_id,origination_month,original_balance,interest_rate,credit_score_band,ltv_band,dti_band,state,loan_purpose,occupancy_type,property_type,servicer_name,vintage
LN100000,2018-08-01,75000.0,5.55,620-659,80-90,0-20,CO,Refinance,Primary Residence,Condominium,Servicer_E,2018
LN100001,2023-06-01,200707.94,6.275,700-739,70-80,30-40,KS,Refinance,Primary Residence,Single Family,Servicer_A,2023
LN100002,2022-07-01,117126.04,6.045,620-659,60-70,30-40,VT,Purchase,Primary Residence,Single Family,Servicer_A,2022
LN100003,2021-01-01,219494.65,2.908,660-699,80-90,0-20,WY,Purchase,Primary Residence,Single Family,Servicer_E,2021
LN100004,2021-01-01,279939.1,2.475,740-779,0-60,0-20,FL,Purchase,Primary Residence,Condominium,Servicer_B,2021
LN100005,2024-01-01,414755.38,6.691,700-739,80-90,20-30,OR,Purchase,Primary Residence,Single Family,Servicer_B,2024
LN100006,2018-08-01,133675.57,4.469,780+,70-80,30-40,MT,Purchase,Primary Residence,Single Family,Servicer_D,2018
LN100007,2022-11-01,311455.91,5.043,660-699,0-60,30-40,NJ,Purchase,Primary Residence,Multi Unit,Servicer_C,2022
LN100008,2019-05-01,251986.43,2.995,740-779,0-60,30-40,MT,Purchase,Investment,Single Family,Servicer_B,2019
LN100009,2018-08-01,302654.24,4.78,700-739,80-90,20-30,UT,Purchase,Primary Residence,Single Family,Servicer_B,2018
LN100010,2021-09-01,187839.21,2.486,740-779,60-70,0-20,MN,Purchase,Primary Residence,Multi Unit,Servicer_B,2021
LN100011,2024-10-01,534956.4,6.339,740-779,80-90,20-30,NJ,Purchase,Primary Residence,Single Family,Servicer_A,2024
LN100012,2023-02-01,236165.11,7.168,700-739,80-90,0-20,ND,Purchase,Second Home,Single Family,Servicer_A,2023
LN100013,2023-04-01,663322.4,5.913,780+,80-90,30-40,NV,Purchase,Primary Residence,Single Family,Servicer_C,2023
LN100014,2023-01-01,161862.49,6.399,700-739,60-70,0-20,UT,Refinance,Investment,Single Family,Servicer_D,2023
LN100015,2023-07-01,376160.52,7.087,660-699,80-90,20-30,ID,Purchase,Primary Residence,Multi Unit,Servicer_B,2023
LN100016,2021-08-01,241928.75,3.351,740-779,90-100,20-30,WV,Purchase,Primary Residence,Condominium,Servicer_B,2021
LN100017,2018-11-01,208763.62,4.229,780+,0-60,20-30,ND,Purchase,Primary Residence,Single Family,Servicer_C,2018
LN100018,2023-11-01,353977.86,7.641,620-659,60-70,30-40,WI,Purchase,Investment,Single Family,Servicer_A,2023
LN100019,2021-02-01,212069.81,2.814,700-739,60-70,20-30,ME,Purchase,Investment,Single Family,Servicer_B,2021
LN100020,2021-07-01,75000.0,2.0,780+,70-80,40-50,MS,Purchase,Second Home,Condominium,Servicer_A,2021
LN100021,2020-08-01,75000.0,3.177,740-779,80-90,30-40,AZ,Purchase,Primary Residence,Single Family,Servicer_C,2020
LN100022,2019-04-01,503353.7,3.881,780+,70-80,30-40,WA,Refinance,Primary Residence,Single Family,Servicer_A,2019
LN100023,2024-06-01,491815.22,7.21,700-739,70-80,30-40,SD,Purchase,Primary Residence,Condominium,Servicer_B,2024
LN100024,2023-06-01,705917.54,6.599,740-779,60-70,30-40,IA,Purchase,Primary Residence,Townhouse,Servicer_C,2023
LN100025,2022-07-01,247601.45,5.033,660-699,0-60,30-40,AZ,Purchase,Primary Residence,Townhouse,Servicer_D,2022
LN100026,2020-10-01,122794.44,2.352,780+,60-70,20-30,OH,Purchase,Investment,Townhouse,Servicer_D,2020
LN100027,2023-10-01,198480.29,7.59,700-739,80-90,20-30,ND,Purchase,Primary Residence,Single Family,Servicer_E,2023
LN100028,2021-10-01,251575.82,2.285,740-779,70-80,20-30,NE,Refinance,Primary Residence,Townhouse,Servicer_C,2021
LN100029,2021-02-01,143680.19,2.516,700-739,60-70,0-20,DE,Purchase,Primary Residence,Townhouse,Servicer_B,2021
LN100030,2021-02-01,619044.41,3.443,700-739,80-90,0-20,VA,Purchase,Primary Residence,Single Family,Servicer_A,2021
LN100031,2019-08-01,856785.42,3.361,740-779,0-60,30-40,MI,Purchase,Primary Residence,Single Family,Servicer_A,2019
LN100032,2018-08-01,325224.37,4.085,700-739,60-70,0-20,OR,Purchase,Second Home,Single Family,Servicer_A,2018
LN100033,2021-11-01,248510.69,2.818,780+,60-70,20-30,TX,Refinance,Primary Residence,Multi Unit,Servicer_A,2021
LN100034,2024-03-01,122637.04,7.378,700-739,90-100,30-40,NV,Purchase,Primary Residence,Townhouse,Servicer_B,2024
LN100035,2018-06-01,585226.86,4.375,740-779,80-90,0-20,CA,Purchase,Primary Residence,Townhouse,Servicer_C,2018
LN100036,2024-01-01,260715.47,6.496,700-739,70-80,30-40,VT,Purchase,Primary Residence,Single Family,Servicer_C,2024
LN100037,2023-10-01,213240.47,7.224,700-739,0-60,0-20,ND,Refinance,Primary Residence,Multi Unit,Servicer_B,2023
LN100038,2019-12-01,325742.33,3.833,700-739,60-70,30-40,VT,Purchase,Primary Residence,Single Family,Servicer_B,2019
LN100039,2022-06-01,181148.94,6.359,620-659,70-80,30-40,NM,Refinance,Primary Residence,Single Family,Servicer_A,2022
LN100040,2019-02-01,271033.45,4.708,620-659,60-70,0-20,VA,Refinance,Primary Residence,Condominium,Servicer_B,2019
LN100041,2023-04-01,113080.97,6.804,740-779,90-100,0-20,UT,Refinance,Investment,Townhouse,Servicer_B,2023
LN100042,2022-11-01,454573.16,5.136,740-779,80-90,20-30,HI,Purchase,Primary Residence,Townhouse,Servicer_B,2022
LN100043,2020-06-01,236047.92,3.294,740-779,70-80,20-30,FL,Purchase,Primary Residence,Single Family,Servicer_A,2020
LN100044,2018-06-01,472860.96,6.379,580-619,80-90,0-20,FL,Purchase,Investment,Single Family,Servicer_E,2018
LN100045,2024-10-01,223818.63,6.677,700-739,90-100,40-50,SC,Refinance,Primary Residence,Single Family,Servicer_C,2024
LN100046,2021-02-01,231956.78,3.375,660-699,70-80,0-20,IL,Purchase,Second Home,Single Family,Servicer_C,2021
LN100047,2024-04-01,128340.43,6.554,740-779,70-80,30-40,MN,Purchase,Investment,Townhouse,Servicer_A,2024
LN100048,2022-09-01,379679.42,4.93,780+,90-100,0-20,SC,Purchase,Second Home,Single Family,Servicer_A,2022
LN100049,2023-06-01,154431.24,7.039,660-699,60-70,40-50,MI,Refinance,Primary Residence,Single Family,Servicer_B,2023
LN100050,2023-04-01,191316.4,6.355,740-779,80-90,0-20,AR,Refinance,Primary Residence,Single Family,Servicer_E,2023
LN100051,2019-05-01,250144.03,4.2,620-659,0-60,20-30,ME,Purchase,Primary Residence,Condominium,Servicer_A,2019
LN100052,2020-07-01,267236.55,3.12,660-699,70-80,20-30,CA,Purchase,Primary Residence,Townhouse,Servicer_B,2020
LN100053,2021-04-01,97817.9,3.61,620-659,80-90,0-20,MD,Refinance,Investment,Single Family,Servicer_E,2021
LN100054,2021-06-01,220195.92,3.189,660-699,70-80,30-40,OR,Refinance,Primary Residence,Single Family,Servicer_B,2021
LN100055,2018-04-01,387159.8,3.985,740-779,70-80,20-30,MT,Refinance,Second Home,Multi Unit,Servicer_B,2018
LN100056,2021-10-01,203034.31,2.932,780+,70-80,20-30,ND,Purchase,Primary Residence,Single Family,Servicer_C,2021
LN100057,2019-01-01,220932.77,4.138,660-699,0-60,20-30,CO,Purchase,Primary Residence,Single Family,Servicer_B,2019
LN100058,2023-03-01,273358.53,7.248,700-739,60-70,30-40,PA,Refinance,Primary Residence,Single Family,Servicer_E,2023
LN100059,2022-10-01,233266.76,4.942,740-779,60-70,0-20,MI,Purchase,Second Home,Multi Unit,Servicer_A,2022
LN100060,2024-06-01,141836.84,6.175,780+,70-80,0-20,IA,Purchase,Primary Residence,Condominium,Servicer_D,2024
LN100061,2023-03-01,245052.03,7.088,740-779,70-80,0-20,NC,Purchase,Second Home,Single Family,Servicer_A,2023
LN100062,2020-07-01,431903.06,3.087,660-699,60-70,20-30,CT,Purchase,Primary Residence,Single Family,Servicer_D,2020
LN100063,2024-10-01,140234.24,6.737,740-779,80-90,0-20,MO,Refinance,Investment,Single Family,Servicer_D,2024
LN100064,2020-11-01,203465.38,3.226,700-739,60-70,40-50,MI,Purchase,Primary Residence,Single Family,Servicer_D,2020
LN100065,2020-04-01,116928.62,2.239,780+,70-80,20-30,FL,Purchase,Second Home,Single Family,Servicer_D,2020
LN100066,2024-05-01,419566.06,7.053,700-739,70-80,30-40,WV,Purchase,Primary Residence,Single Family,Servicer_C,2024
LN100067,2020-08-01,237617.9,2.935,740-779,60-70,20-30,ME,Refinance,Primary Residence,Single Family,Servicer_A,2020
LN100068,2018-07-01,156624.48,6.321,580-619,80-90,20-30,AZ,Refinance,Investment,Single Family,Servicer_A,2018
LN100069,2021-04-01,263013.93,3.227,700-739,70-80,20-30,MN,Purchase,Primary Residence,Single Family,Servicer_B,2021
LN100070,2023-07-01,128957.23,6.5,780+,0-60,20-30,WI,Refinance,Primary Residence,Single Family,Servicer_B,2023
LN100071,2019-04-01,141604.56,4.057,740-779,90-100,20-30,ND,Purchase,Second Home,Townhouse,Servicer_B,2019
LN100072,2021-03-01,111987.52,2.901,700-739,80-90,20-30,NY,Refinance,Primary Residence,Single Family,Servicer_D,2021
LN100073,2018-11-01,139035.92,4.873,780+,80-90,20-30,VA,Refinance,Second Home,Townhouse,Servicer_D,2018
LN100074,2022-10-01,527419.68,4.582,780+,80-90,40-50,CA,Purchase,Primary Residence,Townhouse,Servicer_E,2022
LN100075,2021-04-01,167042.09,2.932,700-739,90-100,0-20,NV,Refinance,Investment,Multi Unit,Servicer_B,2021
LN100076,2020-04-01,323075.08,3.18,700-739,60-70,20-30,KY,Purchase,Primary Residence,Single Family,Servicer_D,2020
LN100077,2019-08-01,157826.31,4.427,700-739,70-80,0-20,ND,Purchase,Primary Residence,Single Family,Servicer_D,2019
LN100078,2021-12-01,379632.8,2.767,740-779,70-80,20-30,TX,Purchase,Second Home,Condominium,Servicer_E,2021
LN100079,2022-09-01,142183.12,5.54,700-739,60-70,30-40,AR,Refinance,Primary Residence,Single Family,Servicer_D,2022
LN100080,2024-07-01,255452.45,6.391,660-699,60-70,0-20,DE,Purchase,Primary Residence,Single Family,Servicer_B,2024
LN100081,2021-01-01,257373.71,2.11,780+,0-60,20-30,WV,Purchase,Primary Residence,Single Family,Servicer_A,2021
LN100082,2019-02-01,899423.37,2.878,780+,70-80,20-30,MO,Purchase,Primary Residence,Condominium,Servicer_E,2019
LN100083,2023-10-01,353610.08,6.744,780+,80-90,0-20,KS,Refinance,Primary Residence,Townhouse,Servicer_C,2023
LN100084,2022-05-01,180433.76,4.576,780+,80-90,40-50,DE,Purchase,Primary Residence,Single Family,Servicer_D,2022
LN100085,2022-11-01,364394.78,4.607,740-779,60-70,20-30,LA,Purchase,Primary Residence,Multi Unit,Servicer_D,2022
LN100086,2018-09-01,810342.4,4.344,740-779,60-70,30-40,AL,Purchase,Second Home,Townhouse,Servicer_D,2018
LN100087,2020-03-01,102019.2,3.179,740-779,70-80,20-30,ID,Refinance,Primary Residence,Single Family,Servicer_D,2020
LN100088,2023-05-01,157290.72,6.762,700-739,70-80,40-50,GA,Purchase,Primary Residence,Single Family,Servicer_E,2023
LN100089,2023-10-01,219459.4,7.381,700-739,90-100,20-30,CA,Purchase,Primary Residence,Single Family,Servicer_E,2023
LN100090,2021-01-01,198752.91,3.571,660-699,80-90,20-30,WI,Refinance,Primary Residence,Townhouse,Servicer_B,2021
LN100091,2023-08-01,208188.67,6.895,740-779,90-100,30-40,SC,Purchase,Primary Residence,Condominium,Servicer_A,2023
LN100092,2023-11-01,122013.68,6.932,660-699,80-90,20-30,WV,Purchase,Primary Residence,Condominium,Servicer_A,2023
LN100093,2020-09-01,541117.66,3.929,660-699,90-100,20-30,IL,Refinance,Second Home,Condominium,Servicer_B,2020
LN100094,2024-04-01,114322.82,7.024,700-739,70-80,40-50,IA,Purchase,Primary Residence,Single Family,Servicer_D,2024
LN100095,2020-01-01,223932.32,3.178,700-739,0-60,20-30,IA,Purchase,Primary Residence,Multi Unit,Servicer_D,2020
LN100096,2019-09-01,444374.53,4.084,660-699,0-60,30-40,NV,Purchase,Primary Residence,Townhouse,Servicer_B,2019
LN100097,2022-10-01,245883.84,4.739,740-779,70-80,30-40,GA,Refinance,Second Home,Condominium,Servicer_B,2022
LN100098,2022-06-01,145881.42,4.947,780+,60-70,30-40,ID,Refinance,Primary Residence,Single Family,Servicer_B,2022
LN100099,2018-12-01,119067.35,4.59,660-699,0-60,30-40,WI,Purchase,Primary Residence,Single Family,Servicer_D,2018
LN100100,2023-10-01,220293.63,8.265,580-619,90-100,20-30,LA,Purchase,Investment,Single Family,Servicer_C,2023
LN100101,2019-05-01,164859.67,3.752,700-739,60-70,20-30,SC,Purchase,Primary Residence,Single Family,Servicer_A,2019
LN100102,2023-08-01,279873.58,6.753,740-779,90-100,0-20,ID,Purchase,Primary Residence,Condominium,Servicer_B,2023
LN100103,2018-01-01,115660.92,4.757,740-779,80-90,30-40,WA,Purchase,Primary Residence,Townhouse,Servicer_C,2018
LN100104,2023-07-01,390969.9,6.985,620-659,70-80,30-40,OH,Purchase,Primary Residence,Multi Unit,Servicer_C,2023
LN100105,2023-07-01,266403.79,6.262,740-779,70-80,20-30,UT,Purchase,Second Home,Single Family,Servicer_D,2023
LN100106,2023-06-01,277513.88,7.211,620-659,60-70,0-20,MT,Purchase,Primary Residence,Single Family,Servicer_E,2023
LN100107,2022-08-01,552278.89,5.824,700-739,70-80,20-30,VA,Purchase,Second Home,Single Family,Servicer_A,2022
LN100108,2021-04-01,196502.15,2.676,780+,60-70,20-30,ME,Purchase,Primary Residence,Multi Unit,Servicer_A,2021
LN100109,2022-12-01,167714.27,5.498,660-699,90-100,30-40,MS,Purchase,Investment,Townhouse,Servicer_B,2022
LN100110,2019-12-01,184969.5,4.495,660-699,60-70,0-20,AR,Purchase,Investment,Single Family,Servicer_B,2019
LN100111,2023-06-01,224880.98,7.115,700-739,60-70,30-40,FL,Purchase,Primary Residence,Single Family,Servicer_B,2023
LN100112,2021-11-01,237800.06,2.558,740-779,80-90,30-40,RI,Purchase,Primary Residence,Single Family,Servicer_A,2021
LN100113,2021-03-01,158313.49,2.0,780+,70-80,40-50,KY,Purchase,Primary Residence,Single Family,Servicer_A,2021
LN100114,2021-07-01,82167.84,2.438,780+,70-80,0-20,CO,Purchase,Investment,Single Family,Servicer_D,2021
LN100115,2021-12-01,183634.98,3.897,620-659,70-80,40-50,IA,Refinance,Primary Residence,Single Family,Servicer_A,2021
LN100116,2018-04-01,304711.38,5.417,620-659,0-60,30-40,LA,Refinance,Primary Residence,Single Family,Servicer_D,2018
LN100117,2018-12-01,269455.43,4.029,740-779,70-80,30-40,OK,Refinance,Investment,Single Family,Servicer_B,2018
LN100118,2019-09-01,483579.57,4.616,660-699,60-70,0-20,CA,Purchase,Second Home,Single Family,Servicer_B,2019
LN100119,2018-10-01,732877.46,3.272,780+,60-70,20-30,AK,Refinance,Primary Residence,Condominium,Servicer_A,2018
LN100120,2021-01-01,379591.05,2.4,740-779,0-60,30-40,OR,Purchase,Investment,Single Family,Servicer_A,2021
LN100121,2022-09-01,534775.63,5.715,620-659,60-70,20-30,DE,Purchase,Primary Residence,Single Family,Servicer_B,2022
LN100122,2022-07-01,381147.63,5.336,740-779,60-70,20-30,MA,Purchase,Primary Residence,Multi Unit,Servicer_D,2022
LN100123,2021-04-01,640279.95,3.599,660-699,70-80,20-30,OH,Purchase,Investment,Single Family,Servicer_E,2021
LN100124,2023-12-01,691892.38,6.996,700-739,60-70,20-30,MT,Purchase,Primary Residence,Condominium,Servicer_A,2023
LN100125,2021-12-01,421829.74,2.455,700-739,60-70,0-20,CT,Purchase,Primary Residence,Single Family,Servicer_A,2021
LN100126,2018-07-01,368695.09,4.799,700-739,70-80,20-30,OR,Refinance,Second Home,Condominium,Servicer_A,2018
LN100127,2023-05-01,223314.98,6.513,740-779,0-60,0-20,AZ,Purchase,Primary Residence,Single Family,Servicer_D,2023
LN100128,2022-01-01,244380.25,4.789,740-779,80-90,40-50,ID,Purchase,Primary Residence,Single Family,Servicer_A,2022
LN100129,2022-06-01,207607.73,4.62,780+,90-100,40-50,CO,Refinance,Primary Residence,Single Family,Servicer_A,2022
LN100130,2021-12-01,351830.42,2.771,780+,70-80,20-30,MT,Purchase,Primary Residence,Condominium,Servicer_E,2021
LN100131,2021-11-01,168219.47,3.306,700-739,90-100,0-20,OH,Purchase,Primary Residence,Condominium,Servicer_D,2021
LN100132,2018-08-01,225056.73,4.554,620-659,0-60,0-20,NC,Purchase,Second Home,Condominium,Servicer_C,2018
LN100133,2021-11-01,75000.0,2.448,740-779,0-60,20-30,CT,Purchase,Primary Residence,Single Family,Servicer_A,2021
LN100134,2023-07-01,644941.98,6.619,780+,80-90,30-40,LA,Refinance,Primary Residence,Condominium,Servicer_B,2023
LN100135,2020-02-01,221450.68,3.535,660-699,80-90,20-30,DE,Refinance,Primary Residence,Single Family,Servicer_A,2020
LN100136,2022-03-01,321189.14,5.074,700-739,80-90,0-20,LA,Refinance,Primary Residence,Single Family,Servicer_C,2022
LN100137,2018-03-01,557377.97,4.906,700-739,0-60,0-20,ID,Purchase,Primary Residence,Single Family,Servicer_D,2018
LN100138,2020-06-01,294895.87,4.211,620-659,80-90,0-20,PA,Refinance,Second Home,Single Family,Servicer_A,2020
LN100139,2021-01-01,553272.12,2.509,740-779,60-70,30-40,PA,Refinance,Investment,Townhouse,Servicer_E,2021
LN100140,2024-11-01,126280.44,6.651,700-739,60-70,30-40,SD,Purchase,Primary Residence,Single Family,Servicer_B,2024
LN100141,2019-07-01,934506.0,3.598,740-779,0-60,20-30,HI,Purchase,Investment,Single Family,Servicer_D,2019
LN100142,2019-12-01,454578.91,3.751,740-779,90-100,20-30,AL,Purchase,Primary Residence,Multi Unit,Servicer_A,2019
LN100143,2020-11-01,280485.57,2.757,740-779,0-60,40-50,AK,Purchase,Primary Residence,Townhouse,Servicer_B,2020
LN100144,2024-12-01,547440.92,6.641,700-739,80-90,20-30,TX,Refinance,Primary Residence,Single Family,Servicer_A,2024
LN100145,2023-12-01,131461.2,6.789,700-739,70-80,30-40,VA,Purchase,Primary Residence,Townhouse,Servicer_C,2023
LN100146,2018-03-01,213304.93,4.139,740-779,80-90,30-40,HI,Purchase,Investment,Single Family,Servicer_A,2018
LN100147,2019-08-01,553243.72,3.555,740-779,80-90,20-30,UT,Refinance,Primary Residence,Townhouse,Servicer_B,2019
LN100148,2023-10-01,89530.36,7.504,700-739,80-90,30-40,NE,Purchase,Second Home,Single Family,Servicer_D,2023
LN100149,2018-05-01,340260.91,3.958,780+,60-70,20-30,GA,Purchase,Primary Residence,Single Family,Servicer_D,2018
LN100150,2023-12-01,335009.14,6.922,660-699,0-60,30-40,KS,Refinance,Primary Residence,Multi Unit,Servicer_C,2023
LN100151,2019-12-01,738436.5,2.837,780+,70-80,0-20,IN,Refinance,Primary Residence,Single Family,Servicer_C,2019
LN100152,2024-06-01,104672.4,7.161,620-659,60-70,20-30,RI,Refinance,Investment,Townhouse,Servicer_C,2024
LN100153,2020-01-01,605926.08,3.298,660-699,0-60,0-20,GA,Purchase,Primary Residence,Single Family,Servicer_C,2020
LN100154,2021-01-01,183782.32,2.918,700-739,60-70,0-20,GA,Refinance,Primary Residence,Single Family,Servicer_B,2021
LN100155,2022-08-01,195508.86,5.194,620-659,60-70,0-20,OK,Refinance,Primary Residence,Multi Unit,Servicer_A,2022
LN100156,2018-11-01,127658.47,5.002,620-659,0-60,20-30,KS,Purchase,Primary Residence,Single Family,Servicer_B,2018
LN100157,2021-11-01,137433.79,4.07,580-619,0-60,20-30,IL,Purchase,Primary Residence,Townhouse,Servicer_A,2021
LN100158,2021-07-01,312123.27,3.745,700-739,90-100,20-30,SD,Purchase,Second Home,Townhouse,Servicer_B,2021
LN100159,2023-06-01,135595.8,6.263,740-779,60-70,20-30,WA,Refinance,Primary Residence,Single Family,Servicer_B,2023
LN100160,2024-12-01,375634.76,7.767,580-619,90-100,40-50,NV,Refinance,Primary Residence,Single Family,Servicer_A,2024
LN100161,2022-08-01,173613.16,5.191,740-779,90-100,40-50,TN,Purchase,Primary Residence,Single Family,Servicer_D,2022
LN100162,2020-11-01,128289.87,2.331,740-779,0-60,0-20,TX,Purchase,Primary Residence,Single Family,Servicer_C,2020
LN100163,2020-11-01,187010.71,3.781,660-699,80-90,20-30,NJ,Refinance,Primary Residence,Single Family,Servicer_C,2020
LN100164,2020-12-01,300861.45,2.545,660-699,70-80,30-40,TN,Purchase,Primary Residence,Single Family,Servicer_E,2020
LN100165,2023-09-01,214630.22,6.375,780+,80-90,30-40,AL,Purchase,Primary Residence,Townhouse,Servicer_B,2023
LN100166,2020-03-01,254748.42,3.088,740-779,0-60,20-30,AK,Purchase,Primary Residence,Single Family,Servicer_A,2020
LN100167,2019-03-01,366638.01,3.842,700-739,60-70,30-40,VT,Purchase,Primary Residence,Condominium,Servicer_A,2019
LN100168,2020-05-01,453408.15,2.929,740-779,0-60,0-20,DE,Refinance,Primary Residence,Single Family,Servicer_C,2020
LN100169,2018-02-01,210799.72,4.647,620-659,70-80,20-30,OR,Purchase,Primary Residence,Single Family,Servicer_A,2018
LN100170,2018-09-01,140771.61,4.459,700-739,90-100,30-40,MI,Purchase,Investment,Single Family,Servicer_D,2018
LN100171,2018-08-01,260685.03,4.721,740-779,70-80,30-40,SC,Refinance,Investment,Single Family,Servicer_B,2018
LN100172,2023-05-01,323862.22,7.29,660-699,80-90,30-40,ND,Refinance,Primary Residence,Condominium,Servicer_B,2023
LN100173,2023-01-01,111951.08,6.991,740-779,90-100,0-20,AR,Purchase,Primary Residence,Single Family,Servicer_C,2023
LN100174,2022-11-01,153181.94,5.005,700-739,70-80,0-20,KY,Purchase,Primary Residence,Townhouse,Servicer_B,2022
LN100175,2021-03-01,168326.93,2.54,740-779,0-60,0-20,OK,Refinance,Second Home,Townhouse,Servicer_D,2021
LN100176,2023-01-01,222997.09,6.666,700-739,80-90,0-20,WA,Purchase,Primary Residence,Single Family,Servicer_C,2023
LN100177,2019-02-01,164496.99,4.196,700-739,60-70,0-20,SD,Purchase,Primary Residence,Townhouse,Servicer_D,2019
LN100178,2024-04-01,368829.07,7.708,660-699,0-60,20-30,VT,Purchase,Primary Residence,Multi Unit,Servicer_C,2024
LN100179,2021-07-01,103403.38,3.355,660-699,70-80,20-30,WV,Purchase,Primary Residence,Single Family,Servicer_B,2021
LN100180,2024-07-01,104858.9,6.8,740-779,90-100,30-40,VT,Refinance,Primary Residence,Multi Unit,Servicer_B,2024
LN100181,2019-01-01,208059.08,3.68,620-659,60-70,20-30,NJ,Purchase,Primary Residence,Single Family,Servicer_C,2019
LN100182,2021-06-01,226977.72,3.055,620-659,70-80,0-20,KY,Purchase,Second Home,Condominium,Servicer_B,2021
LN100183,2022-11-01,112326.16,5.856,660-699,0-60,30-40,MT,Purchase,Second Home,Single Family,Servicer_B,2022
LN100184,2021-06-01,179065.03,2.701,660-699,0-60,0-20,SC,Purchase,Primary Residence,Townhouse,Servicer_A,2021
LN100185,2021-02-01,200514.55,2.399,740-779,0-60,30-40,MI,Purchase,Primary Residence,Townhouse,Servicer_C,2021
LN100186,2019-02-01,201370.61,4.337,700-739,80-90,0-20,TN,Refinance,Investment,Multi Unit,Servicer_A,2019
LN100187,2020-09-01,271780.77,3.255,780+,80-90,20-30,OK,Purchase,Second Home,Multi Unit,Servicer_E,2020
LN100188,2019-09-01,173745.66,4.28,620-659,0-60,30-40,HI,Purchase,Investment,Single Family,Servicer_A,2019
LN100189,2020-02-01,563558.35,2.639,740-779,60-70,20-30,WA,Purchase,Investment,Condominium,Servicer_B,2020
LN100190,2022-10-01,327004.35,5.261,700-739,60-70,30-40,TX,Refinance,Primary Residence,Single Family,Servicer_A,2022
LN100191,2022-05-01,160380.4,4.952,700-739,0-60,30-40,NJ,Purchase,Primary Residence,Single Family,Servicer_B,2022
LN100192,2022-04-01,263339.02,4.668,780+,70-80,0-20,GA,Refinance,Primary Residence,Single Family,Servicer_B,2022
LN100193,2020-07-01,267647.11,2.934,780+,80-90,30-40,ID,Purchase,Primary Residence,Multi Unit,Servicer_C,2020
LN100194,2024-09-01,487630.39,6.396,780+,70-80,30-40,TN,Purchase,Primary Residence,Condominium,Servicer_A,2024
LN100195,2018-08-01,179693.13,5.429,660-699,70-80,40-50,AL,Purchase,Primary Residence,Single Family,Servicer_A,2018
LN100196,2020-05-01,381265.96,3.492,660-699,70-80,20-30,MO,Purchase,Primary Residence,Multi Unit,Servicer_A,2020
LN100197,2018-10-01,255821.74,4.435,740-779,0-60,20-30,NM,Refinance,Primary Residence,Townhouse,Servicer_B,2018
LN100198,2020-05-01,567830.24,2.839,660-699,0-60,30-40,ID,Refinance,Primary Residence,Single Family,Servicer_E,2020
LN100199,2024-09-01,508492.88,7.148,740-779,90-100,20-30,UT,Purchase,Primary Residence,Single Family,Servicer_B,2024
LN100200,2020-07-01,278606.26,3.093,700-739,80-90,20-30,NE,Purchase,Primary Residence,Condominium,Servicer_D,2020
LN100201,2024-05-01,216416.65,7.359,700-739,90-100,0-20,AR,Purchase,Primary Residence,Condominium,Servicer_B,2024
LN100202,2021-06-01,330330.67,3.317,740-779,90-100,0-20,KY,Purchase,Primary Residence,Single Family,Servicer_B,2021
LN100203,2022-11-01,226379.64,5.105,740-779,70-80,20-30,MD,Refinance,Primary Residence,Single Family,Servicer_D,2022
LN100204,2021-03-01,629943.31,5.282,580-619,90-100,0-20,ID,Refinance,Primary Residence,Single Family,Servicer_A,2021
LN100205,2019-11-01,261025.85,4.968,620-659,70-80,0-20,WV,Purchase,Primary Residence,Single Family,Servicer_D,2019
LN100206,2023-05-01,200008.02,6.713,740-779,0-60,0-20,ME,Refinance,Investment,Single Family,Servicer_B,2023
LN100207,2024-10-01,194158.07,6.869,700-739,0-60,40-50,MT,Refinance,Primary Residence,Single Family,Servicer_B,2024
LN100208,2019-11-01,128289.75,4.519,660-699,0-60,0-20,NE,Purchase,Primary Residence,Single Family,Servicer_E,2019
LN100209,2023-06-01,339532.08,6.179,700-739,0-60,0-20,ID,Purchase,Second Home,Condominium,Servicer_B,2023
LN100210,2019-10-01,159246.73,4.001,740-779,60-70,20-30,NH,Purchase,Primary Residence,Single Family,Servicer_E,2019
LN100211,2023-01-01,457347.02,6.463,740-779,80-90,0-20,LA,Refinance,Investment,Single Family,Servicer_E,2023
LN100212,2023-07-01,122774.17,6.841,700-739,80-90,40-50,AL,Refinance,Primary Residence,Single Family,Servicer_A,2023
LN100213,2021-02-01,268122.43,3.128,700-739,70-80,40-50,MA,Purchase,Primary Residence,Multi Unit,Servicer_B,2021
LN100214,2023-02-01,470635.54,7.23,660-699,0-60,20-30,NJ,Purchase,Primary Residence,Single Family,Servicer_D,2023
LN100215,2019-11-01,76533.23,3.794,700-739,80-90,20-30,CO,Purchase,Primary Residence,Single Family,Servicer_A,2019
LN100216,2018-07-01,758624.53,4.536,660-699,60-70,20-30,RI,Purchase,Investment,Single Family,Servicer_D,2018
LN100217,2018-09-01,197858.88,4.369,700-739,0-60,0-20,ND,Purchase,Primary Residence,Condominium,Servicer_A,2018
LN100218,2021-02-01,270173.24,2.554,740-779,60-70,20-30,KS,Refinance,Primary Residence,Single Family,Servicer_A,2021
LN100219,2024-04-01,342324.11,7.596,620-659,60-70,0-20,NJ,Purchase,Primary Residence,Single Family,Servicer_B,2024
LN100220,2018-11-01,372721.65,6.671,580-619,60-70,0-20,KS,Purchase,Investment,Townhouse,Servicer_D,2018
LN100221,2021-03-01,290643.4,3.536,660-699,80-90,20-30,NC,Purchase,Primary Residence,Condominium,Servicer_D,2021
LN100222,2022-12-01,432690.39,4.819,780+,80-90,0-20,DE,Purchase,Primary Residence,Single Family,Servicer_C,2022
LN100223,2019-05-01,332603.07,3.501,740-779,80-90,0-20,NM,Refinance,Investment,Single Family,Servicer_A,2019
LN100224,2023-01-01,658487.5,6.762,660-699,0-60,20-30,AZ,Purchase,Primary Residence,Multi Unit,Servicer_B,2023
LN100225,2020-02-01,333199.39,2.528,780+,80-90,20-30,AL,Purchase,Primary Residence,Multi Unit,Servicer_A,2020
LN100226,2023-08-01,736574.55,6.95,700-739,70-80,0-20,IL,Refinance,Primary Residence,Condominium,Servicer_A,2023
LN100227,2022-01-01,410367.98,5.376,700-739,60-70,0-20,FL,Purchase,Primary Residence,Condominium,Servicer_B,2022
LN100228,2021-10-01,92600.85,2.321,780+,70-80,0-20,MO,Purchase,Second Home,Townhouse,Servicer_C,2021
LN100229,2019-03-01,1051073.59,5.135,620-659,70-80,0-20,FL,Purchase,Primary Residence,Multi Unit,Servicer_A,2019
LN100230,2021-03-01,182285.05,2.989,660-699,70-80,30-40,IL,Purchase,Investment,Single Family,Servicer_A,2021
LN100231,2023-12-01,569073.8,6.574,700-739,0-60,40-50,CA,Purchase,Primary Residence,Multi Unit,Servicer_C,2023
LN100232,2018-02-01,253711.38,4.982,660-699,70-80,20-30,VT,Refinance,Primary Residence,Condominium,Servicer_A,2018
LN100233,2023-04-01,448119.78,6.628,740-779,0-60,20-30,OR,Purchase,Primary Residence,Condominium,Servicer_E,2023
LN100234,2021-06-01,171194.02,3.393,660-699,0-60,30-40,HI,Purchase,Primary Residence,Single Family,Servicer_B,2021
LN100235,2023-01-01,352700.91,7.339,620-659,0-60,30-40,CT,Refinance,Primary Residence,Single Family,Servicer_A,2023
LN100236,2022-08-01,217501.58,6.305,660-699,90-100,0-20,TX,Purchase,Primary Residence,Townhouse,Servicer_E,2022
LN100237,2021-01-01,595804.52,2.66,700-739,60-70,0-20,ND,Purchase,Primary Residence,Condominium,Servicer_C,2021
LN100238,2020-02-01,318215.37,3.535,660-699,60-70,20-30,VT,Purchase,Second Home,Single Family,Servicer_D,2020
LN100239,2022-05-01,418312.76,6.111,620-659,60-70,20-30,FL,Purchase,Primary Residence,Condominium,Servicer_B,2022
LN100240,2018-12-01,76036.89,4.694,780+,80-90,0-20,LA,Purchase,Primary Residence,Single Family,Servicer_B,2018
LN100241,2022-02-01,238506.35,4.839,700-739,70-80,20-30,CO,Purchase,Primary Residence,Single Family,Servicer_C,2022
LN100242,2018-08-01,313332.31,4.668,700-739,90-100,20-30,MI,Purchase,Primary Residence,Condominium,Servicer_B,2018
LN100243,2022-07-01,282717.77,6.087,620-659,60-70,20-30,FL,Purchase,Primary Residence,Condominium,Servicer_C,2022
LN100244,2022-05-01,424154.33,4.345,700-739,0-60,20-30,AL,Purchase,Investment,Single Family,Servicer_A,2022
LN100245,2018-08-01,204427.54,4.938,660-699,70-80,30-40,MT,Purchase,Primary Residence,Single Family,Servicer_B,2018
LN100246,2023-04-01,256799.04,6.778,740-779,60-70,20-30,WI,Purchase,Primary Residence,Single Family,Servicer_A,2023
LN100247,2020-11-01,478729.46,3.387,660-699,80-90,0-20,NC,Purchase,Primary Residence,Condominium,Servicer_D,2020
LN100248,2023-07-01,75000.0,6.381,780+,80-90,0-20,PA,Refinance,Primary Residence,Multi Unit,Servicer_B,2023
LN100249,2018-04-01,345711.18,3.718,780+,70-80,30-40,SD,Purchase,Primary Residence,Condominium,Servicer_E,2018
LN100250,2019-04-01,208059.53,4.784,620-659,90-100,20-30,WI,Purchase,Primary Residence,Condominium,Servicer_A,2019
LN100251,2021-06-01,151363.76,3.412,620-659,70-80,0-20,CT,Purchase,Primary Residence,Single Family,Servicer_B,2021
LN100252,2019-04-01,300834.49,4.235,620-659,60-70,20-30,IL,Purchase,Primary Residence,Single Family,Servicer_B,2019
LN100253,2020-04-01,491056.47,2.639,740-779,70-80,30-40,NM,Purchase,Second Home,Townhouse,Servicer_C,2020
LN100254,2022-08-01,442743.25,5.659,620-659,0-60,30-40,TN,Refinance,Primary Residence,Single Family,Servicer_D,2022
LN100255,2019-01-01,232095.46,3.555,780+,80-90,30-40,RI,Purchase,Primary Residence,Single Family,Servicer_B,2019
LN100256,2022-09-01,404688.83,5.452,740-779,0-60,30-40,OR,Purchase,Primary Residence,Single Family,Servicer_B,2022
LN100257,2018-09-01,402984.57,4.072,740-779,60-70,20-30,KS,Refinance,Primary Residence,Condominium,Servicer_D,2018
LN100258,2019-03-01,238270.53,4.043,700-739,70-80,20-30,ME,Purchase,Primary Residence,Single Family,Servicer_A,2019
LN100259,2022-02-01,170761.29,4.467,780+,0-60,0-20,AR,Refinance,Primary Residence,Single Family,Servicer_C,2022
LN100260,2023-07-01,176281.51,7.033,620-659,0-60,30-40,KS,Refinance,Primary Residence,Condominium,Servicer_D,2023
LN100261,2019-03-01,396343.1,3.629,700-739,80-90,20-30,DE,Purchase,Primary Residence,Single Family,Servicer_A,2019
LN100262,2020-02-01,244271.47,2.439,700-739,0-60,0-20,WA,Purchase,Primary Residence,Single Family,Servicer_C,2020
LN100263,2024-06-01,140619.93,5.978,780+,70-80,30-40,CA,Purchase,Investment,Townhouse,Servicer_D,2024
LN100264,2024-12-01,98966.99,6.795,700-739,60-70,20-30,ME,Refinance,Investment,Multi Unit,Servicer_A,2024
LN100265,2022-01-01,395032.57,5.313,740-779,60-70,0-20,VT,Purchase,Second Home,Single Family,Servicer_B,2022
LN100266,2021-02-01,185069.75,2.574,660-699,60-70,20-30,WV,Refinance,Primary Residence,Single Family,Servicer_B,2021
LN100267,2020-06-01,299817.57,2.645,780+,80-90,30-40,ME,Purchase,Primary Residence,Single Family,Servicer_D,2020
LN100268,2022-04-01,494377.66,5.33,700-739,90-100,40-50,MS,Purchase,Primary Residence,Single Family,Servicer_C,2022
LN100269,2022-02-01,121699.2,5.061,700-739,0-60,20-30,NE,Purchase,Primary Residence,Townhouse,Servicer_B,2022
LN100270,2020-01-01,243870.02,3.333,780+,90-100,40-50,TN,Purchase,Investment,Condominium,Servicer_B,2020
LN100271,2018-02-01,227597.6,4.406,700-739,70-80,30-40,RI,Purchase,Primary Residence,Single Family,Servicer_A,2018
LN100272,2019-01-01,308067.68,3.926,700-739,70-80,30-40,NE,Refinance,Primary Residence,Condominium,Servicer_A,2019
LN100273,2024-09-01,494228.97,7.477,700-739,80-90,30-40,ME,Purchase,Investment,Single Family,Servicer_A,2024
LN100274,2020-12-01,120332.94,4.047,620-659,80-90,20-30,ME,Refinance,Primary Residence,Single Family,Servicer_A,2020
LN100275,2021-05-01,342013.36,2.932,700-739,80-90,30-40,NC,Refinance,Primary Residence,Townhouse,Servicer_A,2021
LN100276,2021-04-01,440891.58,3.258,660-699,70-80,20-30,TN,Purchase,Primary Residence,Single Family,Servicer_C,2021
LN100277,2023-06-01,225642.87,7.162,620-659,70-80,30-40,AR,Purchase,Primary Residence,Single Family,Servicer_C,2023
LN100278,2018-06-01,231797.71,4.066,780+,60-70,0-20,RI,Purchase,Investment,Townhouse,Servicer_A,2018
LN100279,2018-07-01,314696.31,4.495,700-739,0-60,30-40,MO,Purchase,Primary Residence,Single Family,Servicer_C,2018
LN100280,2019-12-01,302206.43,3.53,700-739,70-80,40-50,DE,Refinance,Primary Residence,Single Family,Servicer_A,2019
LN100281,2021-05-01,344383.15,2.813,700-739,0-60,20-30,CA,Refinance,Primary Residence,Single Family,Servicer_B,2021
LN100282,2022-09-01,340414.91,5.205,700-739,60-70,40-50,KY,Refinance,Second Home,Single Family,Servicer_E,2022
LN100283,2021-06-01,145674.71,2.673,740-779,0-60,20-30,IL,Purchase,Investment,Single Family,Servicer_C,2021
LN100284,2021-02-01,430999.74,2.609,780+,60-70,0-20,CO,Purchase,Investment,Single Family,Servicer_A,2021
LN100285,2024-07-01,474941.51,6.483,780+,70-80,0-20,IA,Purchase,Investment,Single Family,Servicer_B,2024
LN100286,2019-02-01,276941.56,3.849,700-739,70-80,30-40,TN,Refinance,Primary Residence,Single Family,Servicer_C,2019
LN100287,2022-01-01,109911.5,5.62,700-739,70-80,20-30,OK,Purchase,Primary Residence,Condominium,Servicer_A,2022
LN100288,2021-10-01,234710.02,2.498,700-739,0-60,20-30,HI,Purchase,Investment,Townhouse,Servicer_E,2021
LN100289,2021-04-01,278212.21,2.564,700-739,70-80,30-40,ND,Purchase,Primary Residence,Condominium,Servicer_B,2021
LN100290,2023-08-01,133210.53,5.751,700-739,60-70,20-30,MN,Purchase,Primary Residence,Condominium,Servicer_A,2023
LN100291,2019-11-01,205076.89,3.869,740-779,80-90,20-30,PA,Purchase,Primary Residence,Townhouse,Servicer_C,2019
LN100292,2024-09-01,115158.31,6.594,700-739,70-80,30-40,IL,Purchase,Primary Residence,Single Family,Servicer_C,2024
LN100293,2020-04-01,349139.53,3.229,700-739,70-80,30-40,AR,Refinance,Primary Residence,Single Family,Servicer_B,2020
LN100294,2021-10-01,273892.68,2.369,700-739,70-80,30-40,KS,Refinance,Investment,Single Family,Servicer_E,2021
LN100295,2021-08-01,101117.19,3.166,700-739,90-100,20-30,WY,Purchase,Primary Residence,Single Family,Servicer_E,2021
LN100296,2023-12-01,303313.4,7.751,620-659,80-90,40-50,NV,Refinance,Primary Residence,Multi Unit,Servicer_A,2023
LN100297,2021-01-01,242349.52,2.901,660-699,70-80,0-20,AZ,Purchase,Primary Residence,Single Family,Servicer_A,2021
LN100298,2019-12-01,332117.48,3.813,740-779,70-80,20-30,WI,Refinance,Primary Residence,Townhouse,Servicer_B,2019
LN100299,2018-02-01,201566.24,4.173,700-739,0-60,0-20,TN,Purchase,Primary Residence,Single Family,Servicer_C,2018
LN100300,2020-07-01,160878.15,3.75,660-699,90-100,20-30,NV,Purchase,Primary Residence,Single Family,Servicer_C,2020
LN100301,2023-10-01,163611.77,6.889,700-739,60-70,30-40,PA,Purchase,Primary Residence,Single Family,Servicer_A,2023
LN100302,2018-01-01,185948.04,4.476,740-779,60-70,30-40,GA,Purchase,Primary Residence,Single Family,Servicer_E,2018
LN100303,2024-04-01,252601.9,7.518,660-699,90-100,20-30,NJ,Purchase,Primary Residence,Single Family,Servicer_B,2024
LN100304,2021-10-01,271194.99,2.666,740-779,80-90,0-20,VA,Refinance,Primary Residence,Condominium,Servicer_D,2021
LN100305,2018-12-01,225104.56,3.703,780+,0-60,30-40,MI,Refinance,Primary Residence,Single Family,Servicer_D,2018
LN100306,2020-02-01,198072.9,2.851,740-779,0-60,40-50,AK,Purchase,Primary Residence,Townhouse,Servicer_A,2020
LN100307,2021-11-01,206064.48,2.204,740-779,0-60,20-30,PA,Purchase,Primary Residence,Townhouse,Servicer_A,2021
LN100308,2020-03-01,992979.03,3.657,620-659,70-80,0-20,OR,Refinance,Primary Residence,Single Family,Servicer_A,2020
LN100309,2018-10-01,163622.52,3.724,780+,0-60,20-30,OR,Purchase,Investment,Multi Unit,Servicer_E,2018
LN100310,2022-08-01,183933.87,5.709,700-739,90-100,20-30,NC,Purchase,Primary Residence,Single Family,Servicer_B,2022
LN100311,2022-09-01,1500000.0,4.937,780+,90-100,20-30,CT,Purchase,Primary Residence,Single Family,Servicer_D,2022
LN100312,2018-10-01,315140.39,3.984,700-739,70-80,20-30,CO,Purchase,Primary Residence,Single Family,Servicer_B,2018
LN100313,2019-12-01,117034.83,5.296,580-619,70-80,30-40,SC,Purchase,Primary Residence,Condominium,Servicer_B,2019
LN100314,2019-09-01,397398.23,5.329,580-619,60-70,20-30,TX,Purchase,Primary Residence,Single Family,Servicer_E,2019
LN100315,2022-08-01,151553.63,4.352,740-779,0-60,20-30,AR,Purchase,Primary Residence,Single Family,Servicer_B,2022
LN100316,2023-02-01,412173.65,7.121,700-739,80-90,0-20,NJ,Purchase,Primary Residence,Townhouse,Servicer_D,2023
LN100317,2023-02-01,222612.29,8.135,580-619,0-60,40-50,MT,Refinance,Primary Residence,Single Family,Servicer_B,2023
LN100318,2024-07-01,196286.08,6.569,740-779,0-60,20-30,LA,Purchase,Investment,Townhouse,Servicer_A,2024
LN100319,2023-05-01,605770.77,6.085,780+,60-70,20-30,NC,Purchase,Primary Residence,Single Family,Servicer_A,2023
LN100320,2020-03-01,341375.03,2.627,700-739,0-60,0-20,VA,Refinance,Investment,Single Family,Servicer_A,2020
LN100321,2018-10-01,426923.61,4.564,700-739,70-80,30-40,TN,Refinance,Investment,Single Family,Servicer_D,2018
LN100322,2022-04-01,317559.99,6.814,580-619,80-90,30-40,DE,Purchase,Primary Residence,Single Family,Servicer_B,2022
LN100323,2024-05-01,195784.87,6.819,740-779,80-90,0-20,MS,Purchase,Primary Residence,Single Family,Servicer_B,2024
LN100324,2024-10-01,349920.45,6.786,700-739,70-80,0-20,WA,Purchase,Primary Residence,Condominium,Servicer_A,2024
LN100325,2019-08-01,486155.91,3.315,780+,80-90,0-20,ID,Purchase,Primary Residence,Single Family,Servicer_C,2019
LN100326,2019-08-01,269230.22,4.067,700-739,70-80,30-40,TX,Refinance,Primary Residence,Single Family,Servicer_D,2019
LN100327,2018-04-01,673416.73,4.881,700-739,80-90,40-50,MO,Refinance,Primary Residence,Condominium,Servicer_C,2018
LN100328,2018-12-01,399106.73,4.85,660-699,70-80,20-30,NE,Refinance,Primary Residence,Condominium,Servicer_E,2018
LN100329,2021-11-01,280914.77,3.143,660-699,60-70,20-30,IL,Refinance,Primary Residence,Multi Unit,Servicer_A,2021
LN100330,2021-10-01,287085.05,3.614,740-779,90-100,30-40,VA,Purchase,Primary Residence,Single Family,Servicer_A,2021
LN100331,2020-08-01,269600.53,2.823,700-739,60-70,30-40,NE,Refinance,Primary Residence,Condominium,Servicer_B,2020
LN100332,2020-03-01,125622.27,3.294,700-739,0-60,0-20,NH,Refinance,Second Home,Single Family,Servicer_A,2020
LN100333,2023-10-01,237916.84,5.99,780+,60-70,0-20,MS,Purchase,Primary Residence,Condominium,Servicer_C,2023
LN100334,2021-03-01,282340.41,2.693,780+,60-70,20-30,CA,Purchase,Primary Residence,Single Family,Servicer_D,2021
LN100335,2023-08-01,198862.59,6.58,780+,60-70,30-40,SC,Purchase,Primary Residence,Single Family,Servicer_A,2023
LN100336,2024-09-01,301021.98,7.002,660-699,70-80,30-40,KY,Purchase,Investment,Multi Unit,Servicer_E,2024
LN100337,2020-03-01,252947.01,3.558,740-779,80-90,30-40,IL,Purchase,Primary Residence,Condominium,Servicer_A,2020
LN100338,2019-06-01,382600.54,3.481,780+,60-70,30-40,SC,Purchase,Primary Residence,Condominium,Servicer_C,2019
LN100339,2024-09-01,360024.73,6.577,700-739,70-80,20-30,GA,Purchase,Investment,Single Family,Servicer_B,2024
LN100340,2022-06-01,274073.2,5.728,620-659,60-70,20-30,OH,Purchase,Primary Residence,Condominium,Servicer_C,2022
LN100341,2020-01-01,117859.57,3.4,740-779,80-90,0-20,MS,Purchase,Primary Residence,Single Family,Servicer_A,2020
LN100342,2022-05-01,669384.36,5.417,700-739,0-60,30-40,SC,Purchase,Primary Residence,Single Family,Servicer_E,2022
LN100343,2021-08-01,231231.85,2.443,700-739,0-60,20-30,AZ,Refinance,Primary Residence,Single Family,Servicer_E,2021
LN100344,2024-05-01,239121.88,6.298,780+,70-80,20-30,RI,Refinance,Primary Residence,Single Family,Servicer_B,2024
LN100345,2019-10-01,207073.63,3.751,740-779,70-80,0-20,ID,Purchase,Primary Residence,Single Family,Servicer_B,2019
LN100346,2024-12-01,191107.2,6.888,700-739,80-90,30-40,UT,Purchase,Primary Residence,Condominium,Servicer_C,2024
LN100347,2024-07-01,584462.63,7.547,700-739,70-80,30-40,LA,Refinance,Primary Residence,Single Family,Servicer_C,2024
LN100348,2019-04-01,535813.04,4.21,700-739,80-90,30-40,AL,Purchase,Second Home,Townhouse,Servicer_C,2019
LN100349,2019-02-01,319218.97,4.521,620-659,70-80,0-20,MO,Refinance,Second Home,Townhouse,Servicer_C,2019
LN100350,2021-09-01,235647.21,2.867,740-779,0-60,40-50,AZ,Refinance,Primary Residence,Single Family,Servicer_D,2021
LN100351,2018-04-01,351417.79,3.98,740-779,0-60,30-40,IN,Purchase,Primary Residence,Condominium,Servicer_C,2018
LN100352,2020-02-01,260355.83,3.462,660-699,0-60,30-40,OK,Purchase,Primary Residence,Single Family,Servicer_A,2020
LN100353,2021-01-01,225166.09,2.61,660-699,60-70,30-40,NH,Purchase,Primary Residence,Townhouse,Servicer_E,2021
LN100354,2024-10-01,301093.0,6.204,780+,70-80,40-50,OK,Purchase,Primary Residence,Single Family,Servicer_A,2024
LN100355,2024-12-01,196139.11,8.255,580-619,60-70,40-50,UT,Purchase,Primary Residence,Single Family,Servicer_A,2024
LN100356,2019-01-01,287207.88,4.411,700-739,70-80,20-30,MS,Refinance,Primary Residence,Single Family,Servicer_E,2019
LN100357,2024-03-01,279718.13,6.608,700-739,70-80,20-30,NV,Purchase,Primary Residence,Townhouse,Servicer_A,2024
LN100358,2018-08-01,348304.02,4.023,740-779,70-80,20-30,AZ,Purchase,Primary Residence,Single Family,Servicer_A,2018
LN100359,2023-03-01,177849.13,7.23,660-699,70-80,30-40,IA,Purchase,Primary Residence,Townhouse,Servicer_C,2023
LN100360,2023-12-01,369457.57,6.273,740-779,60-70,30-40,OR,Purchase,Primary Residence,Single Family,Servicer_D,2023
LN100361,2024-03-01,151864.64,6.659,700-739,60-70,0-20,AR,Purchase,Primary Residence,Condominium,Servicer_A,2024
LN100362,2019-07-01,182463.34,3.953,740-779,70-80,0-20,LA,Purchase,Primary Residence,Single Family,Servicer_B,2019
LN100363,2024-04-01,186895.97,7.277,620-659,70-80,40-50,CT,Purchase,Primary Residence,Single Family,Servicer_A,2024
LN100364,2018-10-01,138633.32,3.85,700-739,60-70,30-40,TX,Refinance,Primary Residence,Single Family,Servicer_B,2018
LN100365,2021-08-01,437062.05,2.47,700-739,60-70,40-50,NH,Purchase,Primary Residence,Single Family,Servicer_B,2021
LN100366,2021-04-01,146713.55,3.413,660-699,80-90,20-30,NC,Purchase,Second Home,Condominium,Servicer_A,2021
LN100367,2020-03-01,170214.08,3.151,620-659,70-80,30-40,OH,Refinance,Investment,Condominium,Servicer_E,2020
LN100368,2018-02-01,498665.31,4.501,660-699,0-60,30-40,ID,Refinance,Primary Residence,Single Family,Servicer_C,2018
LN100369,2023-05-01,182662.54,6.392,700-739,70-80,20-30,AZ,Refinance,Primary Residence,Single Family,Servicer_D,2023
LN100370,2020-05-01,225423.86,4.402,620-659,80-90,0-20,MD,Purchase,Primary Residence,Single Family,Servicer_E,2020
LN100371,2022-08-01,143286.33,5.29,780+,0-60,40-50,GA,Refinance,Primary Residence,Condominium,Servicer_E,2022
LN100372,2020-11-01,395275.93,2.993,700-739,80-90,0-20,KY,Purchase,Primary Residence,Townhouse,Servicer_D,2020
LN100373,2020-08-01,398284.21,2.737,740-779,0-60,20-30,KS,Purchase,Primary Residence,Townhouse,Servicer_B,2020
LN100374,2024-03-01,375358.35,6.052,780+,70-80,30-40,SC,Refinance,Primary Residence,Townhouse,Servicer_D,2024
LN100375,2018-08-01,335997.03,5.047,620-659,70-80,30-40,KS,Purchase,Primary Residence,Single Family,Servicer_C,2018
LN100376,2023-02-01,260326.06,6.901,740-779,0-60,20-30,DE,Refinance,Primary Residence,Single Family,Servicer_A,2023
LN100377,2023-03-01,187364.09,6.57,780+,90-100,30-40,WV,Purchase,Primary Residence,Townhouse,Servicer_B,2023
LN100378,2020-08-01,159688.94,2.774,740-779,70-80,0-20,AZ,Purchase,Primary Residence,Single Family,Servicer_B,2020
LN100379,2019-11-01,508217.22,4.057,700-739,90-100,30-40,HI,Purchase,Primary Residence,Single Family,Servicer_B,2019
LN100380,2018-01-01,380734.88,4.784,700-739,60-70,0-20,LA,Refinance,Primary Residence,Single Family,Servicer_D,2018
LN100381,2024-07-01,170740.28,7.261,580-619,80-90,30-40,AR,Refinance,Primary Residence,Condominium,Servicer_B,2024
LN100382,2024-08-01,255537.3,7.107,700-739,90-100,30-40,VT,Purchase,Primary Residence,Condominium,Servicer_A,2024
LN100383,2019-09-01,211960.01,3.426,780+,70-80,0-20,LA,Purchase,Primary Residence,Multi Unit,Servicer_A,2019
LN100384,2018-03-01,134416.75,3.742,780+,60-70,0-20,SC,Purchase,Primary Residence,Single Family,Servicer_D,2018
LN100385,2018-11-01,275660.26,5.599,620-659,80-90,30-40,CT,Purchase,Investment,Single Family,Servicer_B,2018
LN100386,2018-06-01,198927.4,4.651,740-779,70-80,0-20,NE,Refinance,Primary Residence,Single Family,Servicer_B,2018
LN100387,2023-10-01,148052.32,7.036,660-699,90-100,0-20,CT,Purchase,Primary Residence,Townhouse,Servicer_D,2023
LN100388,2024-03-01,110823.41,6.968,780+,70-80,20-30,ID,Purchase,Primary Residence,Single Family,Servicer_D,2024
LN100389,2019-01-01,105780.8,4.013,620-659,60-70,40-50,MA,Purchase,Primary Residence,Multi Unit,Servicer_B,2019
LN100390,2023-03-01,203807.63,6.497,780+,0-60,20-30,UT,Purchase,Primary Residence,Single Family,Servicer_C,2023
LN100391,2019-04-01,238569.03,3.935,740-779,80-90,20-30,KS,Refinance,Second Home,Townhouse,Servicer_A,2019
LN100392,2020-07-01,154477.04,3.959,620-659,90-100,40-50,PA,Purchase,Primary Residence,Townhouse,Servicer_E,2020
LN100393,2022-03-01,357583.04,5.617,620-659,0-60,20-30,CA,Purchase,Second Home,Single Family,Servicer_C,2022
LN100394,2023-01-01,241147.87,6.75,740-779,80-90,20-30,IL,Refinance,Primary Residence,Condominium,Servicer_C,2023
LN100395,2024-02-01,343349.14,7.553,660-699,90-100,20-30,NM,Purchase,Primary Residence,Single Family,Servicer_A,2024
LN100396,2018-04-01,226073.46,4.064,700-739,0-60,20-30,MS,Refinance,Second Home,Townhouse,Servicer_C,2018
LN100397,2019-05-01,162153.95,3.17,780+,0-60,20-30,MT,Purchase,Primary Residence,Townhouse,Servicer_B,2019
LN100398,2019-12-01,266194.06,3.909,700-739,80-90,30-40,ND,Purchase,Second Home,Single Family,Servicer_B,2019
LN100399,2020-03-01,124834.63,2.745,700-739,70-80,0-20,AR,Refinance,Primary Residence,Single Family,Servicer_C,2020
LN100400,2024-12-01,336349.94,6.395,700-739,0-60,30-40,OH,Purchase,Primary Residence,Multi Unit,Servicer_D,2024
LN100401,2023-06-01,149310.62,7.265,620-659,80-90,0-20,UT,Purchase,Primary Residence,Multi Unit,Servicer_B,2023
LN100402,2020-03-01,414257.93,2.484,780+,70-80,20-30,RI,Purchase,Primary Residence,Condominium,Servicer_D,2020
LN100403,2024-10-01,207537.13,7.62,660-699,90-100,0-20,IA,Purchase,Second Home,Multi Unit,Servicer_A,2024
LN100404,2021-06-01,448475.63,3.446,660-699,80-90,20-30,LA,Refinance,Primary Residence,Single Family,Servicer_C,2021
LN100405,2021-07-01,134830.46,4.002,660-699,80-90,30-40,WI,Purchase,Primary Residence,Single Family,Servicer_A,2021
LN100406,2021-01-01,172205.34,2.0,780+,70-80,20-30,SC,Purchase,Primary Residence,Single Family,Servicer_B,2021
LN100407,2019-01-01,308269.73,4.581,620-659,60-70,0-20,WA,Purchase,Primary Residence,Single Family,Servicer_E,2019
LN100408,2024-07-01,475912.65,6.342,780+,70-80,0-20,VA,Purchase,Investment,Single Family,Servicer_A,2024
LN100409,2018-02-01,625215.14,4.335,740-779,0-60,30-40,MI,Refinance,Investment,Condominium,Servicer_E,2018
LN100410,2019-03-01,255753.04,3.905,740-779,70-80,20-30,CT,Purchase,Primary Residence,Single Family,Servicer_B,2019
LN100411,2019-08-01,686922.18,3.191,780+,0-60,30-40,ID,Refinance,Primary Residence,Single Family,Servicer_C,2019
LN100412,2019-12-01,213181.82,3.492,780+,70-80,20-30,IA,Purchase,Investment,Condominium,Servicer_A,2019
LN100413,2018-12-01,457502.85,3.617,780+,0-60,0-20,TN,Purchase,Primary Residence,Townhouse,Servicer_C,2018
LN100414,2018-02-01,148897.98,5.224,620-659,60-70,30-40,IN,Purchase,Primary Residence,Multi Unit,Servicer_E,2018
LN100415,2022-09-01,314999.55,4.426,740-779,60-70,20-30,ME,Purchase,Investment,Single Family,Servicer_C,2022
LN100416,2024-10-01,75000.0,7.073,700-739,70-80,0-20,TX,Refinance,Primary Residence,Townhouse,Servicer_B,2024
LN100417,2018-11-01,134907.03,4.733,700-739,80-90,40-50,FL,Purchase,Investment,Single Family,Servicer_D,2018
LN100418,2020-01-01,323155.35,2.264,780+,0-60,0-20,ND,Purchase,Primary Residence,Single Family,Servicer_C,2020
LN100419,2021-07-01,121464.2,2.59,780+,80-90,20-30,NV,Refinance,Investment,Condominium,Servicer_A,2021
LN100420,2024-06-01,316171.0,6.742,740-779,80-90,20-30,WY,Purchase,Primary Residence,Single Family,Servicer_C,2024
LN100421,2022-11-01,411583.9,5.629,700-739,60-70,20-30,MO,Purchase,Primary Residence,Townhouse,Servicer_C,2022
LN100422,2023-05-01,189755.2,7.78,700-739,70-80,30-40,NE,Refinance,Primary Residence,Single Family,Servicer_D,2023
LN100423,2022-01-01,146721.58,5.706,700-739,70-80,0-20,TX,Purchase,Primary Residence,Single Family,Servicer_B,2022
LN100424,2020-12-01,192608.24,2.74,700-739,0-60,40-50,WY,Refinance,Primary Residence,Single Family,Servicer_B,2020
LN100425,2019-05-01,146975.24,4.129,700-739,70-80,30-40,OR,Refinance,Investment,Single Family,Servicer_E,2019
LN100426,2024-01-01,236463.41,7.442,620-659,0-60,40-50,OH,Purchase,Investment,Single Family,Servicer_C,2024
LN100427,2023-08-01,264439.04,7.332,620-659,80-90,30-40,UT,Purchase,Investment,Single Family,Servicer_B,2023
LN100428,2018-03-01,211273.89,4.312,740-779,90-100,40-50,WI,Purchase,Primary Residence,Single Family,Servicer_E,2018
LN100429,2023-01-01,627885.92,6.991,700-739,80-90,30-40,OR,Refinance,Primary Residence,Condominium,Servicer_A,2023
LN100430,2018-08-01,168306.85,4.282,780+,70-80,20-30,IA,Purchase,Primary Residence,Single Family,Servicer_B,2018
LN100431,2023-03-01,537403.48,6.076,740-779,70-80,20-30,NC,Refinance,Primary Residence,Condominium,Servicer_D,2023
LN100432,2023-10-01,141002.74,8.194,580-619,90-100,30-40,ID,Purchase,Primary Residence,Condominium,Servicer_C,2023
LN100433,2018-12-01,260209.89,4.862,660-699,60-70,20-30,MT,Purchase,Primary Residence,Single Family,Servicer_E,2018
LN100434,2021-01-01,479224.37,3.023,660-699,0-60,30-40,MN,Purchase,Primary Residence,Single Family,Servicer_C,2021
LN100435,2018-11-01,465777.17,4.465,780+,70-80,0-20,WY,Purchase,Primary Residence,Condominium,Servicer_B,2018
LN100436,2021-12-01,198406.72,2.687,660-699,60-70,30-40,NV,Purchase,Primary Residence,Townhouse,Servicer_B,2021
LN100437,2024-06-01,339254.06,7.446,700-739,60-70,0-20,WV,Purchase,Primary Residence,Single Family,Servicer_A,2024
LN100438,2018-07-01,315169.13,3.379,780+,0-60,40-50,SD,Refinance,Primary Residence,Townhouse,Servicer_E,2018
LN100439,2020-10-01,185767.22,2.001,780+,70-80,0-20,TX,Purchase,Second Home,Single Family,Servicer_A,2020
LN100440,2024-10-01,350806.01,6.972,660-699,60-70,0-20,FL,Purchase,Investment,Single Family,Servicer_C,2024
LN100441,2020-02-01,696335.52,3.27,620-659,60-70,30-40,RI,Purchase,Primary Residence,Single Family,Servicer_B,2020
LN100442,2018-12-01,324049.5,4.578,660-699,0-60,30-40,IL,Refinance,Investment,Single Family,Servicer_A,2018
LN100443,2021-06-01,341366.58,3.438,620-659,60-70,30-40,NH,Purchase,Investment,Single Family,Servicer_B,2021
LN100444,2021-07-01,361819.75,3.351,660-699,80-90,40-50,MO,Purchase,Primary Residence,Single Family,Servicer_C,2021
LN100445,2022-08-01,111935.61,4.987,700-739,60-70,20-30,IL,Purchase,Primary Residence,Single Family,Servicer_A,2022
LN100446,2020-03-01,322010.61,2.74,780+,70-80,30-40,WY,Purchase,Primary Residence,Single Family,Servicer_E,2020
LN100447,2024-09-01,142914.01,6.945,700-739,80-90,20-30,UT,Purchase,Primary Residence,Single Family,Servicer_E,2024
LN100448,2021-08-01,180733.42,2.941,740-779,60-70,20-30,NH,Purchase,Primary Residence,Townhouse,Servicer_A,2021
LN100449,2020-01-01,821004.75,3.506,660-699,80-90,20-30,AL,Purchase,Primary Residence,Townhouse,Servicer_D,2020
LN100450,2024-09-01,217493.08,6.501,740-779,80-90,0-20,GA,Purchase,Investment,Single Family,Servicer_B,2024
LN100451,2024-06-01,166395.11,6.084,740-779,70-80,20-30,ID,Refinance,Primary Residence,Single Family,Servicer_A,2024
LN100452,2021-06-01,471246.51,2.208,780+,0-60,30-40,WI,Purchase,Primary Residence,Single Family,Servicer_B,2021
LN100453,2018-03-01,148448.57,3.459,780+,0-60,0-20,MA,Purchase,Investment,Townhouse,Servicer_D,2018
LN100454,2022-03-01,195464.81,5.335,700-739,90-100,40-50,AZ,Refinance,Investment,Single Family,Servicer_C,2022
LN100455,2021-11-01,496925.25,3.918,620-659,80-90,20-30,NJ,Purchase,Primary Residence,Single Family,Servicer_A,2021
LN100456,2019-01-01,255950.25,4.057,660-699,90-100,0-20,WV,Purchase,Second Home,Multi Unit,Servicer_C,2019
LN100457,2022-06-01,105909.24,6.164,700-739,90-100,30-40,NH,Purchase,Investment,Single Family,Servicer_C,2022
LN100458,2023-11-01,337192.91,6.158,780+,0-60,0-20,MN,Purchase,Primary Residence,Single Family,Servicer_D,2023
LN100459,2018-09-01,201020.06,4.727,700-739,80-90,0-20,FL,Purchase,Investment,Townhouse,Servicer_C,2018
LN100460,2023-01-01,583111.98,6.25,740-779,70-80,30-40,UT,Purchase,Primary Residence,Townhouse,Servicer_D,2023
LN100461,2018-12-01,179120.38,4.969,700-739,80-90,0-20,CO,Refinance,Primary Residence,Single Family,Servicer_C,2018
LN100462,2023-03-01,445695.15,6.859,660-699,0-60,0-20,WA,Refinance,Primary Residence,Single Family,Servicer_A,2023
LN100463,2020-12-01,663875.64,2.804,700-739,60-70,30-40,ID,Purchase,Primary Residence,Single Family,Servicer_D,2020
LN100464,2018-01-01,156560.44,4.55,740-779,80-90,0-20,CT,Purchase,Primary Residence,Single Family,Servicer_B,2018
LN100465,2024-10-01,224796.1,6.285,740-779,80-90,30-40,LA,Purchase,Primary Residence,Single Family,Servicer_C,2024
LN100466,2019-02-01,309576.37,3.449,700-739,70-80,30-40,AL,Purchase,Primary Residence,Single Family,Servicer_C,2019
LN100467,2022-03-01,156010.1,5.154,660-699,60-70,0-20,AL,Purchase,Primary Residence,Condominium,Servicer_B,2022
LN100468,2019-04-01,290070.25,3.695,740-779,60-70,20-30,GA,Purchase,Primary Residence,Condominium,Servicer_A,2019
LN100469,2024-07-01,220909.86,7.489,660-699,90-100,0-20,OH,Purchase,Second Home,Multi Unit,Servicer_C,2024
LN100470,2023-03-01,218475.47,6.625,780+,70-80,30-40,SD,Refinance,Primary Residence,Townhouse,Servicer_D,2023
LN100471,2023-08-01,256820.41,6.784,660-699,70-80,0-20,IL,Purchase,Primary Residence,Single Family,Servicer_D,2023
LN100472,2021-01-01,259993.47,3.732,620-659,70-80,40-50,NC,Purchase,Primary Residence,Single Family,Servicer_C,2021
LN100473,2021-04-01,273580.34,2.926,700-739,70-80,0-20,LA,Purchase,Second Home,Single Family,Servicer_A,2021
LN100474,2022-06-01,179846.99,5.057,700-739,70-80,30-40,MI,Purchase,Primary Residence,Single Family,Servicer_B,2022
LN100475,2023-06-01,184217.38,6.926,700-739,70-80,0-20,KY,Purchase,Primary Residence,Single Family,Servicer_D,2023
LN100476,2023-12-01,234214.59,6.99,700-739,80-90,0-20,VT,Purchase,Primary Residence,Condominium,Servicer_B,2023
LN100477,2018-02-01,243920.95,4.251,780+,90-100,20-30,MT,Purchase,Investment,Single Family,Servicer_D,2018
LN100478,2022-08-01,196388.29,5.753,700-739,90-100,20-30,MT,Refinance,Investment,Single Family,Servicer_B,2022
LN100479,2018-10-01,298756.16,4.501,700-739,70-80,40-50,TX,Refinance,Second Home,Single Family,Servicer_A,2018
LN100480,2020-01-01,92143.02,3.064,700-739,70-80,0-20,NC,Purchase,Primary Residence,Multi Unit,Servicer_C,2020
LN100481,2023-10-01,167285.93,7.486,620-659,80-90,0-20,DE,Purchase,Primary Residence,Condominium,Servicer_C,2023
LN100482,2019-10-01,214326.51,3.499,740-779,80-90,20-30,GA,Purchase,Primary Residence,Single Family,Servicer_C,2019
LN100483,2023-07-01,156115.73,7.082,660-699,70-80,20-30,LA,Purchase,Primary Residence,Single Family,Servicer_A,2023
LN100484,2021-03-01,612482.17,2.669,740-779,80-90,30-40,CA,Refinance,Primary Residence,Townhouse,Servicer_D,2021
LN100485,2019-08-01,252607.0,4.434,620-659,80-90,40-50,OH,Purchase,Investment,Single Family,Servicer_B,2019
LN100486,2020-05-01,275526.62,2.538,780+,70-80,30-40,MO,Purchase,Investment,Condominium,Servicer_D,2020
LN100487,2021-09-01,191652.54,3.38,700-739,80-90,0-20,AZ,Refinance,Primary Residence,Condominium,Servicer_C,2021
LN100488,2023-05-01,247839.79,6.266,780+,60-70,20-30,MA,Purchase,Primary Residence,Condominium,Servicer_B,2023
LN100489,2022-03-01,128133.35,5.181,700-739,70-80,30-40,TN,Purchase,Primary Residence,Single Family,Servicer_C,2022
LN100490,2024-07-01,227707.42,7.269,620-659,70-80,20-30,VA,Purchase,Primary Residence,Townhouse,Servicer_C,2024
LN100491,2024-01-01,149322.18,6.581,740-779,0-60,30-40,WI,Purchase,Primary Residence,Single Family,Servicer_B,2024
LN100492,2023-04-01,214624.28,6.041,740-779,80-90,0-20,WA,Purchase,Primary Residence,Single Family,Servicer_C,2023
LN100493,2022-03-01,75000.0,5.329,740-779,70-80,20-30,NM,Refinance,Primary Residence,Single Family,Servicer_A,2022
LN100494,2020-01-01,134432.09,2.348,700-739,0-60,30-40,WA,Purchase,Primary Residence,Single Family,Servicer_E,2020
LN100495,2020-11-01,559263.33,2.635,740-779,80-90,20-30,WV,Purchase,Primary Residence,Single Family,Servicer_B,2020
LN100496,2018-10-01,394721.19,4.086,780+,80-90,40-50,NY,Purchase,Primary Residence,Condominium,Servicer_A,2018
LN100497,2020-08-01,516426.28,3.711,740-779,80-90,20-30,MA,Purchase,Primary Residence,Townhouse,Servicer_D,2020
LN100498,2024-06-01,536307.46,7.343,700-739,70-80,0-20,WI,Purchase,Primary Residence,Single Family,Servicer_A,2024
LN100499,2020-12-01,361985.44,3.272,740-779,80-90,20-30,MA,Refinance,Primary Residence,Townhouse,Servicer_E,2020
LN100500,2018-10-01,194879.84,4.397,740-779,70-80,0-20,FL,Purchase,Second Home,Multi Unit,Servicer_B,2018
LN100501,2022-07-01,141312.38,4.281,780+,70-80,20-30,CO,Purchase,Primary Residence,Single Family,Servicer_B,2022
LN100502,2024-09-01,469735.82,6.687,700-739,0-60,0-20,NH,Purchase,Primary Residence,Condominium,Servicer_A,2024
LN100503,2024-01-01,259037.62,6.675,700-739,70-80,30-40,AK,Purchase,Primary Residence,Multi Unit,Servicer_A,2024
LN100504,2019-12-01,985523.99,3.645,740-779,80-90,30-40,CO,Purchase,Primary Residence,Townhouse,Servicer_A,2019
LN100505,2021-03-01,204518.21,3.006,700-739,70-80,20-30,IL,Refinance,Primary Residence,Single Family,Servicer_A,2021
LN100506,2021-09-01,739928.56,2.569,740-779,70-80,0-20,NE,Purchase,Investment,Townhouse,Servicer_B,2021
LN100507,2019-09-01,229344.54,4.401,700-739,80-90,20-30,MS,Refinance,Investment,Condominium,Servicer_B,2019
LN100508,2019-11-01,521280.17,3.809,660-699,80-90,30-40,MT,Refinance,Primary Residence,Single Family,Servicer_B,2019
LN100509,2019-08-01,635645.73,3.613,740-779,60-70,20-30,MT,Purchase,Investment,Single Family,Servicer_A,2019
LN100510,2024-12-01,142428.26,7.576,620-659,90-100,0-20,WY,Purchase,Primary Residence,Single Family,Servicer_A,2024
LN100511,2023-03-01,191466.33,7.137,660-699,80-90,20-30,HI,Refinance,Primary Residence,Single Family,Servicer_A,2023
LN100512,2023-11-01,141644.78,7.051,740-779,90-100,20-30,MS,Refinance,Primary Residence,Single Family,Servicer_A,2023
LN100513,2023-09-01,127102.2,6.625,740-779,90-100,20-30,NM,Purchase,Primary Residence,Single Family,Servicer_B,2023
LN100514,2024-09-01,360808.62,6.789,780+,90-100,0-20,IN,Purchase,Primary Residence,Townhouse,Servicer_A,2024
LN100515,2018-09-01,224374.23,4.926,660-699,80-90,40-50,GA,Purchase,Primary Residence,Condominium,Servicer_B,2018
LN100516,2024-03-01,257305.06,7.242,620-659,70-80,0-20,AZ,Refinance,Primary Residence,Single Family,Servicer_E,2024
LN100517,2018-06-01,339472.33,3.699,780+,0-60,0-20,KY,Refinance,Second Home,Single Family,Servicer_A,2018
LN100518,2021-04-01,90007.96,3.164,660-699,70-80,0-20,IL,Refinance,Primary Residence,Single Family,Servicer_A,2021
LN100519,2022-02-01,507340.42,5.56,660-699,80-90,20-30,GA,Purchase,Investment,Single Family,Servicer_C,2022
LN100520,2020-07-01,206326.35,3.362,660-699,70-80,20-30,IN,Purchase,Investment,Condominium,Servicer_B,2020
LN100521,2019-01-01,335050.62,4.057,700-739,80-90,0-20,OH,Refinance,Second Home,Single Family,Servicer_A,2019
LN100522,2019-05-01,351726.18,3.057,780+,0-60,20-30,TN,Purchase,Primary Residence,Multi Unit,Servicer_D,2019
LN100523,2023-10-01,531338.36,7.037,740-779,70-80,30-40,MT,Refinance,Primary Residence,Single Family,Servicer_C,2023
LN100524,2020-03-01,235989.98,2.985,740-779,70-80,20-30,AR,Purchase,Primary Residence,Single Family,Servicer_E,2020
LN100525,2020-03-01,77747.03,3.245,660-699,70-80,40-50,OR,Refinance,Investment,Townhouse,Servicer_E,2020
LN100526,2024-06-01,257979.75,6.684,700-739,0-60,20-30,DE,Refinance,Primary Residence,Single Family,Servicer_C,2024
LN100527,2019-01-01,279178.03,3.432,700-739,0-60,0-20,AZ,Purchase,Primary Residence,Single Family,Servicer_C,2019
LN100528,2024-05-01,141544.97,7.159,660-699,80-90,40-50,NH,Purchase,Primary Residence,Single Family,Servicer_B,2024
LN100529,2024-06-01,271125.22,6.994,660-699,70-80,30-40,MI,Refinance,Primary Residence,Condominium,Servicer_E,2024
LN100530,2022-03-01,204977.62,5.016,660-699,0-60,20-30,KS,Purchase,Second Home,Single Family,Servicer_C,2022
LN100531,2019-02-01,119455.78,4.456,620-659,0-60,30-40,WI,Refinance,Primary Residence,Townhouse,Servicer_B,2019
LN100532,2019-02-01,361686.43,3.788,700-739,70-80,20-30,CA,Purchase,Primary Residence,Condominium,Servicer_A,2019
LN100533,2019-12-01,183352.79,3.383,740-779,0-60,20-30,AZ,Purchase,Primary Residence,Townhouse,Servicer_C,2019
LN100534,2022-01-01,199927.01,5.969,620-659,80-90,30-40,NJ,Purchase,Primary Residence,Condominium,Servicer_C,2022
LN100535,2019-01-01,193841.84,5.028,700-739,80-90,30-40,MA,Refinance,Primary Residence,Condominium,Servicer_D,2019
LN100536,2021-03-01,493229.28,2.411,740-779,60-70,20-30,SD,Refinance,Primary Residence,Condominium,Servicer_A,2021
LN100537,2018-10-01,244436.86,3.669,740-779,70-80,30-40,AZ,Refinance,Primary Residence,Single Family,Servicer_D,2018
LN100538,2021-10-01,261116.28,2.03,740-779,0-60,20-30,MA,Refinance,Investment,Condominium,Servicer_A,2021
LN100539,2018-02-01,196195.39,4.668,700-739,60-70,0-20,DE,Purchase,Primary Residence,Condominium,Servicer_C,2018
LN100540,2022-12-01,322478.89,5.691,740-779,80-90,40-50,AZ,Refinance,Investment,Single Family,Servicer_B,2022
LN100541,2018-05-01,525098.49,4.585,660-699,70-80,20-30,MS,Purchase,Primary Residence,Condominium,Servicer_B,2018
LN100542,2019-05-01,357017.35,4.524,700-739,80-90,20-30,OR,Purchase,Primary Residence,Single Family,Servicer_B,2019
LN100543,2019-03-01,364759.32,4.312,660-699,60-70,20-30,DE,Purchase,Primary Residence,Single Family,Servicer_A,2019
LN100544,2023-10-01,348935.65,6.653,700-739,60-70,20-30,TX,Purchase,Primary Residence,Single Family,Servicer_A,2023
LN100545,2018-05-01,117017.96,4.462,700-739,70-80,20-30,MT,Refinance,Primary Residence,Single Family,Servicer_D,2018
LN100546,2021-01-01,154407.55,3.264,660-699,70-80,40-50,MO,Purchase,Primary Residence,Single Family,Servicer_A,2021
LN100547,2022-02-01,223345.04,5.753,740-779,90-100,30-40,WA,Refinance,Primary Residence,Single Family,Servicer_D,2022
LN100548,2021-08-01,167709.9,3.129,660-699,0-60,30-40,KY,Refinance,Second Home,Single Family,Servicer_C,2021
LN100549,2022-10-01,139207.49,5.587,660-699,80-90,20-30,HI,Purchase,Second Home,Single Family,Servicer_A,2022
LN100550,2023-08-01,89278.82,7.558,620-659,80-90,20-30,SC,Purchase,Primary Residence,Single Family,Servicer_E,2023
LN100551,2020-10-01,119208.0,3.704,700-739,70-80,0-20,CO,Purchase,Primary Residence,Single Family,Servicer_D,2020
LN100552,2023-10-01,217102.99,7.035,660-699,60-70,20-30,UT,Purchase,Primary Residence,Multi Unit,Servicer_D,2023
LN100553,2020-03-01,240633.83,3.371,700-739,70-80,0-20,TN,Refinance,Primary Residence,Townhouse,Servicer_D,2020
LN100554,2024-11-01,161625.4,7.152,660-699,60-70,30-40,WI,Purchase,Primary Residence,Single Family,Servicer_C,2024
LN100555,2021-07-01,261091.2,2.992,740-779,80-90,30-40,MS,Purchase,Investment,Single Family,Servicer_E,2021
LN100556,2023-02-01,196930.8,6.343,780+,70-80,20-30,NY,Purchase,Primary Residence,Single Family,Servicer_A,2023
LN100557,2024-02-01,455445.65,7.509,700-739,90-100,20-30,VT,Purchase,Primary Residence,Single Family,Servicer_A,2024
LN100558,2023-07-01,228735.6,6.776,740-779,70-80,30-40,CT,Purchase,Primary Residence,Single Family,Servicer_C,2023
LN100559,2023-12-01,366662.9,6.389,780+,70-80,0-20,KS,Purchase,Primary Residence,Condominium,Servicer_B,2023
LN100560,2021-10-01,279563.23,2.452,780+,80-90,40-50,MS,Purchase,Primary Residence,Condominium,Servicer_C,2021
LN100561,2018-04-01,115621.49,4.406,740-779,70-80,20-30,NY,Refinance,Investment,Single Family,Servicer_B,2018
LN100562,2021-06-01,237840.18,2.84,780+,90-100,0-20,ND,Purchase,Primary Residence,Condominium,Servicer_B,2021
LN100563,2019-04-01,126705.77,3.248,780+,60-70,0-20,WA,Purchase,Second Home,Single Family,Servicer_E,2019
LN100564,2024-03-01,235566.78,7.794,740-779,90-100,40-50,MO,Purchase,Investment,Townhouse,Servicer_A,2024
LN100565,2019-08-01,165942.11,3.678,700-739,80-90,0-20,FL,Purchase,Primary Residence,Multi Unit,Servicer_A,2019
LN100566,2019-08-01,308444.09,5.028,620-659,80-90,30-40,GA,Purchase,Primary Residence,Single Family,Servicer_C,2019
LN100567,2019-09-01,119482.04,4.881,580-619,70-80,0-20,SD,Refinance,Primary Residence,Townhouse,Servicer_D,2019
LN100568,2022-06-01,252029.7,5.579,700-739,80-90,0-20,MS,Purchase,Primary Residence,Townhouse,Servicer_D,2022
LN100569,2021-12-01,342506.11,3.631,700-739,60-70,30-40,NY,Purchase,Primary Residence,Single Family,Servicer_A,2021
LN100570,2024-08-01,411841.46,6.751,700-739,80-90,0-20,NH,Purchase,Primary Residence,Single Family,Servicer_E,2024
LN100571,2020-11-01,164213.7,2.693,700-739,0-60,0-20,SD,Purchase,Primary Residence,Townhouse,Servicer_C,2020
LN100572,2019-12-01,252452.71,3.835,700-739,60-70,20-30,HI,Purchase,Investment,Single Family,Servicer_D,2019
LN100573,2018-05-01,276646.84,4.036,740-779,70-80,30-40,FL,Refinance,Primary Residence,Single Family,Servicer_A,2018
LN100574,2018-01-01,585449.76,5.305,620-659,60-70,20-30,OR,Refinance,Primary Residence,Condominium,Servicer_B,2018
LN100575,2020-08-01,110689.54,3.2,660-699,70-80,0-20,MI,Purchase,Primary Residence,Single Family,Servicer_C,2020
LN100576,2024-06-01,151464.99,6.986,740-779,80-90,40-50,SD,Refinance,Primary Residence,Single Family,Servicer_C,2024
LN100577,2021-08-01,1169013.24,2.0,780+,60-70,30-40,CT,Purchase,Primary Residence,Multi Unit,Servicer_A,2021
LN100578,2024-04-01,215133.21,5.998,780+,80-90,30-40,IN,Purchase,Second Home,Single Family,Servicer_C,2024
LN100579,2018-09-01,88359.55,3.771,780+,0-60,30-40,WI,Refinance,Primary Residence,Single Family,Servicer_C,2018
LN100580,2018-08-01,181464.19,3.769,780+,80-90,30-40,TX,Purchase,Primary Residence,Condominium,Servicer_B,2018
LN100581,2023-11-01,75000.0,7.715,660-699,80-90,20-30,AR,Purchase,Primary Residence,Single Family,Servicer_B,2023
LN100582,2018-09-01,285421.58,4.081,700-739,70-80,20-30,SD,Purchase,Primary Residence,Condominium,Servicer_B,2018
LN100583,2018-05-01,390271.46,4.679,660-699,80-90,30-40,AR,Refinance,Second Home,Condominium,Servicer_D,2018
LN100584,2020-10-01,151418.36,3.384,740-779,90-100,30-40,CT,Purchase,Primary Residence,Single Family,Servicer_C,2020
LN100585,2024-06-01,192975.41,6.364,780+,80-90,40-50,VT,Refinance,Primary Residence,Single Family,Servicer_C,2024
LN100586,2022-10-01,415495.05,4.884,700-739,70-80,20-30,CT,Purchase,Primary Residence,Multi Unit,Servicer_E,2022
LN100587,2018-09-01,95472.9,5.152,700-739,70-80,20-30,KS,Refinance,Primary Residence,Townhouse,Servicer_C,2018
LN100588,2023-11-01,120855.64,6.96,660-699,80-90,20-30,CT,Purchase,Primary Residence,Single Family,Servicer_A,2023
LN100589,2023-11-01,220522.02,6.901,660-699,60-70,30-40,NJ,Purchase,Primary Residence,Single Family,Servicer_C,2023
LN100590,2023-08-01,165285.91,7.197,660-699,80-90,20-30,AZ,Purchase,Investment,Single Family,Servicer_E,2023
LN100591,2024-04-01,212689.66,7.553,620-659,60-70,30-40,IA,Purchase,Primary Residence,Townhouse,Servicer_A,2024
LN100592,2019-09-01,124760.79,3.779,780+,80-90,20-30,KY,Purchase,Primary Residence,Townhouse,Servicer_C,2019
LN100593,2024-11-01,281275.14,6.392,700-739,0-60,0-20,NC,Purchase,Primary Residence,Single Family,Servicer_A,2024
LN100594,2020-03-01,230299.98,2.562,740-779,0-60,20-30,MO,Purchase,Primary Residence,Townhouse,Servicer_D,2020
LN100595,2023-08-01,338158.83,6.892,740-779,90-100,30-40,GA,Purchase,Primary Residence,Single Family,Servicer_C,2023
LN100596,2022-01-01,279130.84,6.015,660-699,80-90,40-50,MS,Refinance,Second Home,Single Family,Servicer_E,2022
LN100597,2023-06-01,280098.26,6.91,660-699,80-90,20-30,MN,Purchase,Second Home,Condominium,Servicer_C,2023
LN100598,2022-05-01,112842.37,6.095,740-779,90-100,20-30,LA,Purchase,Investment,Single Family,Servicer_A,2022
LN100599,2022-06-01,327794.3,5.362,660-699,70-80,20-30,NE,Purchase,Primary Residence,Condominium,Servicer_B,2022
LN100600,2022-04-01,208405.23,4.737,780+,60-70,20-30,KY,Purchase,Primary Residence,Single Family,Servicer_E,2022
LN100601,2023-06-01,228110.89,6.512,660-699,0-60,0-20,KY,Purchase,Investment,Townhouse,Servicer_A,2023
LN100602,2023-03-01,444969.76,6.171,740-779,70-80,30-40,SC,Refinance,Primary Residence,Multi Unit,Servicer_A,2023
LN100603,2018-12-01,168303.91,3.928,740-779,60-70,40-50,IL,Purchase,Primary Residence,Single Family,Servicer_C,2018
LN100604,2023-10-01,525637.76,7.169,660-699,90-100,20-30,KY,Purchase,Primary Residence,Single Family,Servicer_B,2023
LN100605,2021-10-01,553312.16,2.886,660-699,0-60,20-30,DE,Purchase,Second Home,Condominium,Servicer_A,2021
LN100606,2020-04-01,378226.17,2.116,780+,0-60,0-20,OH,Purchase,Investment,Single Family,Servicer_A,2020
LN100607,2021-08-01,145783.04,3.319,660-699,60-70,20-30,OK,Purchase,Primary Residence,Townhouse,Servicer_B,2021
LN100608,2024-10-01,75113.45,6.505,700-739,60-70,20-30,ND,Refinance,Primary Residence,Condominium,Servicer_C,2024
LN100609,2024-01-01,452514.64,6.472,700-739,60-70,30-40,FL,Purchase,Primary Residence,Single Family,Servicer_B,2024
LN100610,2023-11-01,265794.3,6.942,660-699,70-80,0-20,MN,Purchase,Primary Residence,Townhouse,Servicer_B,2023
LN100611,2021-03-01,165936.02,2.908,740-779,60-70,30-40,IA,Refinance,Primary Residence,Single Family,Servicer_D,2021
LN100612,2023-06-01,476715.66,6.624,740-779,70-80,20-30,RI,Refinance,Primary Residence,Single Family,Servicer_A,2023
LN100613,2020-09-01,155649.01,3.28,700-739,80-90,30-40,KY,Refinance,Second Home,Single Family,Servicer_C,2020
LN100614,2022-10-01,197981.88,4.66,740-779,70-80,30-40,MA,Refinance,Primary Residence,Townhouse,Servicer_B,2022
LN100615,2022-06-01,333669.38,5.447,660-699,80-90,0-20,MN,Purchase,Primary Residence,Multi Unit,Servicer_B,2022
LN100616,2019-09-01,135501.05,4.656,580-619,60-70,20-30,RI,Purchase,Investment,Single Family,Servicer_C,2019
LN100617,2019-11-01,235390.64,4.132,700-739,0-60,30-40,OK,Refinance,Primary Residence,Single Family,Servicer_C,2019
LN100618,2018-06-01,455085.98,4.099,780+,60-70,30-40,SD,Refinance,Primary Residence,Single Family,Servicer_E,2018
LN100619,2018-12-01,280780.11,5.882,580-619,90-100,0-20,MI,Purchase,Primary Residence,Condominium,Servicer_A,2018
LN100620,2021-01-01,496481.09,3.041,660-699,70-80,20-30,SD,Purchase,Primary Residence,Single Family,Servicer_A,2021
LN100621,2021-05-01,466352.7,2.612,700-739,60-70,20-30,UT,Refinance,Primary Residence,Single Family,Servicer_B,2021
LN100622,2019-02-01,251066.29,3.424,740-779,70-80,30-40,NE,Purchase,Primary Residence,Single Family,Servicer_C,2019
LN100623,2020-12-01,75000.0,4.048,620-659,80-90,30-40,ND,Purchase,Primary Residence,Single Family,Servicer_A,2020
LN100624,2022-03-01,136085.88,5.254,700-739,70-80,0-20,VA,Purchase,Primary Residence,Condominium,Servicer_E,2022
LN100625,2019-08-01,380427.14,4.314,740-779,70-80,30-40,TN,Purchase,Primary Residence,Single Family,Servicer_D,2019
LN100626,2020-05-01,106572.19,3.685,700-739,80-90,30-40,IN,Purchase,Primary Residence,Single Family,Servicer_B,2020
LN100627,2020-07-01,208884.19,3.753,660-699,70-80,30-40,OK,Purchase,Primary Residence,Single Family,Servicer_B,2020
LN100628,2021-07-01,301155.05,3.411,660-699,70-80,0-20,MN,Purchase,Investment,Single Family,Servicer_A,2021
LN100629,2020-07-01,561002.19,2.883,700-739,60-70,20-30,DE,Purchase,Primary Residence,Single Family,Servicer_C,2020
LN100630,2023-02-01,182217.33,6.789,700-739,0-60,20-30,ME,Purchase,Primary Residence,Single Family,Servicer_C,2023
LN100631,2020-04-01,175483.09,2.905,780+,90-100,0-20,WI,Purchase,Primary Residence,Single Family,Servicer_E,2020
LN100632,2021-01-01,242891.72,3.199,740-779,70-80,20-30,WV,Purchase,Primary Residence,Single Family,Servicer_B,2021
LN100633,2020-08-01,303221.35,2.981,740-779,70-80,0-20,SC,Refinance,Primary Residence,Single Family,Servicer_A,2020
LN100634,2019-04-01,229665.79,3.519,780+,70-80,0-20,WY,Purchase,Primary Residence,Condominium,Servicer_A,2019
LN100635,2022-10-01,445215.53,5.178,700-739,0-60,30-40,NH,Purchase,Primary Residence,Single Family,Servicer_A,2022
LN100636,2019-08-01,161084.94,4.662,700-739,80-90,20-30,PA,Purchase,Second Home,Single Family,Servicer_E,2019
LN100637,2020-01-01,267080.32,2.08,780+,60-70,30-40,FL,Purchase,Primary Residence,Condominium,Servicer_D,2020
LN100638,2023-07-01,319362.85,7.811,660-699,80-90,0-20,IA,Purchase,Primary Residence,Single Family,Servicer_D,2023
LN100639,2024-08-01,200604.01,6.534,740-779,70-80,20-30,FL,Refinance,Primary Residence,Single Family,Servicer_D,2024
LN100640,2022-09-01,396748.03,4.568,740-779,60-70,20-30,WA,Purchase,Primary Residence,Townhouse,Servicer_A,2022
LN100641,2024-05-01,271344.2,7.014,620-659,0-60,30-40,NM,Purchase,Primary Residence,Single Family,Servicer_C,2024
LN100642,2023-12-01,385802.69,6.515,700-739,80-90,30-40,WA,Refinance,Primary Residence,Townhouse,Servicer_C,2023
LN100643,2021-05-01,278166.03,3.206,660-699,0-60,20-30,MA,Purchase,Primary Residence,Single Family,Servicer_A,2021
LN100644,2023-05-01,307502.57,6.549,660-699,0-60,30-40,MA,Purchase,Investment,Townhouse,Servicer_B,2023
LN100645,2020-04-01,176557.3,3.361,700-739,80-90,0-20,ND,Purchase,Primary Residence,Townhouse,Servicer_C,2020
LN100646,2021-03-01,176714.68,3.45,660-699,60-70,20-30,NH,Refinance,Primary Residence,Single Family,Servicer_E,2021
LN100647,2021-09-01,490232.11,2.508,740-779,70-80,0-20,ME,Purchase,Primary Residence,Single Family,Servicer_A,2021
LN100648,2024-09-01,354600.45,6.16,780+,60-70,20-30,KS,Purchase,Primary Residence,Condominium,Servicer_E,2024
LN100649,2023-12-01,142427.07,6.369,740-779,80-90,0-20,MT,Refinance,Primary Residence,Single Family,Servicer_E,2023
LN100650,2021-06-01,276147.68,2.993,660-699,60-70,30-40,AR,Refinance,Primary Residence,Single Family,Servicer_E,2021
LN100651,2022-07-01,75000.0,6.262,660-699,60-70,20-30,GA,Refinance,Primary Residence,Multi Unit,Servicer_A,2022
LN100652,2019-05-01,182325.55,4.323,660-699,60-70,20-30,AZ,Purchase,Primary Residence,Condominium,Servicer_A,2019
LN100653,2023-08-01,424124.12,7.231,620-659,60-70,20-30,DE,Refinance,Primary Residence,Multi Unit,Servicer_C,2023
LN100654,2021-11-01,233371.32,2.176,780+,60-70,20-30,GA,Purchase,Primary Residence,Townhouse,Servicer_B,2021
LN100655,2021-09-01,266750.27,2.747,700-739,0-60,0-20,AR,Refinance,Second Home,Townhouse,Servicer_A,2021
LN100656,2023-05-01,75000.0,6.899,660-699,0-60,40-50,AZ,Refinance,Primary Residence,Condominium,Servicer_D,2023
LN100657,2022-06-01,201486.31,4.714,780+,70-80,30-40,SD,Purchase,Primary Residence,Condominium,Servicer_A,2022
LN100658,2018-07-01,301120.54,4.899,700-739,80-90,0-20,GA,Purchase,Primary Residence,Townhouse,Servicer_B,2018
LN100659,2020-01-01,322908.94,3.824,580-619,0-60,30-40,NV,Purchase,Primary Residence,Condominium,Servicer_E,2020
LN100660,2019-03-01,424434.02,3.802,660-699,60-70,20-30,CA,Refinance,Investment,Single Family,Servicer_B,2019
LN100661,2023-02-01,222698.57,7.071,740-779,90-100,0-20,WV,Purchase,Second Home,Condominium,Servicer_E,2023
LN100662,2018-03-01,228229.16,4.139,740-779,80-90,20-30,ID,Refinance,Primary Residence,Single Family,Servicer_B,2018
LN100663,2019-06-01,120156.65,4.409,660-699,70-80,0-20,PA,Purchase,Primary Residence,Multi Unit,Servicer_B,2019
LN100664,2022-03-01,223402.28,4.736,780+,60-70,0-20,NC,Purchase,Investment,Condominium,Servicer_A,2022
LN100665,2022-11-01,124910.14,4.292,780+,70-80,30-40,RI,Purchase,Investment,Single Family,Servicer_B,2022
LN100666,2021-07-01,90480.32,2.393,780+,60-70,20-30,NY,Refinance,Primary Residence,Single Family,Servicer_B,2021
LN100667,2024-01-01,137635.96,6.384,660-699,0-60,30-40,MT,Purchase,Primary Residence,Single Family,Servicer_D,2024
LN100668,2024-06-01,573201.67,7.548,620-659,60-70,30-40,RI,Purchase,Primary Residence,Single Family,Servicer_E,2024
LN100669,2018-12-01,215433.5,3.965,780+,70-80,30-40,SD,Purchase,Second Home,Condominium,Servicer_A,2018
LN100670,2024-09-01,282137.2,7.545,660-699,60-70,30-40,ME,Refinance,Investment,Condominium,Servicer_A,2024
LN100671,2022-04-01,188488.69,5.411,740-779,70-80,30-40,WV,Refinance,Second Home,Single Family,Servicer_C,2022
LN100672,2022-06-01,93378.19,4.672,740-779,60-70,20-30,WY,Purchase,Primary Residence,Single Family,Servicer_B,2022
LN100673,2018-08-01,418351.98,4.434,620-659,60-70,20-30,OR,Purchase,Investment,Single Family,Servicer_B,2018
LN100674,2022-05-01,75698.02,5.063,740-779,80-90,20-30,WA,Purchase,Primary Residence,Single Family,Servicer_A,2022
LN100675,2023-01-01,184255.79,6.144,780+,80-90,40-50,CO,Purchase,Primary Residence,Townhouse,Servicer_A,2023
LN100676,2022-01-01,242602.12,5.538,740-779,60-70,0-20,NV,Refinance,Primary Residence,Townhouse,Servicer_C,2022
LN100677,2018-08-01,283788.78,4.537,700-739,70-80,20-30,NC,Purchase,Primary Residence,Condominium,Servicer_A,2018
LN100678,2021-08-01,167654.05,2.64,780+,60-70,30-40,WA,Purchase,Primary Residence,Single Family,Servicer_D,2021
LN100679,2024-07-01,90974.76,6.554,700-739,0-60,20-30,CT,Refinance,Primary Residence,Single Family,Servicer_B,2024
LN100680,2023-01-01,160912.32,6.706,740-779,80-90,30-40,SD,Purchase,Primary Residence,Townhouse,Servicer_B,2023
LN100681,2018-12-01,165611.39,4.08,740-779,0-60,20-30,AR,Purchase,Second Home,Multi Unit,Servicer_C,2018
LN100682,2024-09-01,163409.53,6.922,740-779,70-80,0-20,LA,Purchase,Primary Residence,Single Family,Servicer_A,2024
LN100683,2024-09-01,426235.98,7.183,660-699,70-80,20-30,OH,Purchase,Primary Residence,Condominium,Servicer_E,2024
LN100684,2019-03-01,128249.73,4.123,620-659,60-70,20-30,IA,Purchase,Primary Residence,Single Family,Servicer_C,2019
LN100685,2023-08-01,295007.13,7.347,660-699,0-60,0-20,TN,Purchase,Primary Residence,Single Family,Servicer_D,2023
LN100686,2020-11-01,272741.45,2.922,700-739,60-70,0-20,WA,Purchase,Primary Residence,Multi Unit,Servicer_B,2020
LN100687,2022-02-01,423990.57,5.603,700-739,90-100,0-20,DE,Purchase,Primary Residence,Multi Unit,Servicer_B,2022
LN100688,2021-02-01,232348.5,2.111,700-739,70-80,30-40,IL,Refinance,Primary Residence,Multi Unit,Servicer_A,2021
LN100689,2023-06-01,386287.9,7.0,700-739,70-80,30-40,AR,Purchase,Primary Residence,Single Family,Servicer_C,2023
LN100690,2024-12-01,227406.65,6.42,740-779,0-60,20-30,OK,Purchase,Second Home,Single Family,Servicer_C,2024
LN100691,2023-07-01,317467.93,6.34,780+,70-80,0-20,VT,Purchase,Primary Residence,Townhouse,Servicer_B,2023
LN100692,2024-07-01,109381.67,6.769,660-699,0-60,20-30,NM,Purchase,Primary Residence,Condominium,Servicer_A,2024
LN100693,2024-08-01,75000.0,6.417,740-779,70-80,30-40,CT,Purchase,Primary Residence,Single Family,Servicer_A,2024
LN100694,2018-08-01,307695.82,4.379,740-779,80-90,30-40,FL,Purchase,Investment,Single Family,Servicer_A,2018
LN100695,2019-10-01,316908.04,4.079,700-739,70-80,20-30,AK,Refinance,Primary Residence,Single Family,Servicer_B,2019
LN100696,2023-01-01,324727.77,7.152,660-699,60-70,0-20,MO,Purchase,Primary Residence,Condominium,Servicer_C,2023
LN100697,2022-02-01,187306.82,4.821,740-779,0-60,40-50,OR,Refinance,Primary Residence,Townhouse,Servicer_E,2022
LN100698,2018-05-01,567254.56,4.125,780+,0-60,30-40,DE,Purchase,Primary Residence,Single Family,Servicer_A,2018
LN100699,2018-08-01,194130.02,4.266,740-779,70-80,0-20,TX,Purchase,Second Home,Single Family,Servicer_A,2018
LN100700,2021-08-01,315117.12,2.509,780+,80-90,30-40,IL,Purchase,Primary Residence,Single Family,Servicer_B,2021
LN100701,2022-04-01,346717.68,4.8,780+,60-70,0-20,MT,Purchase,Primary Residence,Single Family,Servicer_A,2022
LN100702,2019-03-01,643400.89,3.532,700-739,70-80,0-20,ND,Refinance,Second Home,Single Family,Servicer_C,2019
LN100703,2019-03-01,209997.29,3.96,740-779,80-90,30-40,NE,Refinance,Investment,Single Family,Servicer_A,2019
LN100704,2018-11-01,174548.88,3.877,700-739,0-60,20-30,MS,Refinance,Primary Residence,Condominium,Servicer_E,2018
LN100705,2021-12-01,109670.56,2.0,780+,0-60,20-30,KY,Purchase,Primary Residence,Single Family,Servicer_D,2021
LN100706,2018-01-01,587139.69,4.434,620-659,60-70,40-50,MI,Purchase,Primary Residence,Condominium,Servicer_B,2018
LN100707,2022-01-01,315209.32,5.287,700-739,70-80,30-40,ID,Purchase,Primary Residence,Single Family,Servicer_E,2022
LN100708,2021-04-01,320744.39,2.943,780+,70-80,0-20,IA,Purchase,Investment,Single Family,Servicer_C,2021
LN100709,2021-04-01,1388040.4,3.375,660-699,80-90,30-40,PA,Purchase,Second Home,Condominium,Servicer_E,2021
LN100710,2022-10-01,298937.8,5.483,740-779,80-90,30-40,VT,Purchase,Primary Residence,Condominium,Servicer_A,2022
LN100711,2021-08-01,122141.98,3.866,700-739,80-90,20-30,TX,Purchase,Primary Residence,Single Family,Servicer_E,2021
LN100712,2023-02-01,224463.69,6.831,780+,90-100,40-50,KY,Refinance,Primary Residence,Single Family,Servicer_A,2023
LN100713,2023-05-01,146251.92,6.28,780+,80-90,30-40,KY,Purchase,Primary Residence,Single Family,Servicer_B,2023
LN100714,2024-06-01,201086.13,7.102,660-699,80-90,0-20,AZ,Purchase,Second Home,Single Family,Servicer_E,2024
LN100715,2023-08-01,200344.15,6.76,740-779,80-90,0-20,IN,Purchase,Primary Residence,Single Family,Servicer_B,2023
LN100716,2021-08-01,181018.19,2.97,700-739,80-90,30-40,NJ,Refinance,Primary Residence,Single Family,Servicer_A,2021
LN100717,2021-06-01,116181.72,2.743,740-779,80-90,40-50,IN,Purchase,Primary Residence,Single Family,Servicer_A,2021
LN100718,2019-08-01,600244.35,4.386,740-779,90-100,0-20,OR,Purchase,Primary Residence,Single Family,Servicer_A,2019
LN100719,2022-03-01,294661.53,5.398,740-779,70-80,0-20,AZ,Purchase,Primary Residence,Condominium,Servicer_B,2022
LN100720,2018-12-01,220842.84,5.246,580-619,70-80,30-40,MA,Purchase,Primary Residence,Single Family,Servicer_B,2018
LN100721,2024-07-01,379237.15,6.845,660-699,70-80,0-20,IA,Purchase,Primary Residence,Townhouse,Servicer_C,2024
LN100722,2023-11-01,323936.63,6.621,740-779,80-90,0-20,MO,Refinance,Primary Residence,Condominium,Servicer_D,2023
LN100723,2018-11-01,290932.37,4.72,700-739,70-80,30-40,AK,Refinance,Primary Residence,Single Family,Servicer_A,2018
LN100724,2023-07-01,364384.58,7.353,700-739,80-90,30-40,MA,Refinance,Primary Residence,Condominium,Servicer_D,2023
LN100725,2018-10-01,269111.29,6.151,620-659,80-90,30-40,SC,Purchase,Primary Residence,Single Family,Servicer_C,2018
LN100726,2023-01-01,361435.18,7.07,700-739,90-100,30-40,TX,Refinance,Investment,Townhouse,Servicer_D,2023
LN100727,2018-08-01,378294.38,3.815,780+,60-70,20-30,IL,Purchase,Primary Residence,Multi Unit,Servicer_D,2018
LN100728,2021-06-01,273405.55,4.537,580-619,80-90,40-50,MI,Purchase,Second Home,Townhouse,Servicer_E,2021
LN100729,2022-08-01,221460.43,5.335,700-739,80-90,20-30,OH,Purchase,Primary Residence,Single Family,Servicer_A,2022
LN100730,2023-02-01,580087.94,6.668,780+,90-100,20-30,MS,Purchase,Primary Residence,Townhouse,Servicer_C,2023
LN100731,2020-12-01,192215.1,3.985,620-659,90-100,30-40,NV,Purchase,Primary Residence,Condominium,Servicer_E,2020
LN100732,2024-06-01,310034.44,5.804,740-779,70-80,30-40,LA,Refinance,Primary Residence,Townhouse,Servicer_C,2024
LN100733,2023-06-01,313911.33,7.097,660-699,70-80,30-40,TN,Refinance,Investment,Single Family,Servicer_A,2023
LN100734,2019-06-01,178788.6,3.185,780+,0-60,0-20,NY,Purchase,Primary Residence,Townhouse,Servicer_C,2019
LN100735,2022-09-01,160317.88,5.871,740-779,90-100,40-50,WI,Purchase,Primary Residence,Condominium,Servicer_D,2022
LN100736,2023-02-01,205787.13,6.212,780+,60-70,30-40,RI,Purchase,Primary Residence,Single Family,Servicer_A,2023
LN100737,2020-05-01,190707.65,3.184,660-699,80-90,30-40,ME,Purchase,Primary Residence,Multi Unit,Servicer_C,2020
LN100738,2023-03-01,112110.96,6.933,700-739,80-90,40-50,KY,Purchase,Primary Residence,Condominium,Servicer_D,2023
LN100739,2024-04-01,174711.95,5.963,740-779,70-80,20-30,CA,Purchase,Investment,Townhouse,Servicer_C,2024
LN100740,2023-09-01,289421.34,6.597,660-699,60-70,30-40,NY,Purchase,Primary Residence,Single Family,Servicer_A,2023
LN100741,2023-05-01,501563.33,7.151,660-699,60-70,30-40,PA,Refinance,Primary Residence,Single Family,Servicer_C,2023
LN100742,2022-06-01,339127.5,6.666,580-619,80-90,30-40,LA,Refinance,Second Home,Condominium,Servicer_C,2022
LN100743,2019-11-01,75000.0,3.717,780+,70-80,30-40,AK,Purchase,Primary Residence,Single Family,Servicer_B,2019
LN100744,2023-07-01,355732.11,5.77,740-779,0-60,30-40,TN,Refinance,Primary Residence,Condominium,Servicer_C,2023
LN100745,2020-07-01,183915.69,2.987,740-779,80-90,0-20,ID,Purchase,Investment,Condominium,Servicer_B,2020
LN100746,2021-09-01,320747.74,2.467,740-779,60-70,0-20,NJ,Purchase,Primary Residence,Single Family,Servicer_D,2021
LN100747,2020-03-01,248063.94,3.597,700-739,80-90,40-50,AZ,Purchase,Primary Residence,Condominium,Servicer_D,2020
LN100748,2020-03-01,224861.07,3.212,700-739,60-70,40-50,AR,Purchase,Second Home,Single Family,Servicer_D,2020
LN100749,2019-02-01,236330.5,4.033,700-739,60-70,40-50,VT,Purchase,Primary Residence,Townhouse,Servicer_C,2019
LN100750,2024-09-01,246935.59,6.852,740-779,0-60,0-20,ND,Purchase,Investment,Townhouse,Servicer_A,2024
LN100751,2019-01-01,523681.49,4.08,660-699,70-80,20-30,AL,Purchase,Primary Residence,Single Family,Servicer_D,2019
LN100752,2018-08-01,247311.29,4.441,780+,70-80,30-40,CO,Refinance,Primary Residence,Single Family,Servicer_A,2018
LN100753,2024-07-01,454185.54,6.477,740-779,80-90,30-40,MO,Purchase,Primary Residence,Single Family,Servicer_B,2024
LN100754,2021-11-01,419225.58,2.636,700-739,70-80,0-20,OH,Purchase,Primary Residence,Single Family,Servicer_A,2021
LN100755,2021-01-01,360804.39,3.086,700-739,60-70,30-40,MI,Refinance,Primary Residence,Townhouse,Servicer_C,2021
LN100756,2023-02-01,93580.36,6.509,660-699,60-70,0-20,UT,Purchase,Primary Residence,Single Family,Servicer_C,2023
LN100757,2020-09-01,462020.32,2.682,780+,60-70,20-30,NC,Purchase,Primary Residence,Single Family,Servicer_B,2020
LN100758,2018-11-01,194341.17,4.47,780+,90-100,0-20,NM,Refinance,Primary Residence,Single Family,Servicer_B,2018
LN100759,2023-02-01,370595.41,6.432,780+,0-60,0-20,IA,Purchase,Primary Residence,Condominium,Servicer_A,2023
LN100760,2019-03-01,146432.98,4.322,700-739,90-100,0-20,OH,Purchase,Primary Residence,Townhouse,Servicer_B,2019
LN100761,2021-11-01,130277.94,3.127,660-699,60-70,40-50,UT,Purchase,Primary Residence,Single Family,Servicer_B,2021
LN100762,2024-08-01,741351.39,7.043,660-699,0-60,30-40,AZ,Purchase,Primary Residence,Single Family,Servicer_D,2024
LN100763,2024-07-01,147690.7,7.141,620-659,60-70,40-50,OR,Refinance,Primary Residence,Single Family,Servicer_E,2024
LN100764,2020-07-01,469571.03,3.298,620-659,0-60,20-30,UT,Purchase,Primary Residence,Single Family,Servicer_E,2020
LN100765,2023-06-01,266824.76,7.752,620-659,80-90,20-30,MI,Purchase,Primary Residence,Single Family,Servicer_A,2023
LN100766,2022-04-01,198421.76,4.831,780+,70-80,20-30,RI,Refinance,Primary Residence,Condominium,Servicer_B,2022
LN100767,2021-05-01,243911.4,3.338,620-659,60-70,30-40,LA,Refinance,Primary Residence,Single Family,Servicer_B,2021
LN100768,2018-12-01,122224.43,5.115,620-659,70-80,20-30,GA,Purchase,Primary Residence,Single Family,Servicer_C,2018
LN100769,2020-08-01,248115.91,3.338,740-779,70-80,30-40,SD,Purchase,Primary Residence,Condominium,Servicer_C,2020
LN100770,2022-07-01,137820.72,5.607,700-739,90-100,30-40,KS,Refinance,Second Home,Townhouse,Servicer_D,2022
LN100771,2024-11-01,201133.09,6.848,740-779,90-100,30-40,PA,Purchase,Primary Residence,Single Family,Servicer_B,2024
LN100772,2018-01-01,415871.23,3.978,740-779,80-90,0-20,KS,Purchase,Primary Residence,Single Family,Servicer_C,2018
LN100773,2023-01-01,287512.34,6.497,780+,80-90,20-30,MD,Purchase,Primary Residence,Condominium,Servicer_E,2023
LN100774,2023-12-01,110638.39,6.957,740-779,80-90,0-20,OH,Refinance,Primary Residence,Single Family,Servicer_A,2023
LN100775,2024-08-01,399326.5,7.091,700-739,70-80,0-20,LA,Purchase,Primary Residence,Townhouse,Servicer_D,2024
LN100776,2020-12-01,249025.69,3.092,740-779,80-90,30-40,SD,Purchase,Primary Residence,Townhouse,Servicer_C,2020
LN100777,2018-10-01,185537.87,4.627,700-739,0-60,20-30,AK,Refinance,Primary Residence,Townhouse,Servicer_A,2018
LN100778,2019-11-01,376957.66,4.359,700-739,80-90,30-40,AL,Purchase,Primary Residence,Single Family,Servicer_E,2019
LN100779,2023-12-01,228034.55,7.544,700-739,90-100,0-20,CA,Purchase,Primary Residence,Single Family,Servicer_D,2023
LN100780,2024-02-01,131676.37,7.185,660-699,0-60,40-50,IL,Purchase,Primary Residence,Townhouse,Servicer_D,2024
LN100781,2022-06-01,690735.01,5.761,740-779,80-90,40-50,AZ,Refinance,Primary Residence,Single Family,Servicer_A,2022
LN100782,2018-11-01,247634.24,5.139,660-699,90-100,20-30,MD,Purchase,Primary Residence,Single Family,Servicer_A,2018
LN100783,2018-11-01,239056.29,4.292,660-699,60-70,30-40,AK,Refinance,Primary Residence,Single Family,Servicer_C,2018
LN100784,2021-05-01,200067.15,3.409,660-699,70-80,0-20,PA,Purchase,Primary Residence,Single Family,Servicer_A,2021
LN100785,2022-02-01,478397.55,5.474,780+,90-100,30-40,DE,Purchase,Primary Residence,Condominium,Servicer_A,2022
LN100786,2018-03-01,187312.39,5.411,700-739,90-100,30-40,WI,Refinance,Primary Residence,Multi Unit,Servicer_B,2018
LN100787,2022-10-01,106881.63,5.274,740-779,0-60,30-40,TX,Purchase,Investment,Condominium,Servicer_A,2022
LN100788,2021-10-01,172119.36,2.944,780+,60-70,30-40,OH,Purchase,Second Home,Single Family,Servicer_D,2021
LN100789,2018-02-01,518628.04,5.526,620-659,80-90,20-30,SC,Refinance,Primary Residence,Multi Unit,Servicer_C,2018
LN100790,2018-09-01,395097.91,4.259,740-779,60-70,30-40,RI,Purchase,Primary Residence,Condominium,Servicer_A,2018
LN100791,2021-03-01,217283.36,2.695,660-699,60-70,30-40,TX,Purchase,Primary Residence,Single Family,Servicer_C,2021
LN100792,2023-01-01,532057.33,6.952,660-699,0-60,0-20,NV,Refinance,Investment,Condominium,Servicer_A,2023
LN100793,2023-10-01,377220.22,6.194,740-779,0-60,0-20,NY,Purchase,Primary Residence,Single Family,Servicer_A,2023
LN100794,2021-01-01,215904.63,2.523,780+,70-80,30-40,MS,Purchase,Primary Residence,Single Family,Servicer_B,2021
LN100795,2020-01-01,228197.28,3.376,660-699,70-80,30-40,NY,Purchase,Primary Residence,Condominium,Servicer_B,2020
LN100796,2024-10-01,299641.17,6.982,700-739,70-80,20-30,MD,Purchase,Primary Residence,Single Family,Servicer_B,2024
LN100797,2021-03-01,158209.97,3.381,660-699,80-90,40-50,CT,Refinance,Primary Residence,Single Family,Servicer_C,2021
LN100798,2020-03-01,250620.21,3.391,700-739,70-80,30-40,WA,Purchase,Primary Residence,Condominium,Servicer_B,2020
LN100799,2021-02-01,296232.1,2.0,740-779,60-70,20-30,OH,Refinance,Primary Residence,Single Family,Servicer_C,2021
LN100800,2018-02-01,98852.56,4.147,740-779,0-60,20-30,OK,Refinance,Second Home,Single Family,Servicer_B,2018
LN100801,2020-02-01,225277.9,3.121,740-779,60-70,30-40,IA,Refinance,Primary Residence,Single Family,Servicer_C,2020
LN100802,2021-08-01,211617.42,4.021,620-659,60-70,30-40,RI,Purchase,Primary Residence,Condominium,Servicer_C,2021
LN100803,2024-06-01,440054.39,6.61,740-779,0-60,20-30,MT,Purchase,Second Home,Townhouse,Servicer_A,2024
LN100804,2023-03-01,90648.34,6.865,740-779,0-60,20-30,AR,Refinance,Second Home,Single Family,Servicer_C,2023
LN100805,2023-06-01,202680.86,6.411,740-779,0-60,30-40,WV,Purchase,Primary Residence,Townhouse,Servicer_D,2023
LN100806,2021-10-01,191808.19,3.561,620-659,70-80,30-40,WY,Refinance,Investment,Single Family,Servicer_A,2021
LN100807,2018-10-01,423901.0,4.699,700-739,70-80,30-40,UT,Refinance,Primary Residence,Single Family,Servicer_C,2018
LN100808,2020-09-01,244083.48,3.509,700-739,90-100,0-20,MS,Purchase,Primary Residence,Single Family,Servicer_D,2020
LN100809,2024-12-01,671365.01,7.405,620-659,80-90,30-40,ID,Purchase,Second Home,Single Family,Servicer_A,2024
LN100810,2018-04-01,359846.76,4.635,660-699,70-80,20-30,AL,Purchase,Primary Residence,Single Family,Servicer_E,2018
LN100811,2024-02-01,199504.79,6.306,700-739,0-60,0-20,OR,Purchase,Second Home,Condominium,Servicer_B,2024
LN100812,2022-10-01,285223.53,5.249,740-779,70-80,30-40,VT,Purchase,Primary Residence,Townhouse,Servicer_D,2022
LN100813,2019-12-01,205762.6,3.993,660-699,0-60,30-40,CO,Purchase,Primary Residence,Multi Unit,Servicer_E,2019
LN100814,2023-06-01,401067.11,6.452,740-779,70-80,20-30,OH,Refinance,Primary Residence,Multi Unit,Servicer_E,2023
LN100815,2023-11-01,120151.35,6.64,700-739,70-80,30-40,AK,Purchase,Primary Residence,Single Family,Servicer_C,2023
LN100816,2018-04-01,158924.32,4.442,740-779,70-80,20-30,RI,Purchase,Second Home,Single Family,Servicer_C,2018
LN100817,2018-09-01,321208.48,4.674,700-739,60-70,0-20,AK,Refinance,Primary Residence,Single Family,Servicer_A,2018
LN100818,2022-08-01,490598.94,5.201,700-739,80-90,20-30,WI,Refinance,Primary Residence,Single Family,Servicer_B,2022
LN100819,2024-12-01,75000.0,6.404,740-779,80-90,20-30,FL,Refinance,Primary Residence,Townhouse,Servicer_D,2024
LN100820,2018-03-01,532413.31,4.526,780+,80-90,30-40,MA,Purchase,Primary Residence,Single Family,Servicer_B,2018
LN100821,2022-08-01,231455.26,4.927,700-739,70-80,30-40,OH,Refinance,Primary Residence,Single Family,Servicer_D,2022
LN100822,2018-12-01,88706.19,4.704,700-739,70-80,30-40,TX,Refinance,Primary Residence,Single Family,Servicer_A,2018
LN100823,2022-07-01,75000.0,5.375,740-779,0-60,0-20,ME,Refinance,Primary Residence,Townhouse,Servicer_A,2022
LN100824,2022-05-01,107802.26,5.776,740-779,80-90,20-30,WY,Purchase,Primary Residence,Single Family,Servicer_A,2022
LN100825,2018-08-01,247305.21,5.361,620-659,70-80,0-20,AL,Purchase,Primary Residence,Condominium,Servicer_C,2018
LN100826,2022-10-01,241101.26,5.453,700-739,60-70,30-40,MS,Purchase,Primary Residence,Single Family,Servicer_A,2022
LN100827,2024-04-01,354150.21,7.416,700-739,60-70,0-20,WY,Purchase,Primary Residence,Single Family,Servicer_B,2024
LN100828,2024-01-01,184794.24,6.04,780+,90-100,20-30,IN,Purchase,Primary Residence,Single Family,Servicer_E,2024
LN100829,2018-03-01,135916.21,4.401,700-739,70-80,30-40,NE,Refinance,Primary Residence,Condominium,Servicer_D,2018
LN100830,2019-09-01,199190.85,4.195,700-739,70-80,30-40,MN,Purchase,Primary Residence,Condominium,Servicer_D,2019
LN100831,2019-09-01,254664.39,3.339,780+,70-80,20-30,MD,Refinance,Primary Residence,Single Family,Servicer_A,2019
LN100832,2021-03-01,283832.98,3.332,700-739,70-80,20-30,RI,Purchase,Primary Residence,Single Family,Servicer_B,2021
LN100833,2019-01-01,161971.49,4.178,660-699,70-80,30-40,MT,Refinance,Primary Residence,Single Family,Servicer_C,2019
LN100834,2023-12-01,410451.02,7.0,660-699,60-70,20-30,OK,Purchase,Second Home,Single Family,Servicer_A,2023
LN100835,2023-06-01,177628.22,7.328,620-659,70-80,0-20,MT,Purchase,Primary Residence,Single Family,Servicer_B,2023
LN100836,2023-08-01,154952.15,8.053,580-619,80-90,30-40,WY,Purchase,Primary Residence,Single Family,Servicer_E,2023
LN100837,2019-05-01,185516.83,3.576,700-739,0-60,20-30,MS,Refinance,Primary Residence,Condominium,Servicer_A,2019
LN100838,2018-02-01,451521.51,4.571,740-779,80-90,20-30,SC,Purchase,Primary Residence,Townhouse,Servicer_E,2018
LN100839,2024-05-01,232391.37,6.258,740-779,60-70,0-20,NM,Purchase,Primary Residence,Condominium,Servicer_A,2024
LN100840,2020-01-01,170626.76,4.796,580-619,80-90,20-30,SD,Refinance,Primary Residence,Condominium,Servicer_A,2020
LN100841,2022-08-01,416056.13,5.536,700-739,70-80,20-30,VT,Purchase,Primary Residence,Multi Unit,Servicer_A,2022
LN100842,2024-05-01,812383.58,7.42,660-699,70-80,20-30,ID,Purchase,Primary Residence,Multi Unit,Servicer_E,2024
LN100843,2018-04-01,280559.65,3.701,780+,70-80,20-30,KS,Purchase,Second Home,Single Family,Servicer_C,2018
LN100844,2018-01-01,492785.64,4.68,660-699,90-100,20-30,KS,Purchase,Primary Residence,Single Family,Servicer_D,2018
LN100845,2018-01-01,441997.31,4.289,740-779,70-80,30-40,MO,Purchase,Primary Residence,Single Family,Servicer_B,2018
LN100846,2019-02-01,179174.3,5.01,700-739,80-90,40-50,MO,Purchase,Primary Residence,Townhouse,Servicer_D,2019
LN100847,2018-05-01,253689.15,4.87,740-779,80-90,0-20,AL,Purchase,Primary Residence,Single Family,Servicer_C,2018
LN100848,2023-09-01,123477.8,6.544,700-739,60-70,0-20,VT,Purchase,Second Home,Single Family,Servicer_C,2023
LN100849,2022-03-01,223350.59,5.117,740-779,60-70,30-40,TX,Refinance,Primary Residence,Single Family,Servicer_D,2022
LN100850,2024-11-01,177160.52,7.308,660-699,70-80,40-50,NM,Refinance,Investment,Condominium,Servicer_D,2024
LN100851,2023-08-01,200311.5,5.799,780+,60-70,30-40,KS,Purchase,Primary Residence,Condominium,Servicer_C,2023
LN100852,2024-09-01,165507.85,7.151,700-739,60-70,0-20,TN,Purchase,Primary Residence,Townhouse,Servicer_A,2024
LN100853,2019-09-01,213483.1,3.64,740-779,70-80,20-30,IN,Purchase,Primary Residence,Single Family,Servicer_D,2019
LN100854,2020-01-01,335019.55,2.583,780+,70-80,0-20,KS,Refinance,Primary Residence,Townhouse,Servicer_A,2020
LN100855,2023-12-01,234098.13,6.217,780+,60-70,30-40,WY,Purchase,Primary Residence,Single Family,Servicer_E,2023
LN100856,2019-09-01,89662.77,4.733,660-699,80-90,20-30,WA,Purchase,Primary Residence,Townhouse,Servicer_B,2019
LN100857,2018-05-01,165851.8,4.563,660-699,70-80,20-30,NJ,Purchase,Investment,Condominium,Servicer_A,2018
LN100858,2022-09-01,108396.01,5.278,660-699,80-90,20-30,FL,Purchase,Primary Residence,Single Family,Servicer_B,2022
LN100859,2023-08-01,285914.85,6.957,660-699,0-60,20-30,CT,Refinance,Primary Residence,Multi Unit,Servicer_C,2023
LN100860,2024-10-01,329733.74,6.227,700-739,70-80,30-40,WI,Purchase,Second Home,Multi Unit,Servicer_B,2024
LN100861,2024-06-01,287885.39,6.05,780+,0-60,0-20,IN,Purchase,Primary Residence,Townhouse,Servicer_D,2024
LN100862,2018-11-01,162128.38,4.396,780+,70-80,30-40,OH,Purchase,Primary Residence,Townhouse,Servicer_C,2018
LN100863,2023-05-01,286354.51,6.884,700-739,60-70,30-40,LA,Purchase,Primary Residence,Single Family,Servicer_A,2023
LN100864,2023-12-01,193040.13,7.273,740-779,90-100,30-40,MO,Purchase,Second Home,Single Family,Servicer_C,2023
LN100865,2022-11-01,133678.4,4.926,780+,60-70,20-30,WY,Refinance,Primary Residence,Single Family,Servicer_D,2022
LN100866,2023-09-01,375974.9,7.033,780+,70-80,30-40,NJ,Purchase,Primary Residence,Townhouse,Servicer_E,2023
LN100867,2023-11-01,392044.82,6.784,660-699,60-70,30-40,MI,Purchase,Primary Residence,Townhouse,Servicer_B,2023
LN100868,2021-02-01,421303.48,3.079,700-739,70-80,0-20,MA,Purchase,Primary Residence,Multi Unit,Servicer_E,2021
LN100869,2018-04-01,178907.55,4.159,740-779,70-80,0-20,ID,Purchase,Primary Residence,Townhouse,Servicer_A,2018
LN100870,2021-03-01,478238.8,3.397,660-699,60-70,30-40,NV,Refinance,Primary Residence,Condominium,Servicer_C,2021
LN100871,2019-05-01,190564.49,3.822,700-739,60-70,20-30,NH,Purchase,Primary Residence,Single Family,Servicer_D,2019
LN100872,2018-10-01,358126.63,4.356,780+,0-60,0-20,CA,Purchase,Primary Residence,Single Family,Servicer_B,2018
LN100873,2018-11-01,188756.71,3.681,780+,0-60,0-20,MA,Purchase,Primary Residence,Single Family,Servicer_A,2018
LN100874,2022-11-01,221023.88,5.662,780+,90-100,0-20,NC,Refinance,Second Home,Condominium,Servicer_C,2022
LN100875,2021-07-01,75000.0,2.888,740-779,70-80,20-30,AZ,Refinance,Primary Residence,Single Family,Servicer_B,2021
LN100876,2021-10-01,211750.49,3.0,660-699,0-60,30-40,WI,Purchase,Primary Residence,Townhouse,Servicer_A,2021
LN100877,2023-03-01,262843.92,7.373,700-739,90-100,0-20,UT,Purchase,Primary Residence,Condominium,Servicer_A,2023
LN100878,2021-11-01,199523.82,2.838,700-739,0-60,30-40,NY,Refinance,Primary Residence,Single Family,Servicer_D,2021
LN100879,2022-05-01,656790.01,5.447,700-739,70-80,20-30,AL,Refinance,Investment,Townhouse,Servicer_A,2022
LN100880,2018-08-01,131907.98,4.678,700-739,80-90,20-30,MT,Purchase,Primary Residence,Condominium,Servicer_B,2018
LN100881,2023-12-01,183367.3,6.75,740-779,90-100,0-20,VT,Refinance,Primary Residence,Condominium,Servicer_E,2023
LN100882,2021-02-01,151984.87,3.059,700-739,80-90,30-40,AK,Purchase,Primary Residence,Single Family,Servicer_D,2021
LN100883,2019-02-01,183347.56,3.185,740-779,70-80,40-50,SC,Purchase,Primary Residence,Single Family,Servicer_C,2019
LN100884,2023-09-01,440864.73,7.463,700-739,90-100,20-30,TN,Purchase,Second Home,Single Family,Servicer_C,2023
LN100885,2023-02-01,563618.95,6.239,700-739,0-60,0-20,AR,Purchase,Investment,Single Family,Servicer_A,2023
LN100886,2018-05-01,170038.52,5.475,620-659,90-100,20-30,ID,Purchase,Primary Residence,Condominium,Servicer_B,2018
LN100887,2019-05-01,167973.59,4.584,660-699,80-90,0-20,OR,Purchase,Primary Residence,Multi Unit,Servicer_A,2019
LN100888,2018-02-01,132295.78,4.692,780+,90-100,30-40,VA,Refinance,Primary Residence,Townhouse,Servicer_A,2018
LN100889,2019-11-01,512816.4,3.308,700-739,60-70,0-20,RI,Refinance,Second Home,Single Family,Servicer_A,2019
LN100890,2018-09-01,463132.57,4.562,660-699,0-60,40-50,NE,Purchase,Primary Residence,Multi Unit,Servicer_C,2018
LN100891,2022-12-01,235844.08,5.228,740-779,70-80,20-30,NM,Purchase,Primary Residence,Single Family,Servicer_A,2022
LN100892,2021-08-01,116001.88,2.976,700-739,70-80,20-30,NE,Purchase,Primary Residence,Single Family,Servicer_A,2021
LN100893,2024-11-01,121850.7,8.443,580-619,70-80,30-40,NH,Purchase,Primary Residence,Condominium,Servicer_D,2024
LN100894,2023-03-01,274597.7,7.213,660-699,90-100,0-20,RI,Purchase,Investment,Townhouse,Servicer_A,2023
LN100895,2022-04-01,338186.25,4.975,660-699,70-80,30-40,AZ,Refinance,Primary Residence,Multi Unit,Servicer_C,2022
LN100896,2021-07-01,80244.74,2.853,740-779,60-70,0-20,HI,Purchase,Primary Residence,Townhouse,Servicer_B,2021
LN100897,2018-05-01,209503.5,4.629,660-699,70-80,30-40,AZ,Purchase,Primary Residence,Single Family,Servicer_C,2018
LN100898,2018-06-01,608820.61,4.412,620-659,0-60,20-30,SC,Refinance,Investment,Single Family,Servicer_A,2018
LN100899,2022-04-01,221812.15,5.792,620-659,60-70,0-20,OR,Purchase,Primary Residence,Single Family,Servicer_A,2022
LN100900,2018-01-01,567228.3,4.709,700-739,0-60,30-40,AZ,Purchase,Second Home,Condominium,Servicer_D,2018
LN100901,2018-04-01,357250.17,5.561,580-619,80-90,0-20,CO,Refinance,Second Home,Single Family,Servicer_B,2018
LN100902,2019-07-01,137704.09,4.341,780+,80-90,0-20,IN,Refinance,Second Home,Single Family,Servicer_A,2019
LN100903,2024-03-01,212829.57,6.839,660-699,70-80,30-40,IL,Purchase,Primary Residence,Single Family,Servicer_B,2024
LN100904,2021-03-01,232916.28,2.636,740-779,60-70,20-30,MT,Purchase,Primary Residence,Single Family,Servicer_B,2021
LN100905,2022-12-01,148054.37,4.974,700-739,70-80,30-40,MO,Purchase,Second Home,Condominium,Servicer_A,2022
LN100906,2020-11-01,146647.76,3.322,700-739,80-90,30-40,LA,Purchase,Investment,Single Family,Servicer_C,2020
LN100907,2019-03-01,572597.85,4.7,620-659,80-90,30-40,FL,Purchase,Primary Residence,Single Family,Servicer_C,2019
LN100908,2020-08-01,146044.68,2.413,740-779,70-80,20-30,NC,Purchase,Primary Residence,Condominium,Servicer_C,2020
LN100909,2018-08-01,452415.39,5.088,780+,80-90,0-20,SC,Purchase,Primary Residence,Condominium,Servicer_D,2018
LN100910,2023-05-01,196643.9,7.861,580-619,70-80,40-50,NC,Refinance,Primary Residence,Single Family,Servicer_B,2023
LN100911,2019-04-01,246499.33,4.042,660-699,70-80,0-20,SD,Purchase,Second Home,Single Family,Servicer_E,2019
LN100912,2020-08-01,340520.51,3.101,780+,80-90,20-30,VA,Refinance,Primary Residence,Multi Unit,Servicer_B,2020
LN100913,2024-11-01,179873.47,7.384,700-739,70-80,20-30,TX,Purchase,Primary Residence,Condominium,Servicer_B,2024
LN100914,2022-02-01,341657.33,5.928,660-699,70-80,20-30,NC,Refinance,Primary Residence,Single Family,Servicer_C,2022
LN100915,2021-03-01,81119.6,2.75,660-699,60-70,20-30,AZ,Purchase,Second Home,Single Family,Servicer_C,2021
LN100916,2021-10-01,318397.3,2.774,740-779,70-80,30-40,KY,Purchase,Primary Residence,Condominium,Servicer_A,2021
LN100917,2023-06-01,75000.0,5.996,740-779,70-80,30-40,MI,Refinance,Primary Residence,Single Family,Servicer_E,2023
LN100918,2019-10-01,220675.92,3.961,740-779,70-80,30-40,OK,Refinance,Primary Residence,Single Family,Servicer_E,2019
LN100919,2022-06-01,399932.01,4.349,780+,70-80,20-30,TX,Purchase,Second Home,Multi Unit,Servicer_B,2022
LN100920,2024-02-01,352032.44,6.499,700-739,60-70,20-30,NC,Purchase,Primary Residence,Single Family,Servicer_C,2024
LN100921,2022-01-01,122404.99,5.789,660-699,80-90,0-20,ME,Purchase,Primary Residence,Single Family,Servicer_D,2022
LN100922,2021-02-01,131386.78,2.994,700-739,60-70,30-40,SC,Purchase,Primary Residence,Townhouse,Servicer_E,2021
LN100923,2019-01-01,171175.83,4.262,700-739,90-100,20-30,OH,Purchase,Investment,Single Family,Servicer_C,2019
LN100924,2019-09-01,276961.81,4.546,660-699,60-70,20-30,SC,Refinance,Primary Residence,Condominium,Servicer_A,2019
LN100925,2024-08-01,81768.96,7.657,620-659,70-80,0-20,NJ,Purchase,Primary Residence,Single Family,Servicer_C,2024
LN100926,2021-10-01,248188.35,3.153,700-739,70-80,30-40,NC,Purchase,Primary Residence,Single Family,Servicer_A,2021
LN100927,2020-02-01,296707.58,2.691,740-779,80-90,30-40,LA,Purchase,Primary Residence,Single Family,Servicer_C,2020
LN100928,2020-12-01,213960.3,4.62,580-619,0-60,30-40,MD,Refinance,Second Home,Multi Unit,Servicer_C,2020
LN100929,2022-01-01,333748.41,5.499,700-739,90-100,0-20,IN,Purchase,Second Home,Condominium,Servicer_C,2022
LN100930,2021-10-01,282734.76,3.231,740-779,70-80,40-50,IL,Purchase,Primary Residence,Townhouse,Servicer_A,2021
LN100931,2022-11-01,185592.07,5.697,740-779,70-80,0-20,NC,Purchase,Investment,Single Family,Servicer_B,2022
LN100932,2019-10-01,86190.22,3.844,740-779,70-80,20-30,MD,Refinance,Primary Residence,Condominium,Servicer_C,2019
LN100933,2022-07-01,269034.09,5.2,740-779,0-60,0-20,CT,Purchase,Second Home,Single Family,Servicer_B,2022
LN100934,2021-02-01,148008.46,2.0,740-779,70-80,20-30,AK,Purchase,Primary Residence,Condominium,Servicer_A,2021
LN100935,2024-08-01,181884.61,7.281,620-659,60-70,20-30,UT,Purchase,Primary Residence,Single Family,Servicer_A,2024
LN100936,2019-02-01,325375.28,4.171,700-739,60-70,0-20,MI,Refinance,Second Home,Condominium,Servicer_D,2019
LN100937,2019-01-01,545113.64,3.967,740-779,70-80,20-30,NH,Purchase,Investment,Single Family,Servicer_B,2019
LN100938,2021-03-01,244821.13,2.844,660-699,70-80,30-40,VA,Purchase,Primary Residence,Single Family,Servicer_C,2021
LN100939,2021-07-01,339066.61,3.272,620-659,0-60,30-40,CO,Purchase,Primary Residence,Townhouse,Servicer_B,2021
LN100940,2022-11-01,112955.88,4.629,660-699,0-60,30-40,WA,Purchase,Second Home,Single Family,Servicer_D,2022
LN100941,2020-10-01,286145.06,3.134,700-739,60-70,20-30,OK,Purchase,Primary Residence,Single Family,Servicer_B,2020
LN100942,2024-05-01,241897.15,6.175,700-739,60-70,0-20,NC,Purchase,Primary Residence,Townhouse,Servicer_A,2024
LN100943,2021-04-01,491536.44,3.549,660-699,70-80,30-40,MI,Purchase,Primary Residence,Single Family,Servicer_A,2021
LN100944,2018-11-01,185714.17,4.445,740-779,0-60,0-20,OK,Purchase,Primary Residence,Condominium,Servicer_A,2018
LN100945,2018-11-01,218888.01,4.098,780+,80-90,20-30,HI,Purchase,Primary Residence,Townhouse,Servicer_D,2018
LN100946,2024-10-01,447559.22,7.146,660-699,60-70,0-20,KS,Purchase,Investment,Condominium,Servicer_C,2024
LN100947,2018-12-01,237660.3,3.775,780+,0-60,30-40,WI,Purchase,Primary Residence,Single Family,Servicer_D,2018
LN100948,2024-08-01,135856.36,8.313,580-619,80-90,20-30,IN,Purchase,Primary Residence,Single Family,Servicer_C,2024
LN100949,2019-12-01,1017251.05,2.996,780+,60-70,30-40,OK,Purchase,Primary Residence,Single Family,Servicer_D,2019
LN100950,2018-08-01,138135.47,4.227,780+,70-80,20-30,WA,Purchase,Second Home,Single Family,Servicer_E,2018
LN100951,2020-02-01,241260.16,4.218,580-619,90-100,20-30,NJ,Refinance,Primary Residence,Condominium,Servicer_C,2020
LN100952,2022-04-01,302517.58,4.941,740-779,90-100,20-30,IA,Refinance,Second Home,Multi Unit,Servicer_A,2022
LN100953,2020-12-01,289643.41,2.773,780+,80-90,0-20,TX,Purchase,Primary Residence,Single Family,Servicer_A,2020
LN100954,2023-06-01,225225.45,6.047,780+,0-60,20-30,TN,Purchase,Primary Residence,Single Family,Servicer_C,2023
LN100955,2022-04-01,225843.6,4.922,780+,70-80,30-40,NV,Refinance,Second Home,Condominium,Servicer_D,2022
LN100956,2020-10-01,219696.8,3.315,700-739,90-100,20-30,CO,Refinance,Primary Residence,Single Family,Servicer_C,2020
LN100957,2022-06-01,135327.44,6.906,620-659,90-100,0-20,MN,Purchase,Second Home,Townhouse,Servicer_B,2022
LN100958,2024-10-01,815728.42,6.188,780+,0-60,30-40,MI,Purchase,Primary Residence,Single Family,Servicer_C,2024
LN100959,2020-11-01,221509.6,2.93,740-779,70-80,20-30,GA,Refinance,Primary Residence,Single Family,Servicer_B,2020
LN100960,2019-01-01,347155.55,3.649,740-779,60-70,0-20,MA,Refinance,Primary Residence,Condominium,Servicer_B,2019
LN100961,2020-11-01,207971.67,3.211,700-739,0-60,0-20,DE,Refinance,Investment,Multi Unit,Servicer_D,2020
LN100962,2023-11-01,205683.98,7.183,700-739,80-90,20-30,OH,Purchase,Primary Residence,Single Family,Servicer_C,2023
LN100963,2019-07-01,194604.03,4.223,660-699,60-70,20-30,MI,Purchase,Primary Residence,Townhouse,Servicer_B,2019
LN100964,2024-08-01,106595.97,6.711,740-779,60-70,30-40,OR,Refinance,Primary Residence,Single Family,Servicer_B,2024
LN100965,2022-02-01,228862.02,5.193,620-659,0-60,0-20,MN,Purchase,Investment,Single Family,Servicer_C,2022
LN100966,2022-03-01,199857.92,4.554,740-779,70-80,30-40,OK,Purchase,Second Home,Single Family,Servicer_B,2022
LN100967,2020-03-01,476181.65,2.387,780+,0-60,20-30,OR,Refinance,Second Home,Single Family,Servicer_A,2020
LN100968,2024-06-01,129447.56,6.781,700-739,70-80,30-40,FL,Purchase,Primary Residence,Condominium,Servicer_C,2024
LN100969,2018-04-01,182004.24,4.514,700-739,0-60,30-40,MN,Purchase,Primary Residence,Single Family,Servicer_C,2018
LN100970,2020-02-01,152523.5,3.766,660-699,90-100,20-30,PA,Purchase,Second Home,Single Family,Servicer_A,2020
LN100971,2020-12-01,552720.6,2.585,780+,0-60,0-20,NJ,Purchase,Second Home,Single Family,Servicer_C,2020
LN100972,2021-05-01,154978.48,2.336,740-779,70-80,20-30,ID,Purchase,Second Home,Townhouse,Servicer_C,2021
LN100973,2021-04-01,340605.81,2.857,700-739,60-70,40-50,TN,Purchase,Second Home,Townhouse,Servicer_B,2021
LN100974,2019-01-01,426260.1,3.588,660-699,0-60,40-50,GA,Purchase,Second Home,Single Family,Servicer_B,2019
LN100975,2019-07-01,230694.27,4.206,660-699,60-70,0-20,WY,Purchase,Primary Residence,Single Family,Servicer_B,2019
LN100976,2018-09-01,117239.03,3.777,700-739,0-60,30-40,OK,Purchase,Primary Residence,Multi Unit,Servicer_B,2018
LN100977,2022-01-01,118058.03,4.744,780+,0-60,20-30,KY,Refinance,Investment,Single Family,Servicer_D,2022
LN100978,2020-06-01,401148.29,2.419,740-779,70-80,0-20,GA,Purchase,Primary Residence,Townhouse,Servicer_B,2020
LN100979,2021-12-01,124977.56,3.095,660-699,70-80,30-40,VA,Refinance,Primary Residence,Single Family,Servicer_E,2021
LN100980,2022-02-01,310156.05,4.908,780+,0-60,20-30,NE,Purchase,Primary Residence,Townhouse,Servicer_B,2022
LN100981,2022-11-01,266227.96,5.408,700-739,70-80,20-30,SD,Purchase,Primary Residence,Single Family,Servicer_C,2022
LN100982,2021-10-01,307625.7,2.0,780+,70-80,30-40,TN,Refinance,Second Home,Single Family,Servicer_C,2021
LN100983,2022-07-01,324028.85,5.288,660-699,60-70,20-30,AR,Refinance,Second Home,Single Family,Servicer_D,2022
LN100984,2022-02-01,149596.55,4.54,740-779,60-70,30-40,OH,Purchase,Primary Residence,Single Family,Servicer_E,2022
LN100985,2022-07-01,146191.94,4.132,780+,0-60,20-30,KY,Purchase,Primary Residence,Single Family,Servicer_B,2022
LN100986,2022-04-01,370432.35,5.525,660-699,60-70,0-20,VA,Purchase,Primary Residence,Multi Unit,Servicer_B,2022
LN100987,2020-03-01,176853.44,3.028,740-779,70-80,20-30,HI,Purchase,Investment,Single Family,Servicer_E,2020
LN100988,2019-09-01,75000.0,3.972,780+,90-100,40-50,AK,Purchase,Primary Residence,Single Family,Servicer_E,2019
LN100989,2023-07-01,357193.03,7.641,660-699,90-100,20-30,ND,Purchase,Primary Residence,Single Family,Servicer_E,2023
LN100990,2020-05-01,141389.32,4.106,620-659,90-100,0-20,NV,Purchase,Primary Residence,Single Family,Servicer_A,2020
LN100991,2021-11-01,323236.95,2.628,740-779,70-80,30-40,NV,Refinance,Primary Residence,Single Family,Servicer_A,2021
LN100992,2019-05-01,537814.09,3.418,700-739,0-60,40-50,IN,Purchase,Primary Residence,Single Family,Servicer_B,2019
LN100993,2021-01-01,252315.5,3.328,620-659,60-70,40-50,MO,Refinance,Primary Residence,Townhouse,Servicer_D,2021
LN100994,2021-09-01,432305.33,2.464,700-739,60-70,20-30,WI,Refinance,Primary Residence,Townhouse,Servicer_A,2021
LN100995,2022-05-01,272067.35,4.636,740-779,0-60,20-30,RI,Refinance,Primary Residence,Single Family,Servicer_B,2022
LN100996,2021-09-01,598572.14,3.037,660-699,0-60,20-30,WY,Purchase,Primary Residence,Townhouse,Servicer_C,2021
LN100997,2020-07-01,139393.66,3.075,700-739,70-80,30-40,KY,Purchase,Primary Residence,Single Family,Servicer_A,2020
LN100998,2024-09-01,248872.99,7.159,780+,60-70,30-40,UT,Purchase,Primary Residence,Single Family,Servicer_D,2024
LN100999,2021-08-01,362020.12,2.456,700-739,60-70,30-40,MD,Purchase,Primary Residence,Multi Unit,Servicer_A,2021
LN101000,2023-08-01,225142.71,6.472,780+,80-90,20-30,WA,Purchase,Primary Residence,Townhouse,Servicer_D,2023
LN101001,2023-02-01,471152.29,6.283,700-739,60-70,0-20,UT,Refinance,Second Home,Single Family,Servicer_B,2023
LN101002,2021-11-01,197125.22,2.544,780+,80-90,20-30,FL,Purchase,Primary Residence,Single Family,Servicer_C,2021
LN101003,2024-03-01,780250.52,6.386,740-779,60-70,0-20,WI,Purchase,Primary Residence,Single Family,Servicer_C,2024
LN101004,2018-11-01,803252.85,5.393,620-659,70-80,0-20,NM,Refinance,Primary Residence,Single Family,Servicer_B,2018
LN101005,2024-06-01,291955.24,6.105,780+,60-70,20-30,RI,Refinance,Primary Residence,Condominium,Servicer_B,2024
LN101006,2023-12-01,338793.77,6.753,700-739,70-80,30-40,NH,Purchase,Primary Residence,Single Family,Servicer_D,2023
LN101007,2021-07-01,481487.47,2.881,660-699,0-60,30-40,HI,Refinance,Primary Residence,Townhouse,Servicer_C,2021
LN101008,2023-02-01,130125.89,6.44,660-699,0-60,30-40,WY,Purchase,Primary Residence,Condominium,Servicer_A,2023
LN101009,2021-08-01,121493.52,2.514,740-779,70-80,30-40,CO,Refinance,Second Home,Single Family,Servicer_C,2021
LN101010,2019-11-01,498942.73,4.325,620-659,60-70,30-40,SD,Purchase,Primary Residence,Townhouse,Servicer_A,2019
LN101011,2023-08-01,290660.11,6.882,660-699,0-60,30-40,HI,Purchase,Investment,Condominium,Servicer_B,2023
LN101012,2019-09-01,220717.37,5.108,620-659,90-100,0-20,SC,Purchase,Primary Residence,Single Family,Servicer_B,2019
LN101013,2020-03-01,251534.14,2.84,700-739,0-60,30-40,MI,Purchase,Primary Residence,Single Family,Servicer_B,2020
LN101014,2021-08-01,75000.0,2.884,700-739,70-80,0-20,ID,Refinance,Second Home,Townhouse,Servicer_A,2021
LN101015,2023-11-01,225124.06,6.294,700-739,70-80,0-20,ID,Purchase,Primary Residence,Multi Unit,Servicer_A,2023
LN101016,2020-09-01,165221.2,3.422,660-699,60-70,0-20,KS,Purchase,Primary Residence,Single Family,Servicer_A,2020
LN101017,2021-06-01,414221.28,3.951,580-619,70-80,30-40,VA,Purchase,Primary Residence,Condominium,Servicer_B,2021
LN101018,2018-04-01,432130.6,4.314,740-779,0-60,30-40,RI,Purchase,Primary Residence,Townhouse,Servicer_C,2018
LN101019,2018-10-01,343310.42,5.135,700-739,80-90,40-50,ND,Refinance,Primary Residence,Multi Unit,Servicer_C,2018
LN101020,2018-05-01,310742.06,4.134,740-779,60-70,40-50,NY,Purchase,Primary Residence,Single Family,Servicer_A,2018
LN101021,2018-07-01,109718.74,4.733,620-659,60-70,30-40,MA,Refinance,Primary Residence,Single Family,Servicer_A,2018
LN101022,2024-01-01,345957.04,7.935,580-619,60-70,0-20,VA,Refinance,Primary Residence,Townhouse,Servicer_C,2024
LN101023,2023-11-01,353410.33,7.565,660-699,90-100,30-40,IN,Purchase,Primary Residence,Single Family,Servicer_C,2023
LN101024,2023-10-01,495871.53,6.915,700-739,80-90,30-40,WV,Refinance,Primary Residence,Single Family,Servicer_D,2023
LN101025,2018-05-01,801493.06,4.771,700-739,90-100,30-40,MD,Purchase,Second Home,Condominium,Servicer_A,2018
LN101026,2018-07-01,98548.87,4.459,740-779,70-80,0-20,LA,Purchase,Primary Residence,Single Family,Servicer_A,2018
LN101027,2019-12-01,201905.28,4.089,700-739,70-80,0-20,MS,Purchase,Primary Residence,Condominium,Servicer_B,2019
LN101028,2021-12-01,166203.72,2.856,700-739,70-80,40-50,PA,Purchase,Investment,Single Family,Servicer_C,2021
LN101029,2020-05-01,274881.44,2.764,740-779,90-100,0-20,OK,Purchase,Investment,Townhouse,Servicer_B,2020
LN101030,2021-05-01,251849.56,4.297,580-619,70-80,20-30,RI,Purchase,Primary Residence,Single Family,Servicer_A,2021
LN101031,2019-03-01,219799.5,3.61,700-739,60-70,20-30,CA,Refinance,Primary Residence,Townhouse,Servicer_A,2019
LN101032,2023-02-01,439942.18,6.874,700-739,70-80,0-20,FL,Purchase,Primary Residence,Single Family,Servicer_C,2023
LN101033,2020-03-01,136412.46,3.155,700-739,70-80,0-20,TX,Refinance,Investment,Single Family,Servicer_B,2020
LN101034,2018-06-01,141011.88,4.373,620-659,0-60,40-50,WY,Purchase,Primary Residence,Multi Unit,Servicer_C,2018
LN101035,2023-03-01,142328.39,6.584,740-779,70-80,30-40,CT,Purchase,Primary Residence,Townhouse,Servicer_B,2023
LN101036,2024-04-01,205055.51,6.394,780+,60-70,40-50,VA,Purchase,Primary Residence,Single Family,Servicer_B,2024
LN101037,2018-02-01,127196.9,6.131,580-619,80-90,20-30,IN,Purchase,Primary Residence,Single Family,Servicer_A,2018
LN101038,2021-01-01,243409.84,2.645,740-779,60-70,0-20,WI,Purchase,Primary Residence,Condominium,Servicer_E,2021
LN101039,2023-10-01,228249.95,6.167,740-779,80-90,20-30,WY,Refinance,Second Home,Multi Unit,Servicer_A,2023
LN101040,2022-12-01,162207.7,5.973,660-699,70-80,20-30,NY,Refinance,Primary Residence,Single Family,Servicer_A,2022
LN101041,2023-12-01,404249.54,6.883,740-779,80-90,0-20,GA,Purchase,Primary Residence,Multi Unit,Servicer_D,2023
LN101042,2020-11-01,241951.1,2.299,740-779,0-60,30-40,SC,Purchase,Second Home,Single Family,Servicer_A,2020
LN101043,2020-08-01,448503.72,2.774,780+,90-100,40-50,CO,Purchase,Primary Residence,Condominium,Servicer_B,2020
LN101044,2022-12-01,224569.11,4.909,780+,70-80,20-30,KY,Purchase,Primary Residence,Single Family,Servicer_A,2022
LN101045,2019-01-01,246695.24,4.644,620-659,60-70,20-30,NY,Purchase,Primary Residence,Single Family,Servicer_C,2019
LN101046,2019-09-01,183447.88,3.694,700-739,60-70,20-30,AR,Purchase,Second Home,Multi Unit,Servicer_B,2019
LN101047,2022-03-01,249032.98,5.488,700-739,60-70,0-20,MD,Refinance,Primary Residence,Single Family,Servicer_D,2022
LN101048,2022-09-01,369883.52,4.952,660-699,60-70,20-30,SC,Purchase,Second Home,Multi Unit,Servicer_D,2022
LN101049,2018-11-01,199382.9,4.427,700-739,80-90,20-30,CA,Purchase,Primary Residence,Single Family,Servicer_C,2018
LN101050,2021-07-01,332482.59,2.241,780+,90-100,20-30,ME,Purchase,Primary Residence,Single Family,Servicer_A,2021
LN101051,2020-07-01,159884.25,4.041,580-619,70-80,20-30,AL,Refinance,Primary Residence,Townhouse,Servicer_D,2020
LN101052,2021-07-01,379531.93,3.412,700-739,70-80,30-40,NC,Purchase,Primary Residence,Condominium,Servicer_D,2021
LN101053,2024-09-01,181728.3,6.957,780+,70-80,0-20,AR,Purchase,Primary Residence,Single Family,Servicer_D,2024
LN101054,2018-07-01,399368.62,4.81,700-739,80-90,0-20,IA,Purchase,Primary Residence,Condominium,Servicer_A,2018
LN101055,2024-12-01,258526.45,6.848,700-739,80-90,0-20,NE,Refinance,Primary Residence,Single Family,Servicer_C,2024
LN101056,2021-02-01,577082.64,2.294,780+,60-70,0-20,HI,Refinance,Primary Residence,Townhouse,Servicer_C,2021
LN101057,2023-05-01,132518.69,7.352,700-739,90-100,20-30,ID,Purchase,Investment,Single Family,Servicer_E,2023
LN101058,2020-12-01,111003.72,3.241,620-659,70-80,30-40,TN,Purchase,Primary Residence,Single Family,Servicer_A,2020
LN101059,2020-03-01,178134.95,3.738,620-659,80-90,30-40,RI,Refinance,Primary Residence,Single Family,Servicer_D,2020
LN101060,2023-05-01,116737.16,7.14,780+,90-100,30-40,CA,Purchase,Primary Residence,Condominium,Servicer_C,2023
LN101061,2022-10-01,116857.67,5.476,660-699,80-90,20-30,TX,Purchase,Primary Residence,Multi Unit,Servicer_D,2022
LN101062,2019-01-01,351888.31,3.515,700-739,0-60,0-20,MS,Refinance,Investment,Townhouse,Servicer_C,2019
LN101063,2022-12-01,249426.08,5.944,620-659,70-80,20-30,DE,Purchase,Investment,Single Family,Servicer_D,2022
LN101064,2023-04-01,192027.08,6.695,700-739,0-60,20-30,VA,Purchase,Primary Residence,Single Family,Servicer_B,2023
LN101065,2020-09-01,202073.5,2.622,780+,80-90,30-40,KY,Purchase,Investment,Single Family,Servicer_A,2020
LN101066,2024-06-01,180004.2,6.763,700-739,60-70,20-30,KY,Refinance,Primary Residence,Townhouse,Servicer_B,2024
LN101067,2022-06-01,619655.67,5.222,780+,80-90,0-20,DE,Refinance,Investment,Single Family,Servicer_D,2022
LN101068,2020-05-01,166822.9,4.348,660-699,90-100,20-30,VT,Purchase,Second Home,Condominium,Servicer_A,2020
LN101069,2018-01-01,120818.24,4.402,700-739,60-70,0-20,IA,Purchase,Primary Residence,Single Family,Servicer_C,2018
LN101070,2022-09-01,387334.54,4.828,780+,70-80,40-50,NJ,Refinance,Primary Residence,Multi Unit,Servicer_E,2022
LN101071,2019-06-01,222026.18,4.398,700-739,70-80,0-20,ID,Refinance,Second Home,Single Family,Servicer_E,2019
LN101072,2023-04-01,767229.86,6.895,660-699,70-80,0-20,VT,Purchase,Primary Residence,Single Family,Servicer_C,2023
LN101073,2021-09-01,187175.71,2.0,780+,0-60,0-20,SC,Purchase,Primary Residence,Townhouse,Servicer_D,2021
LN101074,2021-04-01,398119.5,2.835,700-739,0-60,30-40,MT,Refinance,Primary Residence,Multi Unit,Servicer_A,2021
LN101075,2019-02-01,453352.26,4.263,700-739,70-80,20-30,LA,Purchase,Primary Residence,Condominium,Servicer_B,2019
LN101076,2022-12-01,187677.72,4.948,780+,70-80,30-40,NC,Purchase,Primary Residence,Townhouse,Servicer_C,2022
LN101077,2019-02-01,166143.94,4.161,660-699,70-80,20-30,MO,Purchase,Primary Residence,Condominium,Servicer_D,2019
LN101078,2020-12-01,375858.41,2.725,660-699,0-60,0-20,WV,Refinance,Primary Residence,Single Family,Servicer_B,2020
LN101079,2023-11-01,342972.91,7.992,580-619,70-80,30-40,ND,Purchase,Primary Residence,Single Family,Servicer_A,2023
LN101080,2024-06-01,115079.75,7.11,700-739,60-70,0-20,AK,Purchase,Primary Residence,Condominium,Servicer_C,2024
LN101081,2024-12-01,134400.12,6.62,660-699,60-70,0-20,TN,Purchase,Primary Residence,Condominium,Servicer_B,2024
LN101082,2024-09-01,75000.0,6.717,740-779,80-90,20-30,GA,Purchase,Primary Residence,Single Family,Servicer_D,2024
LN101083,2021-11-01,346860.85,2.994,660-699,60-70,0-20,KS,Purchase,Primary Residence,Single Family,Servicer_B,2021
LN101084,2019-05-01,216470.86,3.481,740-779,70-80,0-20,MI,Purchase,Primary Residence,Condominium,Servicer_D,2019
LN101085,2023-11-01,228669.6,7.534,660-699,90-100,30-40,HI,Purchase,Primary Residence,Single Family,Servicer_B,2023
LN101086,2023-08-01,98609.41,6.943,700-739,70-80,20-30,WV,Refinance,Primary Residence,Condominium,Servicer_D,2023
LN101087,2024-12-01,136661.17,6.97,700-739,70-80,0-20,WI,Purchase,Primary Residence,Condominium,Servicer_D,2024
LN101088,2022-07-01,192209.04,4.597,740-779,0-60,20-30,DE,Refinance,Primary Residence,Single Family,Servicer_A,2022
LN101089,2018-12-01,172721.74,3.846,700-739,0-60,30-40,KY,Purchase,Second Home,Single Family,Servicer_B,2018
LN101090,2021-07-01,266739.03,2.839,700-739,0-60,0-20,ME,Purchase,Primary Residence,Single Family,Servicer_E,2021
LN101091,2021-02-01,344594.51,2.508,780+,80-90,0-20,ND,Purchase,Investment,Single Family,Servicer_A,2021
LN101092,2023-11-01,871092.2,7.561,700-739,80-90,30-40,NJ,Purchase,Primary Residence,Condominium,Servicer_C,2023
LN101093,2020-09-01,247262.75,3.825,660-699,60-70,30-40,ND,Purchase,Primary Residence,Condominium,Servicer_A,2020
LN101094,2020-04-01,461707.87,3.107,780+,60-70,40-50,AK,Purchase,Primary Residence,Townhouse,Servicer_D,2020
LN101095,2018-07-01,158376.62,4.158,700-739,60-70,20-30,MT,Refinance,Primary Residence,Single Family,Servicer_A,2018
LN101096,2023-11-01,99508.24,8.181,580-619,70-80,0-20,HI,Purchase,Primary Residence,Condominium,Servicer_C,2023
LN101097,2023-04-01,205962.69,7.071,700-739,70-80,20-30,ID,Refinance,Second Home,Single Family,Servicer_C,2023
LN101098,2018-04-01,103825.75,5.568,620-659,80-90,30-40,RI,Purchase,Second Home,Townhouse,Servicer_A,2018
LN101099,2021-01-01,252025.72,3.504,660-699,90-100,0-20,DE,Purchase,Primary Residence,Single Family,Servicer_B,2021
LN101100,2021-05-01,162749.33,2.994,740-779,60-70,20-30,AK,Purchase,Investment,Single Family,Servicer_D,2021
LN101101,2021-04-01,85337.3,3.56,620-659,70-80,0-20,MO,Purchase,Primary Residence,Single Family,Servicer_C,2021
LN101102,2024-06-01,649546.71,6.628,740-779,70-80,30-40,OR,Purchase,Primary Residence,Single Family,Servicer_E,2024
LN101103,2019-01-01,186010.29,2.879,780+,60-70,30-40,MT,Purchase,Second Home,Multi Unit,Servicer_D,2019
LN101104,2020-02-01,101572.24,3.453,740-779,90-100,20-30,FL,Purchase,Primary Residence,Single Family,Servicer_C,2020
LN101105,2019-04-01,409712.38,3.412,740-779,0-60,40-50,RI,Refinance,Primary Residence,Single Family,Servicer_C,2019
LN101106,2019-09-01,167456.4,4.029,740-779,80-90,40-50,MD,Purchase,Primary Residence,Condominium,Servicer_E,2019
LN101107,2024-05-01,455343.57,6.611,780+,80-90,0-20,OK,Refinance,Primary Residence,Single Family,Servicer_C,2024
LN101108,2024-08-01,167016.74,7.294,700-739,90-100,20-30,HI,Purchase,Primary Residence,Single Family,Servicer_B,2024
LN101109,2018-04-01,185669.31,4.776,660-699,70-80,30-40,VA,Purchase,Primary Residence,Single Family,Servicer_D,2018
LN101110,2022-06-01,302208.86,5.476,700-739,60-70,0-20,IA,Purchase,Primary Residence,Single Family,Servicer_E,2022
LN101111,2019-08-01,346447.6,4.08,700-739,80-90,20-30,WI,Purchase,Primary Residence,Townhouse,Servicer_B,2019
LN101112,2019-05-01,381506.15,3.953,660-699,80-90,20-30,ME,Refinance,Investment,Single Family,Servicer_A,2019
LN101113,2020-01-01,237960.17,3.031,740-779,70-80,40-50,OR,Refinance,Primary Residence,Single Family,Servicer_C,2020
LN101114,2019-05-01,334353.93,5.097,580-619,80-90,20-30,MT,Purchase,Primary Residence,Single Family,Servicer_D,2019
LN101115,2021-06-01,376740.51,2.0,780+,60-70,30-40,AR,Purchase,Primary Residence,Townhouse,Servicer_B,2021
LN101116,2024-12-01,279156.89,6.783,660-699,70-80,20-30,CA,Refinance,Primary Residence,Townhouse,Servicer_D,2024
LN101117,2022-02-01,231134.31,6.825,580-619,80-90,0-20,MA,Purchase,Primary Residence,Single Family,Servicer_C,2022
LN101118,2023-01-01,112905.22,7.281,620-659,60-70,30-40,GA,Purchase,Primary Residence,Condominium,Servicer_B,2023
LN101119,2021-06-01,347584.12,2.57,660-699,70-80,0-20,NM,Purchase,Second Home,Single Family,Servicer_C,2021
LN101120,2018-02-01,255866.66,5.075,660-699,90-100,0-20,CT,Purchase,Primary Residence,Single Family,Servicer_B,2018
LN101121,2018-08-01,199132.85,6.291,580-619,80-90,20-30,NJ,Purchase,Primary Residence,Townhouse,Servicer_D,2018
LN101122,2019-11-01,504835.39,4.255,660-699,80-90,30-40,HI,Purchase,Primary Residence,Townhouse,Servicer_A,2019
LN101123,2019-09-01,113994.75,4.14,660-699,70-80,20-30,GA,Refinance,Second Home,Single Family,Servicer_D,2019
LN101124,2023-11-01,617501.13,7.523,700-739,90-100,0-20,ME,Purchase,Primary Residence,Townhouse,Servicer_B,2023
LN101125,2023-11-01,246956.11,6.849,700-739,0-60,20-30,NJ,Refinance,Primary Residence,Condominium,Servicer_E,2023
LN101126,2023-12-01,297702.87,7.117,700-739,70-80,0-20,MD,Refinance,Primary Residence,Condominium,Servicer_D,2023
LN101127,2022-06-01,201177.31,4.508,700-739,70-80,0-20,LA,Purchase,Primary Residence,Townhouse,Servicer_A,2022
LN101128,2021-11-01,99940.08,4.28,620-659,80-90,20-30,LA,Purchase,Primary Residence,Single Family,Servicer_E,2021
LN101129,2022-07-01,231522.13,7.131,580-619,90-100,0-20,KY,Purchase,Primary Residence,Multi Unit,Servicer_B,2022
LN101130,2020-11-01,300536.92,4.298,660-699,80-90,20-30,MA,Refinance,Primary Residence,Single Family,Servicer_C,2020
LN101131,2022-09-01,362630.68,4.855,740-779,70-80,30-40,TN,Purchase,Primary Residence,Single Family,Servicer_E,2022
LN101132,2023-07-01,224200.93,5.781,780+,70-80,30-40,NH,Refinance,Primary Residence,Single Family,Servicer_E,2023
LN101133,2023-05-01,75000.0,6.312,780+,70-80,20-30,MI,Purchase,Primary Residence,Townhouse,Servicer_C,2023
LN101134,2022-04-01,107076.89,5.257,700-739,70-80,20-30,PA,Purchase,Primary Residence,Single Family,Servicer_E,2022
LN101135,2018-05-01,772839.74,4.536,700-739,0-60,0-20,NE,Purchase,Primary Residence,Single Family,Servicer_B,2018
LN101136,2023-01-01,137080.2,7.382,660-699,70-80,40-50,WV,Purchase,Primary Residence,Condominium,Servicer_A,2023
LN101137,2020-07-01,548034.43,3.034,740-779,80-90,0-20,NH,Purchase,Primary Residence,Single Family,Servicer_A,2020
LN101138,2023-03-01,149562.33,6.688,740-779,80-90,0-20,HI,Purchase,Primary Residence,Single Family,Servicer_B,2023
LN101139,2021-10-01,226130.03,2.817,780+,80-90,20-30,NH,Purchase,Primary Residence,Single Family,Servicer_C,2021
LN101140,2024-03-01,352596.89,6.263,780+,70-80,0-20,RI,Purchase,Primary Residence,Condominium,Servicer_B,2024
LN101141,2020-05-01,159230.68,3.008,700-739,70-80,0-20,HI,Purchase,Primary Residence,Single Family,Servicer_C,2020
LN101142,2024-07-01,600149.77,6.701,740-779,0-60,0-20,HI,Purchase,Primary Residence,Single Family,Servicer_A,2024
LN101143,2023-11-01,260632.54,6.938,740-779,70-80,30-40,NJ,Purchase,Primary Residence,Single Family,Servicer_B,2023
LN101144,2020-04-01,322121.53,3.685,660-699,70-80,30-40,VT,Purchase,Primary Residence,Multi Unit,Servicer_D,2020
LN101145,2021-05-01,215783.82,2.31,780+,60-70,30-40,KY,Refinance,Primary Residence,Townhouse,Servicer_A,2021
LN101146,2021-09-01,359156.09,2.718,620-659,0-60,30-40,MT,Purchase,Primary Residence,Single Family,Servicer_C,2021
LN101147,2023-05-01,595735.59,6.466,780+,80-90,20-30,NC,Purchase,Investment,Townhouse,Servicer_D,2023
LN101148,2022-10-01,232584.51,4.863,740-779,70-80,40-50,ND,Purchase,Primary Residence,Townhouse,Servicer_C,2022
LN101149,2023-12-01,647295.53,7.371,620-659,70-80,30-40,DE,Purchase,Primary Residence,Condominium,Servicer_E,2023
LN101150,2020-08-01,178588.31,2.559,740-779,60-70,30-40,MD,Refinance,Primary Residence,Single Family,Servicer_E,2020
LN101151,2021-07-01,380586.6,4.154,580-619,70-80,30-40,WY,Purchase,Investment,Single Family,Servicer_A,2021
LN101152,2021-01-01,327168.0,2.398,740-779,70-80,20-30,VT,Purchase,Primary Residence,Condominium,Servicer_C,2021
LN101153,2024-05-01,138898.13,6.206,740-779,70-80,20-30,RI,Purchase,Primary Residence,Single Family,Servicer_A,2024
LN101154,2020-02-01,281197.21,3.227,740-779,70-80,20-30,AK,Purchase,Primary Residence,Single Family,Servicer_B,2020
LN101155,2022-02-01,251014.87,4.349,780+,0-60,0-20,MA,Purchase,Primary Residence,Single Family,Servicer_C,2022
LN101156,2018-11-01,156366.91,5.54,620-659,90-100,20-30,AZ,Purchase,Primary Residence,Single Family,Servicer_C,2018
LN101157,2023-12-01,304405.98,7.146,660-699,0-60,0-20,KS,Purchase,Second Home,Condominium,Servicer_D,2023
LN101158,2020-09-01,270946.17,3.384,700-739,70-80,0-20,UT,Refinance,Primary Residence,Single Family,Servicer_C,2020
LN101159,2020-05-01,240215.9,3.848,620-659,60-70,40-50,MD,Purchase,Investment,Condominium,Servicer_D,2020
LN101160,2022-01-01,240746.21,5.431,700-739,70-80,30-40,FL,Purchase,Investment,Townhouse,Servicer_C,2022
LN101161,2021-06-01,237924.95,3.327,660-699,60-70,20-30,OR,Refinance,Investment,Single Family,Servicer_A,2021
LN101162,2023-12-01,204225.78,7.422,700-739,80-90,20-30,PA,Refinance,Second Home,Single Family,Servicer_A,2023
LN101163,2021-09-01,269985.88,3.088,700-739,70-80,20-30,NC,Purchase,Primary Residence,Single Family,Servicer_C,2021
LN101164,2021-08-01,175441.93,2.0,780+,70-80,30-40,SD,Refinance,Primary Residence,Single Family,Servicer_C,2021
LN101165,2018-09-01,1077831.18,4.531,660-699,60-70,30-40,OK,Purchase,Primary Residence,Townhouse,Servicer_A,2018
LN101166,2018-02-01,115160.6,4.049,780+,0-60,30-40,NY,Refinance,Primary Residence,Condominium,Servicer_B,2018
LN101167,2020-10-01,181246.15,2.922,700-739,70-80,20-30,VT,Purchase,Primary Residence,Townhouse,Servicer_A,2020
LN101168,2024-12-01,189294.26,7.326,700-739,70-80,20-30,KY,Purchase,Second Home,Multi Unit,Servicer_C,2024
LN101169,2024-06-01,767955.89,6.821,700-739,70-80,30-40,MN,Purchase,Primary Residence,Single Family,Servicer_B,2024
LN101170,2022-05-01,120951.16,5.766,700-739,90-100,40-50,NH,Refinance,Primary Residence,Condominium,Servicer_A,2022
LN101171,2022-05-01,315992.41,6.127,660-699,80-90,20-30,ND,Purchase,Primary Residence,Single Family,Servicer_A,2022
LN101172,2020-09-01,286597.17,3.455,700-739,90-100,20-30,MS,Purchase,Primary Residence,Single Family,Servicer_B,2020
LN101173,2019-03-01,300348.12,4.143,660-699,60-70,20-30,MN,Refinance,Primary Residence,Single Family,Servicer_B,2019
LN101174,2018-01-01,493463.88,5.01,700-739,80-90,20-30,FL,Purchase,Primary Residence,Single Family,Servicer_E,2018
LN101175,2020-05-01,487927.62,2.668,700-739,70-80,40-50,NY,Refinance,Primary Residence,Condominium,Servicer_A,2020
LN101176,2020-03-01,195084.86,3.024,700-739,70-80,30-40,CT,Purchase,Primary Residence,Condominium,Servicer_B,2020
LN101177,2019-05-01,278152.78,4.339,740-779,90-100,20-30,MS,Purchase,Investment,Single Family,Servicer_C,2019
LN101178,2019-10-01,89676.15,4.21,660-699,70-80,20-30,MA,Purchase,Primary Residence,Single Family,Servicer_C,2019
LN101179,2018-03-01,264003.42,4.68,780+,80-90,20-30,RI,Purchase,Primary Residence,Single Family,Servicer_B,2018
LN101180,2022-04-01,161542.25,4.817,740-779,80-90,0-20,MS,Purchase,Primary Residence,Condominium,Servicer_A,2022
LN101181,2024-06-01,225642.21,5.633,780+,0-60,20-30,AL,Purchase,Primary Residence,Single Family,Servicer_E,2024
LN101182,2022-11-01,98939.29,5.521,740-779,80-90,30-40,MT,Purchase,Primary Residence,Single Family,Servicer_E,2022
LN101183,2021-02-01,312355.1,3.47,660-699,70-80,30-40,HI,Purchase,Primary Residence,Single Family,Servicer_B,2021
LN101184,2020-12-01,98331.86,3.452,700-739,90-100,0-20,MD,Purchase,Primary Residence,Condominium,Servicer_C,2020
LN101185,2020-02-01,271243.64,3.68,660-699,80-90,30-40,IA,Refinance,Primary Residence,Condominium,Servicer_A,2020
LN101186,2018-12-01,127342.82,4.314,740-779,0-60,30-40,FL,Purchase,Primary Residence,Single Family,Servicer_A,2018
LN101187,2022-03-01,156672.61,4.896,700-739,0-60,20-30,WV,Purchase,Primary Residence,Single Family,Servicer_A,2022
LN101188,2021-12-01,471803.97,2.798,660-699,0-60,30-40,IL,Refinance,Primary Residence,Single Family,Servicer_D,2021
LN101189,2018-01-01,345438.9,4.097,780+,70-80,30-40,MT,Purchase,Primary Residence,Condominium,Servicer_A,2018
LN101190,2020-11-01,470371.42,3.781,620-659,0-60,30-40,TN,Purchase,Primary Residence,Single Family,Servicer_A,2020
LN101191,2019-12-01,589521.29,3.79,700-739,80-90,0-20,ME,Refinance,Investment,Condominium,Servicer_A,2019
LN101192,2019-03-01,163432.43,3.631,740-779,70-80,0-20,WA,Purchase,Primary Residence,Multi Unit,Servicer_A,2019
LN101193,2022-12-01,570147.63,6.067,620-659,80-90,20-30,MA,Refinance,Second Home,Single Family,Servicer_B,2022
LN101194,2021-09-01,111657.13,2.735,740-779,60-70,0-20,WV,Purchase,Second Home,Single Family,Servicer_C,2021
LN101195,2022-06-01,376838.27,5.087,740-779,70-80,20-30,MN,Purchase,Investment,Single Family,Servicer_C,2022
LN101196,2022-12-01,190590.12,5.576,620-659,0-60,30-40,AL,Purchase,Second Home,Single Family,Servicer_B,2022
LN101197,2024-11-01,149874.13,7.415,700-739,80-90,0-20,UT,Purchase,Primary Residence,Multi Unit,Servicer_B,2024
LN101198,2023-08-01,350520.55,6.698,660-699,0-60,20-30,UT,Refinance,Investment,Multi Unit,Servicer_D,2023
LN101199,2022-05-01,420390.59,4.802,740-779,0-60,40-50,WI,Purchase,Second Home,Single Family,Servicer_B,2022
LN101200,2024-02-01,413583.13,6.863,620-659,60-70,20-30,CT,Refinance,Primary Residence,Townhouse,Servicer_A,2024
LN101201,2021-05-01,281359.68,2.446,780+,80-90,20-30,TX,Purchase,Primary Residence,Single Family,Servicer_D,2021
LN101202,2024-11-01,268818.77,6.295,780+,0-60,20-30,LA,Refinance,Investment,Single Family,Servicer_C,2024
LN101203,2023-04-01,334032.25,7.156,660-699,70-80,0-20,TX,Refinance,Primary Residence,Condominium,Servicer_B,2023
LN101204,2022-07-01,295459.32,5.72,700-739,80-90,0-20,WI,Purchase,Primary Residence,Single Family,Servicer_A,2022
LN101205,2024-04-01,336704.82,7.205,700-739,80-90,30-40,GA,Refinance,Primary Residence,Single Family,Servicer_A,2024
LN101206,2021-08-01,279684.06,3.236,740-779,60-70,20-30,ME,Refinance,Primary Residence,Condominium,Servicer_A,2021
LN101207,2023-01-01,397419.35,6.386,700-739,0-60,20-30,IN,Purchase,Primary Residence,Single Family,Servicer_D,2023
LN101208,2019-12-01,102155.55,3.704,660-699,70-80,0-20,KS,Purchase,Primary Residence,Multi Unit,Servicer_C,2019
LN101209,2024-09-01,232586.11,7.025,620-659,60-70,30-40,NJ,Purchase,Primary Residence,Single Family,Servicer_A,2024
LN101210,2022-05-01,116786.25,4.829,780+,80-90,0-20,MA,Purchase,Investment,Single Family,Servicer_A,2022
LN101211,2023-06-01,291094.23,6.418,700-739,60-70,30-40,NC,Purchase,Primary Residence,Multi Unit,Servicer_A,2023
LN101212,2021-03-01,616786.24,2.488,780+,70-80,20-30,ND,Purchase,Primary Residence,Single Family,Servicer_A,2021
LN101213,2024-01-01,192619.03,7.016,700-739,0-60,20-30,HI,Purchase,Primary Residence,Single Family,Servicer_C,2024
LN101214,2018-07-01,268123.99,4.502,780+,70-80,0-20,AZ,Purchase,Primary Residence,Single Family,Servicer_B,2018
LN101215,2018-10-01,378997.12,5.191,620-659,60-70,0-20,PA,Purchase,Investment,Single Family,Servicer_E,2018
LN101216,2021-07-01,80175.13,4.202,620-659,70-80,20-30,GA,Purchase,Primary Residence,Single Family,Servicer_C,2021
LN101217,2023-02-01,187597.77,6.003,780+,0-60,30-40,GA,Refinance,Primary Residence,Single Family,Servicer_E,2023
LN101218,2023-08-01,305498.4,6.22,780+,90-100,0-20,NM,Refinance,Second Home,Single Family,Servicer_D,2023
LN101219,2021-01-01,75000.0,3.726,660-699,80-90,20-30,IN,Refinance,Primary Residence,Single Family,Servicer_E,2021
LN101220,2022-07-01,146089.03,4.688,700-739,60-70,20-30,GA,Purchase,Primary Residence,Townhouse,Servicer_E,2022
LN101221,2021-11-01,458029.14,2.533,700-739,0-60,0-20,KS,Purchase,Primary Residence,Townhouse,Servicer_B,2021
LN101222,2024-09-01,434028.07,6.896,700-739,60-70,20-30,NE,Refinance,Primary Residence,Single Family,Servicer_A,2024
LN101223,2022-07-01,307149.91,5.359,660-699,0-60,0-20,TX,Purchase,Second Home,Multi Unit,Servicer_A,2022
LN101224,2020-12-01,406128.5,2.453,780+,60-70,20-30,WY,Purchase,Primary Residence,Townhouse,Servicer_C,2020
LN101225,2024-10-01,281397.5,6.936,660-699,80-90,0-20,OR,Purchase,Primary Residence,Townhouse,Servicer_C,2024
LN101226,2018-10-01,339314.74,4.287,740-779,70-80,20-30,VT,Purchase,Primary Residence,Condominium,Servicer_A,2018
LN101227,2024-11-01,210156.27,7.541,620-659,0-60,20-30,NE,Refinance,Second Home,Single Family,Servicer_D,2024
LN101228,2019-01-01,266442.35,5.146,580-619,70-80,20-30,MA,Purchase,Primary Residence,Single Family,Servicer_D,2019
LN101229,2020-01-01,176559.37,2.511,740-779,60-70,20-30,SD,Refinance,Primary Residence,Townhouse,Servicer_C,2020
LN101230,2023-10-01,500885.11,6.836,700-739,90-100,40-50,KS,Purchase,Primary Residence,Single Family,Servicer_B,2023
LN101231,2023-02-01,577274.91,6.117,740-779,0-60,20-30,SD,Purchase,Primary Residence,Townhouse,Servicer_A,2023
LN101232,2024-10-01,534009.14,7.758,620-659,80-90,30-40,WY,Purchase,Primary Residence,Condominium,Servicer_B,2024
LN101233,2023-03-01,199736.92,6.613,780+,80-90,0-20,MD,Purchase,Primary Residence,Single Family,Servicer_A,2023
LN101234,2022-06-01,147951.6,4.65,740-779,0-60,20-30,NY,Refinance,Primary Residence,Single Family,Servicer_C,2022
LN101235,2020-06-01,504615.34,2.0,780+,0-60,0-20,SC,Purchase,Primary Residence,Multi Unit,Servicer_B,2020
LN101236,2018-01-01,337177.63,5.266,620-659,70-80,20-30,SC,Purchase,Primary Residence,Single Family,Servicer_A,2018
LN101237,2018-11-01,299520.33,4.471,700-739,80-90,30-40,HI,Purchase,Primary Residence,Condominium,Servicer_B,2018
LN101238,2020-02-01,176436.89,3.317,700-739,70-80,30-40,WI,Refinance,Primary Residence,Multi Unit,Servicer_C,2020
LN101239,2018-04-01,315947.49,4.313,700-739,70-80,20-30,MT,Refinance,Primary Residence,Single Family,Servicer_B,2018
LN101240,2021-07-01,137628.49,3.114,660-699,80-90,30-40,AZ,Purchase,Investment,Single Family,Servicer_E,2021
LN101241,2023-06-01,354318.14,7.656,620-659,80-90,0-20,CO,Purchase,Primary Residence,Single Family,Servicer_A,2023
LN101242,2024-09-01,533707.86,7.547,700-739,70-80,0-20,OR,Refinance,Primary Residence,Townhouse,Servicer_E,2024
LN101243,2021-06-01,613104.85,3.435,660-699,70-80,30-40,MI,Purchase,Primary Residence,Single Family,Servicer_A,2021
LN101244,2024-02-01,369130.1,7.081,700-739,80-90,0-20,CO,Purchase,Primary Residence,Single Family,Servicer_A,2024
LN101245,2024-11-01,116903.53,7.098,660-699,60-70,0-20,NE,Purchase,Primary Residence,Single Family,Servicer_E,2024
LN101246,2024-01-01,278660.02,6.765,660-699,80-90,40-50,NJ,Purchase,Second Home,Single Family,Servicer_D,2024
LN101247,2021-04-01,811014.45,2.173,740-779,0-60,40-50,AR,Purchase,Primary Residence,Single Family,Servicer_C,2021
LN101248,2020-04-01,155046.42,2.257,700-739,60-70,30-40,LA,Purchase,Primary Residence,Single Family,Servicer_D,2020
LN101249,2024-11-01,241993.55,7.559,700-739,80-90,20-30,MS,Purchase,Primary Residence,Townhouse,Servicer_B,2024
LN101250,2019-09-01,543972.84,4.298,700-739,60-70,30-40,SC,Purchase,Primary Residence,Single Family,Servicer_D,2019
LN101251,2020-11-01,351034.52,2.778,740-779,0-60,0-20,NC,Purchase,Primary Residence,Townhouse,Servicer_A,2020
LN101252,2018-07-01,978036.41,4.481,700-739,60-70,20-30,CA,Purchase,Primary Residence,Townhouse,Servicer_D,2018
LN101253,2023-07-01,167064.97,6.345,700-739,70-80,20-30,NM,Refinance,Primary Residence,Condominium,Servicer_E,2023
LN101254,2022-07-01,145052.43,4.974,780+,80-90,40-50,VA,Refinance,Investment,Condominium,Servicer_D,2022
LN101255,2018-08-01,490159.04,4.878,700-739,0-60,40-50,AZ,Purchase,Primary Residence,Single Family,Servicer_D,2018
LN101256,2019-07-01,129506.06,3.279,780+,0-60,30-40,WY,Purchase,Primary Residence,Single Family,Servicer_C,2019
LN101257,2021-11-01,224357.0,2.541,740-779,70-80,0-20,CA,Purchase,Investment,Single Family,Servicer_C,2021
LN101258,2021-10-01,241134.61,3.433,620-659,90-100,20-30,NY,Purchase,Primary Residence,Single Family,Servicer_B,2021
LN101259,2023-08-01,441975.8,7.124,700-739,60-70,0-20,LA,Purchase,Primary Residence,Condominium,Servicer_D,2023
LN101260,2019-11-01,350481.63,4.069,740-779,90-100,30-40,OR,Purchase,Primary Residence,Single Family,Servicer_C,2019
LN101261,2024-06-01,321451.48,6.013,780+,80-90,0-20,TX,Refinance,Investment,Single Family,Servicer_B,2024
LN101262,2021-02-01,200361.64,2.583,700-739,60-70,0-20,TX,Refinance,Primary Residence,Condominium,Servicer_D,2021
LN101263,2023-10-01,487706.18,7.227,620-659,80-90,30-40,UT,Refinance,Primary Residence,Single Family,Servicer_A,2023
LN101264,2019-09-01,1500000.0,4.1,700-739,80-90,20-30,SD,Purchase,Primary Residence,Single Family,Servicer_D,2019
LN101265,2018-04-01,365646.15,5.202,620-659,70-80,30-40,KS,Refinance,Primary Residence,Single Family,Servicer_D,2018
LN101266,2018-05-01,264087.54,4.139,740-779,70-80,0-20,MS,Refinance,Primary Residence,Single Family,Servicer_A,2018
LN101267,2020-08-01,122441.86,3.543,700-739,80-90,30-40,OK,Refinance,Primary Residence,Single Family,Servicer_A,2020
LN101268,2024-09-01,176063.75,6.814,740-779,80-90,0-20,FL,Refinance,Investment,Single Family,Servicer_C,2024
LN101269,2018-05-01,222276.1,4.559,780+,80-90,0-20,NH,Refinance,Primary Residence,Single Family,Servicer_A,2018
LN101270,2020-07-01,186313.51,3.153,740-779,90-100,20-30,NE,Refinance,Primary Residence,Condominium,Servicer_E,2020
LN101271,2018-10-01,247799.04,5.204,740-779,70-80,0-20,WY,Purchase,Primary Residence,Multi Unit,Servicer_A,2018
LN101272,2024-07-01,664722.57,6.621,740-779,80-90,20-30,AZ,Purchase,Primary Residence,Condominium,Servicer_A,2024
LN101273,2022-09-01,496410.26,4.769,780+,80-90,0-20,CA,Purchase,Primary Residence,Single Family,Servicer_A,2022
LN101274,2023-05-01,229087.25,5.902,780+,60-70,0-20,AK,Purchase,Primary Residence,Condominium,Servicer_D,2023
LN101275,2022-12-01,128625.74,6.277,580-619,0-60,30-40,NV,Purchase,Primary Residence,Townhouse,Servicer_C,2022
LN101276,2022-08-01,521658.48,4.824,700-739,70-80,0-20,NV,Purchase,Second Home,Multi Unit,Servicer_D,2022
LN101277,2023-05-01,243345.21,7.348,660-699,80-90,30-40,NJ,Purchase,Primary Residence,Single Family,Servicer_E,2023
LN101278,2018-01-01,96726.33,3.368,780+,60-70,30-40,IL,Purchase,Primary Residence,Single Family,Servicer_C,2018
LN101279,2024-01-01,369923.96,6.839,740-779,80-90,0-20,KS,Refinance,Investment,Single Family,Servicer_A,2024
LN101280,2023-03-01,439478.41,6.205,700-739,0-60,30-40,MA,Purchase,Primary Residence,Condominium,Servicer_A,2023
LN101281,2023-03-01,75000.0,6.846,660-699,60-70,20-30,AZ,Purchase,Investment,Single Family,Servicer_D,2023
LN101282,2020-10-01,158849.29,3.291,700-739,70-80,20-30,PA,Purchase,Second Home,Townhouse,Servicer_A,2020
LN101283,2023-08-01,235264.69,7.051,740-779,0-60,0-20,AZ,Purchase,Primary Residence,Single Family,Servicer_E,2023
LN101284,2020-09-01,374443.87,3.237,660-699,80-90,30-40,ND,Purchase,Primary Residence,Condominium,Servicer_D,2020
LN101285,2018-05-01,188255.54,4.895,620-659,0-60,20-30,MN,Purchase,Primary Residence,Single Family,Servicer_C,2018
LN101286,2024-05-01,158187.79,6.523,780+,90-100,20-30,WY,Purchase,Second Home,Single Family,Servicer_C,2024
LN101287,2019-08-01,372934.95,3.329,740-779,60-70,40-50,OH,Purchase,Primary Residence,Single Family,Servicer_E,2019
LN101288,2018-09-01,193230.47,4.976,660-699,90-100,20-30,MS,Purchase,Investment,Condominium,Servicer_D,2018
LN101289,2022-05-01,336834.25,5.837,660-699,70-80,30-40,OK,Purchase,Primary Residence,Single Family,Servicer_C,2022
LN101290,2019-08-01,135656.68,3.094,780+,0-60,30-40,CO,Refinance,Primary Residence,Single Family,Servicer_B,2019
LN101291,2024-01-01,118828.08,7.065,740-779,0-60,40-50,GA,Refinance,Primary Residence,Condominium,Servicer_B,2024
LN101292,2021-02-01,378743.41,2.635,740-779,0-60,40-50,MO,Purchase,Investment,Townhouse,Servicer_B,2021
LN101293,2018-01-01,287248.26,4.487,660-699,70-80,40-50,TX,Refinance,Primary Residence,Townhouse,Servicer_E,2018
LN101294,2024-08-01,415221.28,7.18,660-699,80-90,0-20,TN,Refinance,Primary Residence,Condominium,Servicer_C,2024
LN101295,2021-08-01,186519.31,3.919,580-619,70-80,30-40,ME,Refinance,Second Home,Single Family,Servicer_D,2021
LN101296,2019-11-01,161443.14,3.93,740-779,70-80,30-40,IA,Purchase,Primary Residence,Townhouse,Servicer_A,2019
LN101297,2022-09-01,528401.44,5.448,620-659,70-80,30-40,WI,Purchase,Primary Residence,Single Family,Servicer_D,2022
LN101298,2021-09-01,108184.01,3.758,580-619,70-80,20-30,NH,Purchase,Investment,Multi Unit,Servicer_B,2021
LN101299,2018-03-01,497583.96,4.313,740-779,80-90,40-50,CO,Purchase,Second Home,Townhouse,Servicer_D,2018
LN101300,2023-04-01,516842.67,6.515,780+,70-80,0-20,ID,Purchase,Primary Residence,Single Family,Servicer_A,2023
LN101301,2020-10-01,401220.1,3.43,740-779,80-90,20-30,TN,Purchase,Primary Residence,Single Family,Servicer_E,2020
LN101302,2022-11-01,171257.25,6.154,700-739,90-100,20-30,VT,Purchase,Primary Residence,Condominium,Servicer_C,2022
LN101303,2024-04-01,159552.47,6.899,700-739,60-70,0-20,VA,Refinance,Primary Residence,Condominium,Servicer_B,2024
LN101304,2022-04-01,222723.31,5.115,700-739,0-60,30-40,AL,Purchase,Primary Residence,Condominium,Servicer_B,2022
LN101305,2022-09-01,122632.13,5.378,700-739,0-60,0-20,TN,Refinance,Primary Residence,Multi Unit,Servicer_B,2022
LN101306,2019-10-01,147308.53,3.597,700-739,70-80,30-40,CO,Refinance,Primary Residence,Single Family,Servicer_B,2019
LN101307,2019-08-01,356403.95,3.287,700-739,60-70,30-40,SD,Refinance,Primary Residence,Single Family,Servicer_A,2019
LN101308,2020-11-01,357309.71,3.391,740-779,90-100,20-30,VT,Refinance,Second Home,Single Family,Servicer_B,2020
LN101309,2023-12-01,140357.78,6.008,780+,70-80,30-40,ME,Purchase,Primary Residence,Single Family,Servicer_B,2023
LN101310,2021-09-01,362610.04,2.44,780+,70-80,0-20,GA,Purchase,Primary Residence,Single Family,Servicer_B,2021
LN101311,2020-06-01,320963.6,3.946,620-659,80-90,30-40,OK,Refinance,Investment,Townhouse,Servicer_C,2020
LN101312,2023-06-01,573580.54,6.784,700-739,60-70,40-50,AR,Purchase,Second Home,Single Family,Servicer_B,2023
LN101313,2023-12-01,341888.94,7.541,660-699,80-90,0-20,NH,Purchase,Primary Residence,Townhouse,Servicer_A,2023
LN101314,2024-04-01,447501.77,6.89,700-739,0-60,30-40,KY,Purchase,Investment,Townhouse,Servicer_D,2024
LN101315,2020-02-01,325009.23,3.419,660-699,70-80,20-30,MI,Purchase,Primary Residence,Single Family,Servicer_B,2020
LN101316,2022-12-01,428556.22,5.857,660-699,90-100,20-30,TN,Purchase,Primary Residence,Townhouse,Servicer_C,2022
LN101317,2022-02-01,123167.66,5.322,740-779,80-90,30-40,WY,Purchase,Primary Residence,Condominium,Servicer_E,2022
LN101318,2021-02-01,233808.28,2.981,700-739,80-90,20-30,MA,Purchase,Primary Residence,Single Family,Servicer_D,2021
LN101319,2020-10-01,244696.92,2.551,780+,70-80,30-40,IA,Purchase,Primary Residence,Single Family,Servicer_C,2020
LN101320,2018-10-01,218633.86,6.725,580-619,80-90,0-20,TN,Purchase,Primary Residence,Single Family,Servicer_C,2018
LN101321,2019-12-01,319130.01,4.595,620-659,70-80,20-30,MA,Purchase,Investment,Condominium,Servicer_D,2019
LN101322,2021-11-01,354379.98,3.095,700-739,70-80,30-40,GA,Purchase,Primary Residence,Single Family,Servicer_D,2021
LN101323,2024-03-01,310195.37,7.028,620-659,0-60,0-20,VA,Purchase,Primary Residence,Single Family,Servicer_A,2024
LN101324,2024-01-01,226816.6,7.296,660-699,60-70,20-30,WY,Purchase,Primary Residence,Multi Unit,Servicer_C,2024
LN101325,2019-04-01,166802.32,3.668,780+,70-80,0-20,IA,Purchase,Primary Residence,Condominium,Servicer_D,2019
LN101326,2022-10-01,457105.06,5.62,660-699,0-60,30-40,DE,Refinance,Investment,Condominium,Servicer_D,2022
LN101327,2018-08-01,303024.59,5.054,660-699,80-90,20-30,DE,Purchase,Primary Residence,Multi Unit,Servicer_A,2018
LN101328,2022-09-01,142768.34,5.85,700-739,80-90,20-30,NJ,Refinance,Second Home,Single Family,Servicer_B,2022
LN101329,2020-05-01,224737.44,3.892,700-739,90-100,0-20,KS,Purchase,Primary Residence,Single Family,Servicer_B,2020
LN101330,2021-02-01,95836.74,2.845,700-739,0-60,20-30,NY,Purchase,Primary Residence,Condominium,Servicer_A,2021
LN101331,2023-01-01,254911.07,7.176,700-739,90-100,40-50,PA,Purchase,Primary Residence,Single Family,Servicer_C,2023
LN101332,2020-12-01,224158.18,2.928,740-779,0-60,20-30,AL,Refinance,Primary Residence,Single Family,Servicer_B,2020
LN101333,2023-08-01,182272.73,7.139,620-659,70-80,20-30,TX,Purchase,Second Home,Townhouse,Servicer_B,2023
LN101334,2021-09-01,597641.47,2.945,700-739,80-90,30-40,AK,Purchase,Primary Residence,Single Family,Servicer_B,2021
LN101335,2024-12-01,132366.71,6.374,740-779,0-60,20-30,CO,Purchase,Primary Residence,Single Family,Servicer_D,2024
LN101336,2022-06-01,368697.69,4.118,780+,0-60,20-30,OR,Purchase,Primary Residence,Single Family,Servicer_D,2022
LN101337,2020-01-01,832264.59,3.158,700-739,0-60,20-30,NY,Refinance,Primary Residence,Condominium,Servicer_D,2020
LN101338,2023-06-01,452124.81,6.521,700-739,70-80,0-20,WI,Refinance,Primary Residence,Single Family,Servicer_E,2023
LN101339,2020-11-01,245700.81,3.769,620-659,80-90,30-40,NH,Purchase,Primary Residence,Single Family,Servicer_E,2020
LN101340,2021-09-01,133984.37,2.946,660-699,0-60,30-40,MA,Purchase,Primary Residence,Townhouse,Servicer_B,2021
LN101341,2018-12-01,118193.93,4.952,620-659,0-60,40-50,ND,Purchase,Primary Residence,Townhouse,Servicer_A,2018
LN101342,2018-11-01,199359.05,4.187,740-779,70-80,30-40,RI,Refinance,Investment,Single Family,Servicer_D,2018
LN101343,2022-01-01,171333.25,5.47,660-699,60-70,20-30,ND,Purchase,Primary Residence,Single Family,Servicer_C,2022
LN101344,2019-04-01,168293.61,3.872,740-779,80-90,20-30,ME,Purchase,Primary Residence,Condominium,Servicer_B,2019
LN101345,2024-12-01,208927.75,7.706,620-659,90-100,30-40,WV,Refinance,Second Home,Single Family,Servicer_E,2024
LN101346,2023-12-01,236329.03,6.278,780+,80-90,40-50,KS,Refinance,Second Home,Single Family,Servicer_B,2023
LN101347,2022-11-01,326466.55,5.614,740-779,80-90,30-40,LA,Purchase,Primary Residence,Single Family,Servicer_E,2022
LN101348,2023-02-01,126554.49,6.779,620-659,70-80,20-30,IN,Purchase,Investment,Single Family,Servicer_C,2023
LN101349,2022-02-01,171782.1,6.678,580-619,80-90,30-40,IA,Refinance,Second Home,Single Family,Servicer_A,2022
LN101350,2018-06-01,228981.51,4.899,620-659,60-70,30-40,HI,Refinance,Primary Residence,Single Family,Servicer_D,2018
LN101351,2020-09-01,224515.35,2.536,780+,0-60,40-50,NJ,Purchase,Primary Residence,Townhouse,Servicer_D,2020
LN101352,2021-06-01,686422.93,2.774,660-699,70-80,30-40,OR,Purchase,Primary Residence,Single Family,Servicer_C,2021
LN101353,2024-05-01,284063.14,6.49,700-739,0-60,20-30,MI,Purchase,Primary Residence,Single Family,Servicer_C,2024
LN101354,2019-07-01,102923.55,4.109,700-739,80-90,20-30,WA,Purchase,Investment,Single Family,Servicer_A,2019
LN101355,2021-06-01,314649.92,3.231,740-779,80-90,20-30,MS,Purchase,Primary Residence,Townhouse,Servicer_A,2021
LN101356,2020-05-01,337503.53,3.61,700-739,90-100,20-30,MS,Refinance,Primary Residence,Single Family,Servicer_A,2020
LN101357,2018-12-01,233373.58,4.085,700-739,60-70,40-50,AR,Purchase,Investment,Single Family,Servicer_A,2018
LN101358,2018-09-01,128264.27,3.894,780+,70-80,20-30,VA,Purchase,Primary Residence,Condominium,Servicer_B,2018
LN101359,2020-07-01,657464.65,3.826,660-699,80-90,20-30,DE,Refinance,Primary Residence,Condominium,Servicer_C,2020
LN101360,2018-07-01,138798.71,3.83,740-779,60-70,20-30,FL,Purchase,Investment,Townhouse,Servicer_A,2018
LN101361,2018-06-01,359561.64,5.116,620-659,70-80,30-40,WA,Purchase,Primary Residence,Single Family,Servicer_C,2018
LN101362,2020-06-01,279077.27,3.107,700-739,70-80,20-30,MT,Refinance,Primary Residence,Single Family,Servicer_A,2020
LN101363,2019-05-01,347897.09,3.724,780+,90-100,0-20,AR,Purchase,Primary Residence,Single Family,Servicer_A,2019
LN101364,2021-11-01,639209.83,3.719,740-779,80-90,30-40,MN,Refinance,Investment,Single Family,Servicer_E,2021
LN101365,2018-02-01,340482.01,3.966,740-779,0-60,20-30,NJ,Purchase,Primary Residence,Single Family,Servicer_E,2018
LN101366,2020-02-01,183863.86,3.495,660-699,70-80,20-30,AL,Purchase,Primary Residence,Single Family,Servicer_D,2020
LN101367,2021-03-01,459324.38,2.73,700-739,70-80,0-20,PA,Purchase,Primary Residence,Single Family,Servicer_A,2021
LN101368,2024-09-01,176682.83,6.798,700-739,0-60,20-30,ND,Purchase,Investment,Multi Unit,Servicer_D,2024
LN101369,2022-06-01,273531.78,5.601,700-739,70-80,30-40,AL,Purchase,Primary Residence,Single Family,Servicer_A,2022
LN101370,2024-02-01,122764.14,6.564,700-739,60-70,30-40,NM,Purchase,Primary Residence,Single Family,Servicer_C,2024
LN101371,2020-05-01,141621.25,2.894,700-739,0-60,0-20,ID,Purchase,Investment,Townhouse,Servicer_E,2020
LN101372,2021-02-01,257166.46,2.941,660-699,70-80,40-50,OR,Purchase,Primary Residence,Condominium,Servicer_B,2021
LN101373,2020-12-01,306099.01,2.817,660-699,0-60,30-40,ME,Refinance,Primary Residence,Single Family,Servicer_E,2020
LN101374,2024-03-01,98017.5,7.151,700-739,70-80,20-30,HI,Purchase,Primary Residence,Condominium,Servicer_C,2024
LN101375,2024-09-01,328641.99,6.724,660-699,0-60,0-20,MT,Purchase,Primary Residence,Single Family,Servicer_B,2024
LN101376,2024-09-01,159297.73,5.816,780+,80-90,20-30,MN,Purchase,Primary Residence,Townhouse,Servicer_A,2024
LN101377,2023-04-01,505369.24,6.99,740-779,60-70,30-40,LA,Purchase,Primary Residence,Single Family,Servicer_D,2023
LN101378,2021-07-01,206000.89,3.519,620-659,80-90,20-30,UT,Purchase,Primary Residence,Multi Unit,Servicer_B,2021
LN101379,2021-10-01,134756.4,2.436,740-779,0-60,20-30,NC,Purchase,Primary Residence,Single Family,Servicer_A,2021
LN101380,2024-11-01,260643.46,6.832,780+,70-80,30-40,MO,Purchase,Second Home,Condominium,Servicer_A,2024
LN101381,2019-12-01,151038.03,4.047,660-699,60-70,30-40,ID,Purchase,Primary Residence,Single Family,Servicer_E,2019
LN101382,2020-06-01,502392.03,3.211,660-699,60-70,30-40,NH,Purchase,Investment,Single Family,Servicer_A,2020
LN101383,2024-04-01,250072.91,7.672,580-619,70-80,30-40,AK,Refinance,Primary Residence,Single Family,Servicer_E,2024
LN101384,2020-09-01,229990.68,3.42,620-659,80-90,0-20,VT,Purchase,Primary Residence,Townhouse,Servicer_C,2020
LN101385,2019-08-01,346177.44,4.04,740-779,90-100,30-40,AL,Purchase,Primary Residence,Single Family,Servicer_B,2019
LN101386,2021-12-01,143845.5,2.469,780+,60-70,20-30,OH,Purchase,Primary Residence,Multi Unit,Servicer_B,2021
LN101387,2020-04-01,123029.78,3.602,620-659,0-60,0-20,LA,Refinance,Primary Residence,Single Family,Servicer_D,2020
LN101388,2024-03-01,312953.4,6.646,740-779,80-90,40-50,OK,Purchase,Primary Residence,Condominium,Servicer_B,2024
LN101389,2024-05-01,136543.33,7.446,620-659,70-80,0-20,ME,Purchase,Investment,Condominium,Servicer_A,2024
LN101390,2020-02-01,136517.84,2.209,740-779,60-70,0-20,AK,Purchase,Primary Residence,Single Family,Servicer_A,2020
LN101391,2021-09-01,396103.97,3.048,740-779,80-90,30-40,WV,Purchase,Primary Residence,Condominium,Servicer_D,2021
LN101392,2024-11-01,333701.27,6.888,700-739,70-80,20-30,RI,Purchase,Primary Residence,Condominium,Servicer_C,2024
LN101393,2023-03-01,125443.4,8.602,580-619,70-80,0-20,AZ,Purchase,Second Home,Condominium,Servicer_B,2023
LN101394,2019-07-01,177849.22,3.592,740-779,60-70,30-40,AK,Refinance,Primary Residence,Single Family,Servicer_A,2019
LN101395,2022-02-01,152080.28,4.557,780+,70-80,30-40,NE,Refinance,Primary Residence,Condominium,Servicer_B,2022
LN101396,2022-05-01,664102.52,5.475,660-699,60-70,30-40,WV,Purchase,Primary Residence,Single Family,Servicer_D,2022
LN101397,2022-07-01,411482.57,5.692,660-699,80-90,0-20,NH,Purchase,Primary Residence,Single Family,Servicer_A,2022
LN101398,2018-03-01,198342.68,5.07,620-659,0-60,20-30,AL,Purchase,Primary Residence,Single Family,Servicer_E,2018
LN101399,2020-02-01,343218.75,3.318,700-739,80-90,30-40,OH,Purchase,Primary Residence,Condominium,Servicer_D,2020
LN101400,2023-12-01,118576.52,6.382,740-779,80-90,0-20,MI,Purchase,Primary Residence,Townhouse,Servicer_B,2023
LN101401,2019-09-01,172691.29,3.399,740-779,80-90,0-20,NY,Refinance,Second Home,Single Family,Servicer_D,2019
LN101402,2020-02-01,264842.61,2.739,740-779,0-60,0-20,LA,Purchase,Primary Residence,Single Family,Servicer_C,2020
LN101403,2020-04-01,320597.94,2.925,780+,60-70,20-30,AL,Purchase,Primary Residence,Single Family,Servicer_C,2020
LN101404,2019-03-01,236952.19,3.714,740-779,70-80,0-20,AL,Purchase,Primary Residence,Single Family,Servicer_A,2019
LN101405,2019-02-01,286537.19,4.434,660-699,70-80,30-40,NY,Refinance,Investment,Condominium,Servicer_E,2019
LN101406,2020-06-01,261006.67,3.814,700-739,90-100,40-50,NY,Purchase,Primary Residence,Condominium,Servicer_B,2020
LN101407,2024-02-01,228490.21,7.07,660-699,60-70,0-20,KY,Refinance,Primary Residence,Condominium,Servicer_D,2024
LN101408,2018-01-01,212423.27,4.496,700-739,80-90,30-40,CA,Refinance,Investment,Condominium,Servicer_B,2018
LN101409,2019-12-01,197752.3,3.299,780+,0-60,0-20,RI,Purchase,Primary Residence,Single Family,Servicer_B,2019
LN101410,2018-06-01,284014.86,4.552,740-779,60-70,0-20,DE,Purchase,Primary Residence,Single Family,Servicer_E,2018
LN101411,2021-12-01,313377.8,2.419,780+,0-60,30-40,GA,Purchase,Primary Residence,Single Family,Servicer_B,2021
LN101412,2019-10-01,278817.78,4.364,700-739,80-90,20-30,MN,Purchase,Primary Residence,Townhouse,Servicer_A,2019
LN101413,2023-07-01,130742.87,6.471,700-739,0-60,40-50,OK,Purchase,Primary Residence,Townhouse,Servicer_D,2023
LN101414,2022-02-01,144322.53,5.179,700-739,60-70,20-30,WY,Purchase,Primary Residence,Single Family,Servicer_A,2022
LN101415,2023-06-01,311327.66,7.574,620-659,80-90,0-20,NY,Refinance,Primary Residence,Single Family,Servicer_D,2023
LN101416,2022-06-01,561651.32,5.575,660-699,70-80,20-30,WI,Refinance,Primary Residence,Single Family,Servicer_E,2022
LN101417,2021-01-01,271860.6,3.11,700-739,0-60,0-20,NC,Purchase,Investment,Multi Unit,Servicer_A,2021
LN101418,2024-01-01,199346.26,6.536,620-659,0-60,30-40,TX,Purchase,Primary Residence,Single Family,Servicer_C,2024
LN101419,2021-05-01,282830.61,2.469,780+,70-80,30-40,FL,Purchase,Investment,Single Family,Servicer_E,2021
LN101420,2024-08-01,133781.67,7.316,620-659,60-70,20-30,AZ,Purchase,Primary Residence,Single Family,Servicer_E,2024
LN101421,2024-12-01,513566.57,6.579,660-699,60-70,20-30,ND,Purchase,Second Home,Condominium,Servicer_C,2024
LN101422,2022-02-01,277019.44,5.292,740-779,70-80,30-40,WI,Purchase,Investment,Condominium,Servicer_C,2022
LN101423,2022-09-01,172994.44,5.623,620-659,60-70,30-40,OR,Refinance,Primary Residence,Single Family,Servicer_C,2022
LN101424,2019-10-01,228086.15,3.333,780+,70-80,0-20,LA,Purchase,Primary Residence,Townhouse,Servicer_A,2019
LN101425,2023-09-01,187090.23,7.015,740-779,60-70,0-20,MO,Refinance,Primary Residence,Single Family,Servicer_C,2023
LN101426,2022-09-01,514337.37,6.143,620-659,60-70,0-20,CO,Purchase,Primary Residence,Townhouse,Servicer_B,2022
LN101427,2024-04-01,223682.78,6.562,740-779,0-60,20-30,LA,Purchase,Primary Residence,Single Family,Servicer_B,2024
LN101428,2019-11-01,272302.09,3.704,740-779,60-70,20-30,OH,Refinance,Investment,Condominium,Servicer_B,2019
LN101429,2023-07-01,342753.14,6.311,740-779,0-60,0-20,FL,Purchase,Primary Residence,Single Family,Servicer_D,2023
LN101430,2021-04-01,166340.9,3.21,740-779,60-70,20-30,MO,Purchase,Primary Residence,Condominium,Servicer_A,2021
LN101431,2019-04-01,278105.66,4.331,740-779,90-100,20-30,IA,Refinance,Primary Residence,Single Family,Servicer_A,2019
LN101432,2019-03-01,290731.59,3.915,700-739,80-90,0-20,MO,Purchase,Primary Residence,Single Family,Servicer_A,2019
LN101433,2021-12-01,106348.09,2.44,700-739,60-70,40-50,RI,Purchase,Primary Residence,Single Family,Servicer_A,2021
LN101434,2020-03-01,287276.16,3.03,740-779,70-80,20-30,VT,Purchase,Primary Residence,Single Family,Servicer_E,2020
LN101435,2018-09-01,243786.24,4.023,780+,70-80,20-30,MA,Purchase,Primary Residence,Townhouse,Servicer_B,2018
LN101436,2020-12-01,268524.56,2.881,700-739,80-90,20-30,TN,Purchase,Primary Residence,Single Family,Servicer_A,2020
LN101437,2022-07-01,254947.4,5.119,740-779,60-70,20-30,OK,Refinance,Primary Residence,Single Family,Servicer_E,2022
LN101438,2020-03-01,288300.79,2.929,700-739,60-70,30-40,WA,Purchase,Primary Residence,Condominium,Servicer_A,2020
LN101439,2024-09-01,521651.47,6.649,740-779,60-70,20-30,PA,Purchase,Primary Residence,Single Family,Servicer_B,2024
LN101440,2023-06-01,130677.42,6.243,780+,0-60,20-30,NV,Purchase,Primary Residence,Townhouse,Servicer_D,2023
LN101441,2021-08-01,207115.61,2.928,660-699,60-70,40-50,ND,Purchase,Primary Residence,Single Family,Servicer_D,2021
LN101442,2024-07-01,360719.69,7.48,660-699,80-90,30-40,KS,Refinance,Primary Residence,Multi Unit,Servicer_A,2024
LN101443,2021-01-01,325697.86,3.211,700-739,90-100,30-40,ND,Purchase,Second Home,Townhouse,Servicer_C,2021
LN101444,2018-12-01,321865.57,4.21,700-739,0-60,0-20,OK,Purchase,Primary Residence,Single Family,Servicer_C,2018
LN101445,2018-04-01,1136749.77,4.38,700-739,70-80,0-20,NM,Purchase,Primary Residence,Single Family,Servicer_C,2018
LN101446,2024-07-01,350456.1,7.779,620-659,70-80,30-40,CO,Refinance,Investment,Condominium,Servicer_A,2024
LN101447,2024-09-01,465669.76,6.756,700-739,70-80,20-30,MT,Purchase,Investment,Condominium,Servicer_D,2024
LN101448,2023-03-01,211150.53,7.222,700-739,70-80,30-40,OK,Purchase,Primary Residence,Single Family,Servicer_C,2023
LN101449,2018-09-01,144800.82,4.875,700-739,0-60,30-40,GA,Refinance,Investment,Single Family,Servicer_D,2018
LN101450,2020-01-01,210310.78,2.838,740-779,80-90,20-30,SC,Purchase,Primary Residence,Single Family,Servicer_E,2020
LN101451,2018-04-01,369828.36,3.814,740-779,90-100,20-30,TX,Purchase,Primary Residence,Condominium,Servicer_D,2018
LN101452,2018-05-01,312691.24,4.603,740-779,70-80,20-30,NE,Refinance,Primary Residence,Condominium,Servicer_D,2018
LN101453,2019-09-01,312076.76,3.587,740-779,70-80,20-30,WI,Refinance,Primary Residence,Single Family,Servicer_B,2019
LN101454,2022-01-01,222198.58,4.83,740-779,70-80,30-40,TX,Purchase,Primary Residence,Single Family,Servicer_A,2022
LN101455,2018-06-01,203541.41,4.263,700-739,60-70,30-40,MS,Refinance,Investment,Condominium,Servicer_C,2018
LN101456,2024-11-01,226453.46,6.266,740-779,0-60,20-30,VT,Purchase,Primary Residence,Multi Unit,Servicer_A,2024
LN101457,2021-03-01,372382.82,3.949,620-659,70-80,30-40,WA,Refinance,Primary Residence,Single Family,Servicer_C,2021
LN101458,2019-11-01,396970.12,4.038,660-699,0-60,20-30,CO,Purchase,Primary Residence,Single Family,Servicer_D,2019
LN101459,2021-08-01,143743.15,3.545,700-739,80-90,30-40,WY,Purchase,Primary Residence,Single Family,Servicer_C,2021
LN101460,2023-07-01,380219.73,6.458,780+,70-80,0-20,AL,Purchase,Second Home,Condominium,Servicer_A,2023
LN101461,2020-03-01,174786.33,2.767,740-779,70-80,30-40,MO,Refinance,Primary Residence,Single Family,Servicer_D,2020
LN101462,2018-04-01,323554.58,4.923,620-659,60-70,30-40,WA,Refinance,Primary Residence,Single Family,Servicer_C,2018
LN101463,2018-05-01,224950.36,4.858,740-779,90-100,20-30,OR,Purchase,Primary Residence,Townhouse,Servicer_B,2018
LN101464,2023-12-01,591489.91,7.106,660-699,0-60,20-30,IN,Purchase,Primary Residence,Single Family,Servicer_C,2023
LN101465,2018-10-01,198645.11,4.389,740-779,0-60,30-40,NC,Purchase,Primary Residence,Single Family,Servicer_A,2018
LN101466,2022-06-01,275805.92,4.812,740-779,0-60,0-20,HI,Purchase,Primary Residence,Single Family,Servicer_D,2022
LN101467,2020-09-01,349005.32,2.913,740-779,70-80,30-40,ID,Refinance,Primary Residence,Single Family,Servicer_A,2020
LN101468,2023-06-01,154591.1,7.135,740-779,90-100,40-50,VA,Purchase,Primary Residence,Single Family,Servicer_C,2023
LN101469,2018-06-01,240180.21,4.325,700-739,60-70,30-40,AZ,Refinance,Primary Residence,Single Family,Servicer_A,2018
LN101470,2024-04-01,215905.16,6.9,700-739,90-100,20-30,WI,Refinance,Primary Residence,Single Family,Servicer_A,2024
LN101471,2022-11-01,188455.8,4.498,780+,60-70,30-40,MN,Purchase,Primary Residence,Single Family,Servicer_A,2022
LN101472,2021-02-01,196293.95,2.638,740-779,70-80,40-50,AR,Purchase,Second Home,Townhouse,Servicer_A,2021
LN101473,2019-06-01,460848.31,3.939,700-739,0-60,20-30,SC,Refinance,Primary Residence,Townhouse,Servicer_E,2019
LN101474,2024-11-01,179874.25,7.218,700-739,70-80,0-20,AZ,Refinance,Primary Residence,Single Family,Servicer_D,2024
LN101475,2020-02-01,341376.25,3.303,620-659,70-80,0-20,KY,Refinance,Investment,Condominium,Servicer_A,2020
LN101476,2021-06-01,297224.63,3.031,660-699,70-80,30-40,IL,Purchase,Primary Residence,Single Family,Servicer_A,2021
LN101477,2020-10-01,115945.69,3.153,660-699,60-70,20-30,SC,Purchase,Investment,Townhouse,Servicer_D,2020
LN101478,2019-08-01,332621.13,4.378,700-739,80-90,0-20,MD,Refinance,Primary Residence,Townhouse,Servicer_A,2019
LN101479,2020-11-01,114896.15,2.852,780+,90-100,20-30,NC,Purchase,Investment,Condominium,Servicer_B,2020
LN101480,2019-01-01,353156.54,3.811,700-739,70-80,30-40,AR,Purchase,Primary Residence,Condominium,Servicer_A,2019
LN101481,2018-01-01,189143.41,4.366,660-699,70-80,20-30,OH,Refinance,Second Home,Single Family,Servicer_C,2018
LN101482,2020-01-01,251153.15,4.055,620-659,80-90,30-40,OK,Purchase,Primary Residence,Single Family,Servicer_E,2020
LN101483,2018-10-01,122683.39,4.392,700-739,60-70,30-40,IA,Purchase,Primary Residence,Single Family,Servicer_A,2018
LN101484,2020-11-01,267406.83,2.864,740-779,80-90,40-50,VT,Purchase,Primary Residence,Single Family,Servicer_E,2020
LN101485,2024-01-01,416249.0,6.662,700-739,60-70,30-40,MS,Refinance,Primary Residence,Condominium,Servicer_D,2024
LN101486,2019-02-01,160393.46,4.228,740-779,80-90,20-30,ND,Purchase,Primary Residence,Single Family,Servicer_E,2019
LN101487,2018-01-01,179023.85,3.789,740-779,0-60,30-40,GA,Purchase,Investment,Single Family,Servicer_D,2018
LN101488,2018-10-01,321019.7,4.788,620-659,60-70,0-20,WA,Refinance,Primary Residence,Condominium,Servicer_D,2018
LN101489,2021-07-01,325463.72,3.086,740-779,70-80,40-50,IL,Refinance,Primary Residence,Townhouse,Servicer_C,2021
LN101490,2019-12-01,75000.0,3.463,780+,70-80,20-30,NY,Purchase,Primary Residence,Condominium,Servicer_D,2019
LN101491,2021-06-01,757432.5,3.361,700-739,80-90,30-40,CA,Refinance,Primary Residence,Single Family,Servicer_A,2021
LN101492,2018-03-01,334342.31,5.661,620-659,90-100,30-40,AZ,Purchase,Investment,Townhouse,Servicer_D,2018
LN101493,2020-04-01,366781.46,2.399,780+,0-60,0-20,CT,Refinance,Primary Residence,Single Family,Servicer_C,2020
LN101494,2020-11-01,231022.17,2.406,780+,60-70,30-40,WV,Refinance,Primary Residence,Condominium,Servicer_A,2020
LN101495,2021-01-01,90108.68,3.109,700-739,60-70,0-20,HI,Purchase,Primary Residence,Single Family,Servicer_B,2021
LN101496,2021-11-01,362330.96,3.309,700-739,70-80,20-30,UT,Purchase,Primary Residence,Single Family,Servicer_A,2021
LN101497,2023-06-01,183205.32,7.385,660-699,70-80,20-30,NJ,Purchase,Primary Residence,Multi Unit,Servicer_B,2023
LN101498,2021-04-01,337182.17,2.554,740-779,80-90,20-30,CA,Purchase,Primary Residence,Single Family,Servicer_A,2021
LN101499,2023-11-01,221654.6,7.401,700-739,80-90,20-30,MN,Purchase,Primary Residence,Single Family,Servicer_A,2023
LN101500,2021-09-01,284969.62,3.853,580-619,0-60,40-50,MS,Purchase,Second Home,Single Family,Servicer_B,2021
LN101501,2019-10-01,163238.6,3.463,740-779,70-80,20-30,IN,Refinance,Primary Residence,Multi Unit,Servicer_C,2019
LN101502,2019-08-01,402169.98,3.389,780+,70-80,20-30,NM,Purchase,Primary Residence,Townhouse,Servicer_A,2019
LN101503,2020-04-01,130041.35,3.109,740-779,70-80,30-40,UT,Refinance,Primary Residence,Single Family,Servicer_A,2020
LN101504,2022-03-01,859648.94,5.552,660-699,0-60,30-40,VT,Purchase,Primary Residence,Single Family,Servicer_B,2022
LN101505,2019-09-01,856053.32,4.463,620-659,70-80,0-20,NE,Purchase,Second Home,Single Family,Servicer_B,2019
LN101506,2024-05-01,613662.86,6.591,780+,70-80,40-50,VT,Purchase,Primary Residence,Condominium,Servicer_A,2024
LN101507,2021-05-01,504200.68,2.402,780+,60-70,0-20,WA,Purchase,Primary Residence,Single Family,Servicer_E,2021
LN101508,2024-01-01,238640.76,6.868,700-739,80-90,20-30,CA,Purchase,Primary Residence,Single Family,Servicer_B,2024
LN101509,2022-10-01,474879.75,4.778,740-779,60-70,20-30,NY,Purchase,Primary Residence,Single Family,Servicer_B,2022
LN101510,2020-05-01,237119.41,3.233,700-739,70-80,30-40,RI,Refinance,Primary Residence,Townhouse,Servicer_C,2020
LN101511,2019-08-01,106380.92,3.915,700-739,70-80,0-20,AL,Purchase,Primary Residence,Single Family,Servicer_D,2019
LN101512,2023-03-01,571475.55,7.197,620-659,80-90,0-20,NM,Purchase,Primary Residence,Single Family,Servicer_B,2023
LN101513,2020-04-01,465128.81,3.764,620-659,0-60,30-40,VA,Refinance,Primary Residence,Multi Unit,Servicer_A,2020
LN101514,2019-09-01,245727.8,3.846,660-699,0-60,0-20,IN,Purchase,Primary Residence,Single Family,Servicer_C,2019
LN101515,2024-07-01,127435.4,6.968,740-779,60-70,20-30,TX,Purchase,Primary Residence,Single Family,Servicer_B,2024
LN101516,2021-05-01,181100.21,2.789,660-699,70-80,30-40,WA,Purchase,Primary Residence,Single Family,Servicer_B,2021
LN101517,2018-05-01,91820.06,4.636,660-699,60-70,30-40,NY,Purchase,Primary Residence,Single Family,Servicer_E,2018
LN101518,2021-06-01,420420.49,2.95,700-739,80-90,0-20,NY,Purchase,Primary Residence,Single Family,Servicer_E,2021
LN101519,2021-03-01,103507.18,2.817,660-699,60-70,20-30,NE,Purchase,Primary Residence,Single Family,Servicer_C,2021
LN101520,2024-01-01,292720.4,6.744,660-699,0-60,40-50,MA,Purchase,Primary Residence,Single Family,Servicer_A,2024
LN101521,2022-12-01,157185.96,5.871,700-739,70-80,20-30,MN,Purchase,Primary Residence,Single Family,Servicer_C,2022
LN101522,2019-05-01,114065.63,4.183,700-739,80-90,0-20,NE,Purchase,Primary Residence,Townhouse,Servicer_E,2019
LN101523,2019-01-01,285019.11,3.652,740-779,80-90,0-20,MO,Refinance,Primary Residence,Single Family,Servicer_E,2019
LN101524,2022-03-01,208069.31,4.491,780+,80-90,20-30,TN,Purchase,Primary Residence,Condominium,Servicer_A,2022
LN101525,2018-04-01,396416.3,4.274,660-699,70-80,40-50,RI,Purchase,Primary Residence,Single Family,Servicer_A,2018
LN101526,2020-03-01,124496.55,2.649,780+,80-90,20-30,LA,Refinance,Primary Residence,Single Family,Servicer_A,2020
LN101527,2018-12-01,164833.83,4.05,780+,80-90,0-20,MT,Purchase,Primary Residence,Single Family,Servicer_D,2018
LN101528,2018-02-01,75000.0,4.123,740-779,60-70,20-30,HI,Purchase,Primary Residence,Single Family,Servicer_B,2018
LN101529,2024-06-01,75193.91,5.908,740-779,70-80,0-20,FL,Refinance,Primary Residence,Condominium,Servicer_B,2024
LN101530,2018-08-01,672140.06,4.462,740-779,80-90,20-30,ME,Refinance,Primary Residence,Single Family,Servicer_B,2018
LN101531,2018-01-01,786379.86,4.498,740-779,60-70,40-50,AZ,Purchase,Primary Residence,Condominium,Servicer_A,2018
LN101532,2024-07-01,263080.57,7.077,740-779,70-80,30-40,TX,Purchase,Investment,Townhouse,Servicer_E,2024
LN101533,2019-04-01,158912.72,4.572,580-619,70-80,0-20,CT,Refinance,Primary Residence,Single Family,Servicer_B,2019
LN101534,2023-09-01,212154.34,6.07,780+,70-80,20-30,KY,Purchase,Primary Residence,Multi Unit,Servicer_A,2023
LN101535,2018-03-01,404206.84,4.084,700-739,0-60,0-20,IL,Refinance,Primary Residence,Single Family,Servicer_C,2018
LN101536,2019-01-01,188396.16,3.734,740-779,70-80,0-20,HI,Purchase,Investment,Single Family,Servicer_C,2019
LN101537,2018-10-01,284906.07,4.374,700-739,80-90,20-30,ME,Purchase,Primary Residence,Single Family,Servicer_C,2018
LN101538,2022-12-01,248252.18,6.845,580-619,0-60,20-30,OK,Refinance,Primary Residence,Townhouse,Servicer_D,2022
LN101539,2022-05-01,182840.46,5.253,700-739,60-70,30-40,VT,Refinance,Primary Residence,Condominium,Servicer_A,2022
LN101540,2021-04-01,187177.04,2.723,700-739,0-60,30-40,GA,Purchase,Primary Residence,Multi Unit,Servicer_A,2021
LN101541,2019-09-01,293767.14,4.218,700-739,0-60,0-20,ID,Purchase,Primary Residence,Condominium,Servicer_A,2019
LN101542,2018-08-01,146082.63,4.935,700-739,90-100,40-50,MS,Refinance,Primary Residence,Single Family,Servicer_C,2018
LN101543,2021-12-01,320509.55,3.33,660-699,70-80,20-30,KS,Purchase,Primary Residence,Townhouse,Servicer_E,2021
LN101544,2019-08-01,192884.68,3.615,700-739,60-70,20-30,SC,Refinance,Primary Residence,Multi Unit,Servicer_B,2019
LN101545,2022-02-01,268140.99,4.829,700-739,60-70,30-40,ID,Purchase,Primary Residence,Townhouse,Servicer_D,2022
LN101546,2022-10-01,535199.9,5.057,780+,90-100,0-20,MA,Purchase,Primary Residence,Single Family,Servicer_D,2022
LN101547,2023-12-01,227911.02,7.616,660-699,60-70,20-30,NV,Refinance,Primary Residence,Townhouse,Servicer_E,2023
LN101548,2021-06-01,414616.21,3.6,660-699,80-90,30-40,MD,Refinance,Primary Residence,Single Family,Servicer_B,2021
LN101549,2018-01-01,93302.12,4.772,660-699,60-70,20-30,NM,Purchase,Investment,Townhouse,Servicer_A,2018
LN101550,2019-12-01,193013.72,3.447,700-739,0-60,30-40,SC,Refinance,Primary Residence,Multi Unit,Servicer_D,2019
LN101551,2023-12-01,253836.32,7.283,700-739,80-90,0-20,NE,Purchase,Investment,Condominium,Servicer_D,2023
LN101552,2021-09-01,720029.94,2.103,740-779,0-60,30-40,MN,Purchase,Primary Residence,Single Family,Servicer_C,2021
LN101553,2022-05-01,85071.09,4.37,780+,70-80,0-20,WV,Purchase,Primary Residence,Single Family,Servicer_D,2022
LN101554,2021-03-01,237115.06,2.942,660-699,60-70,0-20,WY,Refinance,Primary Residence,Multi Unit,Servicer_B,2021
LN101555,2019-02-01,557041.52,4.476,740-779,80-90,20-30,WY,Purchase,Primary Residence,Townhouse,Servicer_C,2019
LN101556,2024-04-01,162341.1,8.809,580-619,80-90,30-40,AL,Purchase,Primary Residence,Condominium,Servicer_A,2024
LN101557,2023-05-01,222382.66,7.125,660-699,80-90,0-20,TN,Refinance,Primary Residence,Multi Unit,Servicer_B,2023
LN101558,2024-12-01,300040.47,6.438,700-739,0-60,30-40,VT,Purchase,Primary Residence,Single Family,Servicer_A,2024
LN101559,2023-12-01,276701.86,7.718,580-619,80-90,0-20,SD,Purchase,Primary Residence,Townhouse,Servicer_A,2023
LN101560,2020-01-01,591484.03,3.283,740-779,90-100,20-30,PA,Purchase,Second Home,Single Family,Servicer_A,2020
LN101561,2019-10-01,319936.17,3.639,740-779,60-70,20-30,ME,Refinance,Primary Residence,Single Family,Servicer_C,2019
LN101562,2019-09-01,518912.88,3.827,740-779,60-70,0-20,OR,Purchase,Primary Residence,Single Family,Servicer_D,2019
LN101563,2024-06-01,205091.52,7.313,700-739,80-90,40-50,NH,Refinance,Second Home,Single Family,Servicer_B,2024
LN101564,2021-11-01,166362.97,2.451,740-779,0-60,20-30,TN,Purchase,Primary Residence,Single Family,Servicer_B,2021
LN101565,2021-03-01,220812.33,3.127,700-739,70-80,30-40,LA,Purchase,Primary Residence,Townhouse,Servicer_A,2021
LN101566,2024-10-01,132152.19,7.43,620-659,80-90,20-30,PA,Refinance,Primary Residence,Single Family,Servicer_B,2024
LN101567,2022-03-01,326161.4,5.901,620-659,0-60,20-30,SC,Purchase,Primary Residence,Condominium,Servicer_B,2022
LN101568,2024-05-01,202194.07,6.438,740-779,70-80,30-40,TN,Purchase,Second Home,Single Family,Servicer_C,2024
LN101569,2024-11-01,172772.73,6.478,780+,70-80,30-40,FL,Purchase,Primary Residence,Townhouse,Servicer_E,2024
LN101570,2018-07-01,328889.9,5.754,580-619,60-70,30-40,UT,Purchase,Primary Residence,Single Family,Servicer_B,2018
LN101571,2020-07-01,133275.34,3.331,700-739,80-90,20-30,HI,Purchase,Primary Residence,Condominium,Servicer_C,2020
LN101572,2023-02-01,381929.92,6.598,740-779,0-60,30-40,WA,Refinance,Primary Residence,Condominium,Servicer_C,2023
LN101573,2023-09-01,192169.03,5.989,740-779,60-70,30-40,AK,Purchase,Second Home,Single Family,Servicer_A,2023
LN101574,2019-01-01,472937.84,3.821,700-739,80-90,20-30,ID,Purchase,Primary Residence,Single Family,Servicer_B,2019
LN101575,2020-03-01,201432.68,2.679,740-779,60-70,30-40,NM,Purchase,Primary Residence,Single Family,Servicer_A,2020
LN101576,2021-11-01,353898.88,2.477,740-779,80-90,20-30,NV,Purchase,Investment,Single Family,Servicer_B,2021
LN101577,2023-08-01,275950.15,5.988,780+,0-60,30-40,OH,Purchase,Primary Residence,Single Family,Servicer_E,2023
LN101578,2018-10-01,376382.89,5.028,620-659,70-80,40-50,MA,Refinance,Investment,Single Family,Servicer_B,2018
LN101579,2022-03-01,265584.14,5.033,780+,0-60,40-50,AL,Purchase,Primary Residence,Condominium,Servicer_B,2022
LN101580,2020-01-01,100142.32,4.353,580-619,70-80,30-40,NM,Refinance,Primary Residence,Single Family,Servicer_A,2020
LN101581,2019-07-01,435414.03,4.199,740-779,80-90,30-40,MT,Purchase,Second Home,Single Family,Servicer_B,2019
LN101582,2021-08-01,238229.69,3.851,620-659,80-90,30-40,MT,Purchase,Primary Residence,Single Family,Servicer_E,2021
LN101583,2020-11-01,385944.96,3.599,660-699,90-100,0-20,ME,Refinance,Investment,Single Family,Servicer_B,2020
LN101584,2022-06-01,365437.94,6.58,580-619,70-80,20-30,VT,Purchase,Primary Residence,Single Family,Servicer_D,2022
LN101585,2020-03-01,163391.29,3.529,700-739,80-90,20-30,SC,Refinance,Primary Residence,Condominium,Servicer_A,2020
LN101586,2023-10-01,151157.67,7.168,700-739,70-80,0-20,GA,Refinance,Second Home,Condominium,Servicer_A,2023
LN101587,2018-07-01,358491.96,5.15,660-699,90-100,40-50,AK,Refinance,Primary Residence,Single Family,Servicer_B,2018
LN101588,2024-01-01,211594.97,6.346,700-739,70-80,30-40,GA,Purchase,Primary Residence,Single Family,Servicer_E,2024
LN101589,2018-03-01,418424.73,4.225,700-739,80-90,20-30,AZ,Purchase,Primary Residence,Single Family,Servicer_A,2018
LN101590,2023-02-01,226659.84,6.362,740-779,60-70,20-30,OK,Purchase,Primary Residence,Condominium,Servicer_D,2023
LN101591,2020-06-01,438928.4,2.0,780+,70-80,30-40,NY,Refinance,Primary Residence,Single Family,Servicer_A,2020
LN101592,2020-09-01,315537.77,3.599,740-779,80-90,20-30,MS,Purchase,Second Home,Townhouse,Servicer_C,2020
LN101593,2018-02-01,292904.66,5.219,620-659,60-70,30-40,NJ,Purchase,Primary Residence,Condominium,Servicer_C,2018
LN101594,2022-11-01,203518.06,5.299,660-699,60-70,40-50,SD,Purchase,Primary Residence,Condominium,Servicer_C,2022
LN101595,2019-02-01,284091.43,3.507,780+,90-100,20-30,TN,Purchase,Primary Residence,Single Family,Servicer_B,2019
LN101596,2022-08-01,481800.4,6.248,620-659,70-80,0-20,MI,Purchase,Primary Residence,Townhouse,Servicer_A,2022
LN101597,2023-01-01,242655.42,6.376,700-739,60-70,20-30,NJ,Purchase,Primary Residence,Single Family,Servicer_E,2023
LN101598,2023-12-01,334824.62,5.905,780+,60-70,0-20,NH,Purchase,Primary Residence,Single Family,Servicer_C,2023
LN101599,2022-12-01,256456.47,4.61,780+,70-80,20-30,WV,Refinance,Second Home,Townhouse,Servicer_A,2022
LN101600,2020-02-01,267733.78,3.144,700-739,70-80,0-20,RI,Purchase,Primary Residence,Condominium,Servicer_B,2020
LN101601,2023-03-01,645055.81,7.146,740-779,90-100,0-20,KS,Purchase,Primary Residence,Single Family,Servicer_A,2023
LN101602,2023-10-01,484158.55,7.568,700-739,90-100,20-30,VT,Purchase,Investment,Single Family,Servicer_B,2023
LN101603,2020-03-01,261159.94,3.173,740-779,70-80,0-20,MD,Purchase,Primary Residence,Single Family,Servicer_B,2020
LN101604,2018-11-01,281296.89,5.94,580-619,80-90,30-40,PA,Purchase,Primary Residence,Townhouse,Servicer_A,2018
LN101605,2024-03-01,169937.74,7.296,660-699,60-70,0-20,WI,Purchase,Investment,Single Family,Servicer_B,2024
LN101606,2019-01-01,227312.69,3.689,740-779,80-90,30-40,SD,Purchase,Primary Residence,Single Family,Servicer_C,2019
LN101607,2022-02-01,296376.23,4.944,660-699,60-70,0-20,CO,Refinance,Primary Residence,Single Family,Servicer_E,2022
LN101608,2019-08-01,399134.48,3.289,740-779,0-60,0-20,HI,Purchase,Primary Residence,Multi Unit,Servicer_C,2019
LN101609,2018-11-01,377485.6,4.698,700-739,90-100,0-20,SC,Purchase,Second Home,Single Family,Servicer_B,2018
LN101610,2023-06-01,135825.16,6.32,780+,80-90,30-40,CT,Purchase,Investment,Single Family,Servicer_D,2023
LN101611,2019-01-01,427862.3,3.302,740-779,60-70,20-30,AL,Purchase,Primary Residence,Townhouse,Servicer_A,2019
LN101612,2022-09-01,238086.82,5.202,700-739,70-80,20-30,IL,Purchase,Investment,Single Family,Servicer_C,2022
LN101613,2022-11-01,145273.14,5.276,740-779,70-80,0-20,MO,Purchase,Primary Residence,Townhouse,Servicer_A,2022
LN101614,2018-06-01,521376.55,5.205,660-699,60-70,40-50,CT,Purchase,Primary Residence,Condominium,Servicer_A,2018
LN101615,2019-03-01,559064.23,3.322,700-739,60-70,0-20,DE,Purchase,Primary Residence,Single Family,Servicer_C,2019
LN101616,2023-07-01,289027.48,6.474,660-699,0-60,20-30,KY,Refinance,Investment,Condominium,Servicer_A,2023
LN101617,2021-07-01,369184.82,2.223,780+,70-80,30-40,NJ,Purchase,Investment,Multi Unit,Servicer_C,2021
LN101618,2018-11-01,381289.14,4.52,740-779,70-80,0-20,NV,Purchase,Primary Residence,Single Family,Servicer_C,2018
LN101619,2024-12-01,538687.49,6.279,780+,70-80,20-30,SC,Purchase,Second Home,Single Family,Servicer_A,2024
LN101620,2019-11-01,373119.45,3.123,780+,60-70,30-40,WY,Purchase,Primary Residence,Townhouse,Servicer_B,2019
LN101621,2018-01-01,120449.72,4.655,780+,90-100,20-30,AK,Refinance,Primary Residence,Single Family,Servicer_C,2018
LN101622,2024-06-01,755103.77,7.377,660-699,70-80,0-20,OH,Purchase,Primary Residence,Single Family,Servicer_C,2024
LN101623,2018-02-01,449246.71,4.234,780+,80-90,20-30,FL,Purchase,Investment,Single Family,Servicer_D,2018
LN101624,2021-11-01,188900.91,2.515,700-739,0-60,0-20,ME,Refinance,Primary Residence,Townhouse,Servicer_B,2021
LN101625,2024-12-01,141906.32,6.921,700-739,70-80,40-50,LA,Purchase,Primary Residence,Condominium,Servicer_D,2024
LN101626,2022-01-01,330005.16,5.47,700-739,80-90,30-40,OK,Purchase,Investment,Multi Unit,Servicer_B,2022
LN101627,2022-02-01,214523.2,5.168,700-739,60-70,20-30,IL,Purchase,Primary Residence,Single Family,Servicer_A,2022
LN101628,2020-09-01,299752.87,3.106,660-699,60-70,0-20,VT,Refinance,Primary Residence,Multi Unit,Servicer_C,2020
LN101629,2018-11-01,376280.43,4.967,660-699,60-70,30-40,MD,Purchase,Primary Residence,Single Family,Servicer_A,2018
LN101630,2022-01-01,183079.02,5.915,620-659,60-70,30-40,SD,Purchase,Primary Residence,Condominium,Servicer_A,2022
LN101631,2024-04-01,135314.48,7.151,700-739,70-80,0-20,WV,Purchase,Primary Residence,Condominium,Servicer_A,2024
LN101632,2018-08-01,309098.83,4.341,780+,60-70,30-40,MT,Purchase,Primary Residence,Single Family,Servicer_D,2018
LN101633,2024-02-01,186437.79,6.628,740-779,60-70,20-30,CO,Purchase,Second Home,Single Family,Servicer_E,2024
LN101634,2020-11-01,270917.3,2.958,700-739,70-80,30-40,OK,Purchase,Primary Residence,Single Family,Servicer_E,2020
LN101635,2021-10-01,119418.17,3.072,700-739,0-60,20-30,MI,Purchase,Primary Residence,Single Family,Servicer_B,2021
LN101636,2019-02-01,217622.18,3.98,700-739,60-70,0-20,KY,Purchase,Second Home,Condominium,Servicer_B,2019
LN101637,2022-05-01,370437.4,6.571,660-699,80-90,30-40,MN,Purchase,Primary Residence,Single Family,Servicer_D,2022
LN101638,2019-04-01,348878.53,3.583,740-779,0-60,30-40,IA,Refinance,Second Home,Condominium,Servicer_B,2019
LN101639,2019-11-01,162043.37,4.299,660-699,60-70,20-30,IA,Refinance,Primary Residence,Single Family,Servicer_B,2019
LN101640,2023-01-01,131487.99,6.547,740-779,60-70,0-20,WY,Refinance,Investment,Single Family,Servicer_A,2023
LN101641,2018-05-01,252176.93,4.06,740-779,0-60,30-40,IN,Refinance,Primary Residence,Condominium,Servicer_C,2018
LN101642,2021-02-01,340368.53,2.882,700-739,70-80,0-20,MN,Purchase,Primary Residence,Single Family,Servicer_C,2021
LN101643,2022-02-01,312407.13,4.728,780+,0-60,20-30,OK,Purchase,Primary Residence,Multi Unit,Servicer_B,2022
LN101644,2018-12-01,188627.28,4.846,660-699,60-70,30-40,ID,Purchase,Investment,Multi Unit,Servicer_A,2018
LN101645,2020-01-01,294495.69,3.356,780+,90-100,0-20,NM,Refinance,Investment,Single Family,Servicer_D,2020
LN101646,2020-05-01,571209.72,3.353,740-779,90-100,0-20,VT,Purchase,Primary Residence,Single Family,Servicer_C,2020
LN101647,2022-08-01,279860.28,4.851,740-779,60-70,0-20,SD,Purchase,Primary Residence,Single Family,Servicer_A,2022
LN101648,2024-11-01,101822.34,6.392,740-779,60-70,40-50,AK,Purchase,Primary Residence,Condominium,Servicer_B,2024
LN101649,2023-11-01,279561.16,5.913,780+,70-80,20-30,MA,Refinance,Primary Residence,Single Family,Servicer_E,2023
LN101650,2019-04-01,769420.21,4.138,780+,80-90,30-40,AL,Refinance,Second Home,Multi Unit,Servicer_C,2019
LN101651,2018-02-01,123149.12,4.578,700-739,80-90,40-50,NM,Refinance,Second Home,Multi Unit,Servicer_C,2018
LN101652,2018-05-01,254120.73,4.38,740-779,0-60,30-40,KY,Purchase,Primary Residence,Single Family,Servicer_C,2018
LN101653,2022-03-01,220737.99,4.973,740-779,0-60,20-30,VT,Purchase,Investment,Condominium,Servicer_E,2022
LN101654,2019-02-01,263537.73,4.031,700-739,70-80,20-30,FL,Refinance,Primary Residence,Single Family,Servicer_B,2019
LN101655,2019-08-01,278188.68,3.605,780+,80-90,20-30,TX,Purchase,Primary Residence,Single Family,Servicer_B,2019
LN101656,2023-12-01,467989.34,6.774,700-739,80-90,20-30,LA,Purchase,Primary Residence,Single Family,Servicer_B,2023
LN101657,2024-02-01,261933.78,6.349,700-739,0-60,40-50,WA,Purchase,Primary Residence,Condominium,Servicer_D,2024
LN101658,2023-11-01,504694.69,7.929,620-659,70-80,30-40,GA,Purchase,Primary Residence,Single Family,Servicer_A,2023
LN101659,2019-10-01,234334.67,4.024,660-699,0-60,20-30,IN,Refinance,Primary Residence,Townhouse,Servicer_A,2019
LN101660,2022-05-01,206208.07,5.378,780+,80-90,20-30,LA,Purchase,Primary Residence,Single Family,Servicer_A,2022
LN101661,2022-04-01,173020.53,6.155,700-739,90-100,30-40,WY,Refinance,Primary Residence,Condominium,Servicer_C,2022
LN101662,2019-04-01,92025.26,3.817,700-739,70-80,0-20,OR,Refinance,Primary Residence,Townhouse,Servicer_C,2019
LN101663,2021-11-01,290946.88,3.137,660-699,0-60,30-40,SD,Purchase,Primary Residence,Condominium,Servicer_B,2021
LN101664,2021-09-01,773682.11,2.974,700-739,70-80,20-30,NV,Purchase,Primary Residence,Single Family,Servicer_A,2021
LN101665,2020-10-01,321658.5,2.513,740-779,70-80,30-40,SC,Purchase,Primary Residence,Single Family,Servicer_D,2020
LN101666,2023-04-01,364735.33,6.454,780+,80-90,30-40,NY,Purchase,Primary Residence,Single Family,Servicer_A,2023
LN101667,2022-09-01,199196.88,6.016,620-659,60-70,20-30,ND,Purchase,Second Home,Single Family,Servicer_D,2022
LN101668,2021-09-01,218563.71,3.01,700-739,80-90,0-20,TN,Refinance,Primary Residence,Multi Unit,Servicer_A,2021
LN101669,2023-01-01,429668.39,6.613,700-739,60-70,30-40,WY,Purchase,Primary Residence,Single Family,Servicer_E,2023
LN101670,2023-05-01,754641.21,6.308,740-779,0-60,20-30,NH,Purchase,Primary Residence,Single Family,Servicer_B,2023
LN101671,2021-12-01,566701.26,3.493,700-739,60-70,20-30,MN,Refinance,Primary Residence,Condominium,Servicer_C,2021
LN101672,2019-11-01,389298.14,3.19,700-739,0-60,20-30,NC,Refinance,Primary Residence,Single Family,Servicer_A,2019
LN101673,2023-04-01,254880.23,6.86,700-739,60-70,20-30,PA,Purchase,Primary Residence,Townhouse,Servicer_A,2023
LN101674,2023-01-01,280565.25,6.734,700-739,70-80,30-40,WY,Purchase,Primary Residence,Single Family,Servicer_C,2023
LN101675,2024-11-01,165179.36,6.448,700-739,0-60,0-20,OH,Purchase,Primary Residence,Single Family,Servicer_C,2024
LN101676,2019-01-01,112726.98,3.657,700-739,0-60,20-30,WV,Purchase,Primary Residence,Condominium,Servicer_D,2019
LN101677,2020-12-01,134521.2,2.86,740-779,0-60,30-40,OR,Purchase,Investment,Single Family,Servicer_C,2020
LN101678,2024-06-01,256942.14,6.607,740-779,0-60,0-20,WV,Purchase,Primary Residence,Multi Unit,Servicer_C,2024
LN101679,2021-08-01,212909.07,3.216,700-739,80-90,20-30,PA,Purchase,Primary Residence,Single Family,Servicer_D,2021
LN101680,2024-08-01,111415.67,7.318,740-779,90-100,30-40,VT,Purchase,Primary Residence,Single Family,Servicer_B,2024
LN101681,2018-02-01,244920.35,4.221,780+,0-60,30-40,GA,Purchase,Primary Residence,Single Family,Servicer_E,2018
LN101682,2018-03-01,209835.57,5.235,660-699,80-90,20-30,WY,Purchase,Primary Residence,Single Family,Servicer_B,2018
LN101683,2023-07-01,131156.86,6.846,700-739,80-90,30-40,LA,Purchase,Second Home,Condominium,Servicer_B,2023
LN101684,2020-07-01,203947.47,3.908,660-699,90-100,0-20,SC,Purchase,Primary Residence,Single Family,Servicer_D,2020
LN101685,2021-08-01,209544.63,2.76,740-779,60-70,20-30,MD,Purchase,Primary Residence,Single Family,Servicer_A,2021
LN101686,2020-12-01,178093.82,3.015,660-699,60-70,40-50,MN,Refinance,Investment,Townhouse,Servicer_A,2020
LN101687,2020-11-01,416184.85,2.389,740-779,70-80,30-40,PA,Purchase,Primary Residence,Single Family,Servicer_A,2020
LN101688,2024-07-01,87782.75,6.683,660-699,80-90,20-30,NV,Purchase,Primary Residence,Condominium,Servicer_B,2024
LN101689,2018-08-01,83870.29,4.761,700-739,80-90,20-30,OK,Purchase,Primary Residence,Single Family,Servicer_C,2018
LN101690,2023-05-01,250452.2,6.399,780+,70-80,20-30,AR,Refinance,Primary Residence,Townhouse,Servicer_A,2023
LN101691,2024-03-01,263573.13,6.385,700-739,60-70,0-20,TN,Purchase,Second Home,Single Family,Servicer_A,2024
LN101692,2022-08-01,312242.22,5.354,780+,80-90,30-40,MA,Purchase,Primary Residence,Single Family,Servicer_B,2022
LN101693,2020-10-01,185865.91,2.856,780+,80-90,30-40,SC,Refinance,Investment,Single Family,Servicer_B,2020
LN101694,2019-02-01,150897.81,3.845,780+,70-80,20-30,IA,Purchase,Primary Residence,Single Family,Servicer_A,2019
LN101695,2022-10-01,248996.05,5.701,660-699,70-80,20-30,NJ,Purchase,Primary Residence,Single Family,Servicer_A,2022
LN101696,2021-04-01,196093.77,2.39,740-779,70-80,20-30,NJ,Purchase,Primary Residence,Single Family,Servicer_D,2021
LN101697,2019-01-01,586721.46,5.277,580-619,70-80,0-20,CT,Refinance,Primary Residence,Townhouse,Servicer_C,2019
LN101698,2020-07-01,209167.62,3.311,700-739,70-80,30-40,MS,Refinance,Primary Residence,Single Family,Servicer_B,2020
LN101699,2024-09-01,242792.97,6.376,780+,80-90,20-30,NY,Purchase,Primary Residence,Multi Unit,Servicer_A,2024
LN101700,2019-11-01,975490.96,3.657,740-779,90-100,0-20,TN,Refinance,Primary Residence,Single Family,Servicer_A,2019
LN101701,2019-03-01,224604.89,3.97,700-739,70-80,30-40,VT,Refinance,Primary Residence,Single Family,Servicer_B,2019
LN101702,2022-10-01,339456.97,4.94,700-739,60-70,40-50,MD,Purchase,Investment,Single Family,Servicer_B,2022
LN101703,2019-05-01,356712.85,3.926,740-779,60-70,0-20,NC,Purchase,Primary Residence,Single Family,Servicer_E,2019
LN101704,2024-06-01,373804.08,6.268,740-779,0-60,20-30,FL,Purchase,Primary Residence,Townhouse,Servicer_D,2024
LN101705,2024-01-01,293148.38,7.257,700-739,60-70,20-30,VT,Purchase,Second Home,Single Family,Servicer_B,2024
LN101706,2024-11-01,278125.75,5.503,780+,0-60,0-20,UT,Purchase,Primary Residence,Townhouse,Servicer_A,2024
LN101707,2024-05-01,264183.72,7.13,660-699,70-80,20-30,WY,Refinance,Investment,Single Family,Servicer_C,2024
LN101708,2019-09-01,182119.72,4.419,660-699,0-60,30-40,MO,Purchase,Investment,Single Family,Servicer_E,2019
LN101709,2019-06-01,299015.75,3.323,740-779,60-70,0-20,LA,Purchase,Primary Residence,Single Family,Servicer_A,2019
LN101710,2020-05-01,762968.03,2.762,780+,80-90,0-20,PA,Purchase,Primary Residence,Condominium,Servicer_D,2020
LN101711,2021-04-01,486548.2,2.989,660-699,60-70,30-40,OR,Purchase,Primary Residence,Single Family,Servicer_A,2021
LN101712,2024-02-01,295484.34,6.885,660-699,70-80,20-30,HI,Purchase,Primary Residence,Multi Unit,Servicer_C,2024
LN101713,2023-02-01,400281.2,7.883,620-659,90-100,30-40,NE,Purchase,Primary Residence,Single Family,Servicer_A,2023
LN101714,2022-07-01,154998.3,4.451,780+,70-80,30-40,NC,Purchase,Primary Residence,Single Family,Servicer_C,2022
LN101715,2024-02-01,216627.49,6.957,660-699,60-70,30-40,MN,Purchase,Investment,Condominium,Servicer_A,2024
LN101716,2022-07-01,421061.26,5.395,700-739,60-70,30-40,ME,Purchase,Primary Residence,Single Family,Servicer_C,2022
LN101717,2020-08-01,566457.96,2.545,780+,70-80,30-40,ID,Refinance,Primary Residence,Townhouse,Servicer_C,2020
LN101718,2020-11-01,163609.83,4.01,580-619,70-80,30-40,MA,Purchase,Primary Residence,Single Family,Servicer_C,2020
LN101719,2021-08-01,191614.85,3.069,700-739,0-60,20-30,IL,Purchase,Investment,Condominium,Servicer_C,2021
LN101720,2018-08-01,829827.3,4.759,700-739,70-80,20-30,KS,Purchase,Primary Residence,Single Family,Servicer_A,2018
LN101721,2023-03-01,263592.57,6.248,740-779,70-80,20-30,GA,Purchase,Second Home,Multi Unit,Servicer_C,2023
LN101722,2022-07-01,681509.37,4.852,700-739,60-70,20-30,ME,Purchase,Second Home,Single Family,Servicer_A,2022
LN101723,2023-02-01,280124.02,6.524,700-739,70-80,0-20,NY,Purchase,Primary Residence,Townhouse,Servicer_C,2023
LN101724,2021-09-01,286248.43,3.174,660-699,0-60,20-30,ME,Purchase,Primary Residence,Single Family,Servicer_A,2021
LN101725,2023-06-01,211334.23,6.543,740-779,60-70,20-30,DE,Refinance,Primary Residence,Townhouse,Servicer_B,2023
LN101726,2024-08-01,419836.88,7.027,740-779,80-90,0-20,SD,Purchase,Primary Residence,Townhouse,Servicer_B,2024
LN101727,2021-12-01,527547.32,3.362,620-659,60-70,20-30,MI,Refinance,Primary Residence,Townhouse,Servicer_E,2021
LN101728,2021-02-01,141487.26,2.683,700-739,70-80,30-40,NJ,Refinance,Primary Residence,Single Family,Servicer_C,2021
LN101729,2018-09-01,205945.82,4.316,780+,70-80,20-30,NE,Purchase,Investment,Single Family,Servicer_A,2018
LN101730,2023-06-01,413539.94,7.744,580-619,60-70,30-40,MT,Purchase,Primary Residence,Townhouse,Servicer_C,2023
LN101731,2024-04-01,232806.86,7.546,660-699,90-100,20-30,MI,Refinance,Primary Residence,Single Family,Servicer_A,2024
LN101732,2022-11-01,190585.12,4.775,700-739,60-70,30-40,PA,Purchase,Primary Residence,Condominium,Servicer_B,2022
LN101733,2024-01-01,435593.34,6.569,700-739,60-70,30-40,TX,Refinance,Primary Residence,Single Family,Servicer_B,2024
LN101734,2024-01-01,458683.39,7.793,660-699,90-100,0-20,VA,Purchase,Primary Residence,Single Family,Servicer_D,2024
LN101735,2023-08-01,195225.98,6.795,700-739,80-90,40-50,MN,Refinance,Primary Residence,Single Family,Servicer_E,2023
LN101736,2021-07-01,280974.1,3.654,660-699,80-90,0-20,LA,Refinance,Primary Residence,Condominium,Servicer_E,2021
LN101737,2018-09-01,128611.96,3.641,700-739,0-60,20-30,CA,Refinance,Primary Residence,Single Family,Servicer_A,2018
LN101738,2018-01-01,152771.97,3.922,740-779,0-60,30-40,MN,Purchase,Primary Residence,Single Family,Servicer_A,2018
LN101739,2019-06-01,267669.17,3.889,700-739,70-80,20-30,WY,Refinance,Primary Residence,Townhouse,Servicer_D,2019
LN101740,2021-01-01,254355.95,3.983,620-659,60-70,20-30,IN,Purchase,Primary Residence,Single Family,Servicer_B,2021
LN101741,2023-03-01,146889.27,5.859,780+,60-70,20-30,TX,Purchase,Primary Residence,Townhouse,Servicer_C,2023
LN101742,2021-03-01,168624.65,3.611,660-699,80-90,0-20,PA,Purchase,Primary Residence,Single Family,Servicer_E,2021
LN101743,2018-02-01,139168.65,4.507,740-779,60-70,0-20,ND,Purchase,Second Home,Single Family,Servicer_A,2018
LN101744,2019-06-01,321097.19,3.524,700-739,0-60,0-20,NH,Purchase,Primary Residence,Single Family,Servicer_B,2019
LN101745,2024-11-01,84712.18,6.278,740-779,0-60,0-20,PA,Purchase,Primary Residence,Single Family,Servicer_D,2024
LN101746,2024-11-01,143321.94,7.132,660-699,70-80,30-40,CA,Purchase,Second Home,Condominium,Servicer_C,2024
LN101747,2020-08-01,89733.4,2.916,660-699,70-80,20-30,CT,Purchase,Primary Residence,Single Family,Servicer_E,2020
LN101748,2023-08-01,314795.19,6.873,700-739,80-90,20-30,GA,Purchase,Investment,Single Family,Servicer_C,2023
LN101749,2023-01-01,92754.62,8.193,580-619,0-60,30-40,RI,Refinance,Primary Residence,Single Family,Servicer_B,2023
LN101750,2024-07-01,254401.05,7.147,660-699,60-70,0-20,MI,Refinance,Primary Residence,Condominium,Servicer_D,2024
LN101751,2024-03-01,615970.53,6.543,740-779,70-80,20-30,HI,Refinance,Primary Residence,Townhouse,Servicer_D,2024
LN101752,2022-05-01,627566.48,5.024,740-779,60-70,30-40,AZ,Refinance,Primary Residence,Single Family,Servicer_E,2022
LN101753,2020-10-01,92592.83,3.884,620-659,70-80,40-50,MO,Purchase,Second Home,Single Family,Servicer_B,2020
LN101754,2022-05-01,294590.48,5.472,780+,90-100,20-30,MD,Purchase,Investment,Single Family,Servicer_B,2022
LN101755,2020-03-01,145115.03,2.693,740-779,70-80,0-20,FL,Purchase,Primary Residence,Condominium,Servicer_B,2020
LN101756,2020-06-01,129701.56,3.07,780+,70-80,30-40,AK,Purchase,Primary Residence,Single Family,Servicer_A,2020
LN101757,2022-04-01,234874.76,5.885,740-779,90-100,30-40,PA,Purchase,Primary Residence,Single Family,Servicer_E,2022
LN101758,2021-12-01,491283.35,2.713,740-779,0-60,20-30,RI,Refinance,Primary Residence,Townhouse,Servicer_E,2021
LN101759,2022-01-01,347676.8,5.487,700-739,90-100,0-20,IL,Purchase,Primary Residence,Single Family,Servicer_C,2022
LN101760,2020-09-01,168701.93,2.554,740-779,70-80,0-20,MO,Refinance,Investment,Condominium,Servicer_E,2020
LN101761,2020-11-01,368422.22,2.512,780+,70-80,20-30,IL,Purchase,Primary Residence,Single Family,Servicer_B,2020
LN101762,2018-01-01,75000.0,5.558,620-659,90-100,40-50,MA,Refinance,Primary Residence,Townhouse,Servicer_D,2018
LN101763,2022-03-01,165230.38,5.059,660-699,70-80,30-40,CO,Purchase,Primary Residence,Single Family,Servicer_C,2022
LN101764,2022-01-01,158907.23,6.088,620-659,70-80,20-30,WV,Refinance,Investment,Single Family,Servicer_C,2022
LN101765,2024-07-01,261004.41,6.626,780+,60-70,30-40,OR,Purchase,Investment,Single Family,Servicer_C,2024
LN101766,2021-07-01,223610.46,3.133,700-739,70-80,30-40,VA,Purchase,Primary Residence,Single Family,Servicer_C,2021
LN101767,2021-04-01,231285.25,2.507,740-779,70-80,20-30,IA,Purchase,Primary Residence,Condominium,Servicer_D,2021
LN101768,2018-06-01,227094.26,3.702,780+,60-70,30-40,UT,Purchase,Second Home,Single Family,Servicer_B,2018
LN101769,2019-05-01,253100.06,3.73,780+,80-90,20-30,MT,Purchase,Primary Residence,Single Family,Servicer_D,2019
LN101770,2020-05-01,336478.06,3.314,660-699,70-80,20-30,GA,Purchase,Investment,Condominium,Servicer_A,2020
LN101771,2020-08-01,271399.79,2.993,740-779,70-80,20-30,KY,Purchase,Investment,Single Family,Servicer_A,2020
LN101772,2020-07-01,213805.65,2.591,780+,0-60,20-30,SD,Refinance,Primary Residence,Condominium,Servicer_C,2020
LN101773,2020-10-01,311818.87,4.038,620-659,70-80,40-50,RI,Purchase,Primary Residence,Condominium,Servicer_D,2020
LN101774,2023-05-01,393794.37,6.02,740-779,0-60,20-30,OR,Purchase,Primary Residence,Single Family,Servicer_E,2023
LN101775,2018-12-01,184130.86,4.406,700-739,0-60,20-30,ID,Refinance,Investment,Condominium,Servicer_A,2018
LN101776,2020-04-01,241964.11,2.751,740-779,70-80,20-30,NC,Purchase,Primary Residence,Townhouse,Servicer_A,2020
LN101777,2019-02-01,473669.36,3.71,700-739,0-60,20-30,WV,Refinance,Investment,Townhouse,Servicer_B,2019
LN101778,2020-02-01,136311.48,3.519,660-699,60-70,20-30,AZ,Purchase,Primary Residence,Single Family,Servicer_D,2020
LN101779,2022-10-01,674550.89,6.232,620-659,70-80,30-40,KY,Purchase,Investment,Single Family,Servicer_E,2022
LN101780,2018-04-01,119692.47,5.46,620-659,60-70,20-30,CA,Purchase,Primary Residence,Townhouse,Servicer_D,2018
LN101781,2020-05-01,206750.01,4.238,620-659,90-100,20-30,CO,Purchase,Primary Residence,Condominium,Servicer_B,2020
LN101782,2018-02-01,148243.53,4.657,740-779,90-100,30-40,WY,Purchase,Primary Residence,Single Family,Servicer_D,2018
LN101783,2024-09-01,832822.69,6.764,700-739,70-80,0-20,IL,Refinance,Primary Residence,Single Family,Servicer_A,2024
LN101784,2023-02-01,189543.47,6.94,660-699,90-100,30-40,FL,Purchase,Primary Residence,Condominium,Servicer_E,2023
LN101785,2019-09-01,189805.2,4.292,740-779,80-90,20-30,AR,Refinance,Investment,Condominium,Servicer_C,2019
LN101786,2019-05-01,203883.57,3.493,740-779,60-70,20-30,WY,Purchase,Primary Residence,Townhouse,Servicer_B,2019
LN101787,2018-09-01,263497.13,4.892,700-739,80-90,30-40,MS,Purchase,Investment,Townhouse,Servicer_C,2018
LN101788,2021-04-01,208683.33,2.464,780+,0-60,30-40,SC,Refinance,Primary Residence,Single Family,Servicer_D,2021
LN101789,2023-04-01,232379.82,6.636,700-739,80-90,30-40,IL,Refinance,Primary Residence,Condominium,Servicer_A,2023
LN101790,2022-02-01,75000.0,4.813,740-779,70-80,20-30,NC,Purchase,Investment,Single Family,Servicer_A,2022
LN101791,2024-03-01,257984.33,7.704,620-659,0-60,20-30,VT,Purchase,Primary Residence,Single Family,Servicer_D,2024
LN101792,2020-05-01,252460.44,2.847,740-779,60-70,30-40,ND,Purchase,Investment,Single Family,Servicer_E,2020
LN101793,2019-12-01,442603.24,3.666,780+,90-100,20-30,MT,Purchase,Investment,Townhouse,Servicer_C,2019
LN101794,2021-05-01,513599.84,2.322,780+,60-70,30-40,HI,Refinance,Primary Residence,Single Family,Servicer_A,2021
LN101795,2019-05-01,225477.75,4.166,700-739,60-70,20-30,ID,Purchase,Second Home,Single Family,Servicer_C,2019
LN101796,2024-10-01,391657.18,6.77,740-779,60-70,30-40,NJ,Refinance,Primary Residence,Single Family,Servicer_A,2024
LN101797,2019-04-01,136400.87,3.5,700-739,70-80,0-20,MN,Purchase,Primary Residence,Single Family,Servicer_B,2019
LN101798,2021-05-01,381266.73,3.4,740-779,80-90,20-30,AZ,Purchase,Primary Residence,Single Family,Servicer_A,2021
LN101799,2021-08-01,182472.45,3.2,740-779,80-90,0-20,GA,Purchase,Second Home,Single Family,Servicer_B,2021
LN101800,2018-05-01,130304.93,3.994,780+,70-80,20-30,MI,Purchase,Primary Residence,Single Family,Servicer_B,2018
LN101801,2021-04-01,225740.73,2.502,700-739,60-70,30-40,FL,Purchase,Primary Residence,Single Family,Servicer_A,2021
LN101802,2021-03-01,540081.88,3.676,620-659,0-60,20-30,NV,Refinance,Investment,Townhouse,Servicer_B,2021
LN101803,2019-10-01,276169.27,3.833,740-779,70-80,20-30,KS,Refinance,Primary Residence,Condominium,Servicer_C,2019
LN101804,2018-11-01,569369.38,4.903,620-659,80-90,30-40,IA,Refinance,Investment,Townhouse,Servicer_B,2018
LN101805,2018-04-01,165613.69,4.92,660-699,80-90,30-40,CO,Purchase,Primary Residence,Single Family,Servicer_A,2018
LN101806,2018-01-01,444868.63,5.478,700-739,70-80,20-30,MT,Refinance,Primary Residence,Single Family,Servicer_C,2018
LN101807,2021-05-01,174648.07,2.715,740-779,70-80,40-50,GA,Refinance,Primary Residence,Single Family,Servicer_D,2021
LN101808,2018-08-01,282984.38,4.567,660-699,70-80,20-30,NY,Refinance,Primary Residence,Multi Unit,Servicer_D,2018
LN101809,2024-09-01,281641.92,6.787,660-699,70-80,30-40,WA,Purchase,Primary Residence,Single Family,Servicer_B,2024
LN101810,2019-09-01,359703.96,5.072,620-659,70-80,0-20,VA,Purchase,Primary Residence,Single Family,Servicer_C,2019
LN101811,2022-07-01,286967.3,5.294,780+,80-90,20-30,ND,Refinance,Second Home,Multi Unit,Servicer_D,2022
LN101812,2022-09-01,166485.7,5.512,740-779,70-80,20-30,SD,Purchase,Primary Residence,Multi Unit,Servicer_C,2022
LN101813,2021-06-01,405706.4,4.634,580-619,90-100,0-20,WA,Purchase,Primary Residence,Single Family,Servicer_C,2021
LN101814,2024-03-01,647987.91,8.416,580-619,70-80,20-30,OH,Purchase,Primary Residence,Condominium,Servicer_A,2024
LN101815,2018-10-01,181339.15,4.086,700-739,0-60,0-20,IL,Purchase,Primary Residence,Single Family,Servicer_B,2018
LN101816,2019-08-01,91111.43,4.139,660-699,60-70,30-40,MT,Purchase,Primary Residence,Single Family,Servicer_B,2019
LN101817,2019-10-01,329009.52,3.776,740-779,70-80,0-20,TX,Refinance,Primary Residence,Single Family,Servicer_B,2019
LN101818,2018-12-01,208369.24,4.955,700-739,70-80,0-20,ND,Purchase,Second Home,Multi Unit,Servicer_E,2018
LN101819,2020-01-01,232607.93,2.706,780+,70-80,40-50,ME,Purchase,Investment,Single Family,Servicer_A,2020
LN101820,2020-03-01,339460.87,3.372,660-699,80-90,30-40,FL,Purchase,Second Home,Condominium,Servicer_C,2020
LN101821,2023-05-01,194502.51,6.479,740-779,60-70,40-50,DE,Refinance,Primary Residence,Single Family,Servicer_E,2023
LN101822,2020-02-01,215636.11,3.207,620-659,70-80,20-30,ME,Purchase,Primary Residence,Condominium,Servicer_C,2020
LN101823,2024-02-01,236605.73,5.844,780+,80-90,0-20,SD,Purchase,Primary Residence,Condominium,Servicer_A,2024
LN101824,2023-05-01,561058.73,6.559,780+,70-80,20-30,NV,Purchase,Primary Residence,Condominium,Servicer_E,2023
LN101825,2024-04-01,254168.95,6.478,740-779,70-80,20-30,AZ,Purchase,Primary Residence,Townhouse,Servicer_B,2024
LN101826,2018-09-01,126702.33,4.262,700-739,0-60,0-20,VA,Purchase,Investment,Condominium,Servicer_A,2018
LN101827,2024-11-01,129506.07,7.339,660-699,70-80,30-40,MA,Purchase,Primary Residence,Condominium,Servicer_B,2024
LN101828,2022-04-01,269896.18,5.709,740-779,80-90,30-40,MD,Refinance,Primary Residence,Single Family,Servicer_A,2022
LN101829,2024-11-01,134326.78,7.15,740-779,90-100,30-40,SD,Purchase,Primary Residence,Multi Unit,Servicer_D,2024
LN101830,2020-06-01,105868.1,3.938,660-699,70-80,20-30,ME,Refinance,Investment,Single Family,Servicer_A,2020
LN101831,2024-09-01,354605.43,6.891,700-739,60-70,30-40,NM,Purchase,Primary Residence,Single Family,Servicer_D,2024
LN101832,2022-02-01,364284.46,5.631,700-739,80-90,20-30,WA,Purchase,Second Home,Single Family,Servicer_A,2022
LN101833,2018-07-01,204176.71,4.562,740-779,80-90,40-50,MT,Purchase,Primary Residence,Single Family,Servicer_E,2018
LN101834,2020-11-01,293821.82,2.374,740-779,60-70,20-30,NM,Purchase,Primary Residence,Condominium,Servicer_A,2020
LN101835,2018-12-01,277252.27,4.777,740-779,80-90,0-20,LA,Refinance,Investment,Single Family,Servicer_E,2018
LN101836,2024-08-01,348205.07,5.656,740-779,0-60,0-20,VT,Refinance,Primary Residence,Single Family,Servicer_A,2024
LN101837,2020-02-01,348651.68,2.984,660-699,0-60,30-40,AR,Purchase,Primary Residence,Townhouse,Servicer_D,2020
LN101838,2019-07-01,75000.0,3.747,700-739,0-60,40-50,IN,Purchase,Primary Residence,Townhouse,Servicer_D,2019
LN101839,2021-11-01,219025.13,3.123,620-659,0-60,30-40,WY,Refinance,Primary Residence,Single Family,Servicer_C,2021
LN101840,2020-12-01,332389.75,2.924,740-779,80-90,30-40,MO,Purchase,Primary Residence,Multi Unit,Servicer_A,2020
LN101841,2018-09-01,199479.16,5.092,700-739,70-80,40-50,FL,Purchase,Second Home,Single Family,Servicer_C,2018
LN101842,2023-09-01,255027.75,7.041,700-739,60-70,30-40,MA,Purchase,Second Home,Single Family,Servicer_C,2023
LN101843,2023-12-01,377792.8,6.854,660-699,70-80,20-30,IL,Purchase,Primary Residence,Townhouse,Servicer_C,2023
LN101844,2023-03-01,261378.56,6.919,660-699,70-80,30-40,NE,Refinance,Primary Residence,Condominium,Servicer_C,2023
LN101845,2022-04-01,572960.4,4.857,700-739,60-70,0-20,ID,Purchase,Primary Residence,Condominium,Servicer_E,2022
LN101846,2020-10-01,464658.79,3.371,660-699,0-60,0-20,MD,Refinance,Primary Residence,Single Family,Servicer_E,2020
LN101847,2021-10-01,234217.61,3.485,620-659,70-80,20-30,VA,Purchase,Primary Residence,Single Family,Servicer_C,2021
LN101848,2021-08-01,224199.33,2.0,740-779,0-60,0-20,CA,Purchase,Primary Residence,Single Family,Servicer_A,2021
LN101849,2019-02-01,75000.0,4.17,700-739,80-90,40-50,RI,Purchase,Investment,Multi Unit,Servicer_A,2019
LN101850,2018-07-01,208906.07,4.572,700-739,60-70,40-50,AR,Refinance,Primary Residence,Single Family,Servicer_D,2018
LN101851,2019-10-01,118766.93,4.429,700-739,80-90,20-30,MN,Purchase,Primary Residence,Single Family,Servicer_E,2019
LN101852,2021-03-01,282347.1,2.888,740-779,80-90,30-40,ND,Refinance,Investment,Single Family,Servicer_B,2021
LN101853,2019-02-01,271928.68,3.628,700-739,0-60,20-30,WV,Purchase,Primary Residence,Condominium,Servicer_A,2019
LN101854,2018-09-01,366567.1,4.686,740-779,0-60,0-20,IL,Refinance,Primary Residence,Single Family,Servicer_B,2018
LN101855,2023-12-01,538953.71,6.712,780+,90-100,20-30,AZ,Refinance,Primary Residence,Condominium,Servicer_B,2023
LN101856,2020-08-01,246413.92,3.076,740-779,70-80,0-20,PA,Refinance,Primary Residence,Single Family,Servicer_E,2020
LN101857,2022-02-01,876283.69,5.178,700-739,70-80,20-30,VT,Purchase,Primary Residence,Single Family,Servicer_C,2022
LN101858,2021-09-01,284095.15,2.717,740-779,0-60,0-20,NH,Refinance,Primary Residence,Single Family,Servicer_A,2021
LN101859,2023-02-01,121612.76,6.273,700-739,60-70,0-20,AR,Purchase,Primary Residence,Single Family,Servicer_B,2023
LN101860,2023-03-01,183519.58,6.671,700-739,70-80,0-20,MT,Purchase,Primary Residence,Condominium,Servicer_A,2023
LN101861,2020-01-01,203659.65,2.948,700-739,80-90,40-50,MD,Refinance,Primary Residence,Townhouse,Servicer_C,2020
LN101862,2023-12-01,346239.54,6.779,660-699,60-70,0-20,MN,Refinance,Primary Residence,Single Family,Servicer_C,2023
LN101863,2020-08-01,148483.45,4.285,620-659,80-90,20-30,AZ,Purchase,Primary Residence,Single Family,Servicer_A,2020
LN101864,2023-11-01,212209.54,6.626,700-739,70-80,20-30,KS,Refinance,Primary Residence,Single Family,Servicer_B,2023
LN101865,2020-11-01,228809.27,3.725,620-659,0-60,20-30,WY,Purchase,Primary Residence,Townhouse,Servicer_E,2020
LN101866,2018-10-01,195389.4,4.895,700-739,60-70,20-30,AZ,Refinance,Primary Residence,Multi Unit,Servicer_D,2018
LN101867,2023-04-01,390621.62,6.702,700-739,60-70,0-20,VA,Refinance,Primary Residence,Condominium,Servicer_C,2023
LN101868,2018-03-01,355735.57,4.338,780+,70-80,30-40,MT,Refinance,Primary Residence,Single Family,Servicer_B,2018
LN101869,2023-05-01,474885.08,8.169,580-619,70-80,20-30,NJ,Refinance,Primary Residence,Single Family,Servicer_E,2023
LN101870,2018-04-01,208387.03,4.325,740-779,70-80,30-40,WA,Refinance,Primary Residence,Multi Unit,Servicer_D,2018
LN101871,2019-06-01,484370.97,4.065,700-739,60-70,20-30,HI,Purchase,Investment,Single Family,Servicer_E,2019
LN101872,2022-03-01,118068.21,7.292,580-619,80-90,20-30,WY,Purchase,Primary Residence,Condominium,Servicer_A,2022
LN101873,2024-08-01,116495.14,6.899,660-699,70-80,20-30,IN,Purchase,Primary Residence,Multi Unit,Servicer_A,2024
LN101874,2020-11-01,128235.7,3.422,620-659,70-80,0-20,LA,Refinance,Primary Residence,Condominium,Servicer_A,2020
LN101875,2018-11-01,251269.82,4.485,660-699,70-80,20-30,MN,Purchase,Primary Residence,Condominium,Servicer_D,2018
LN101876,2019-08-01,484331.16,4.388,660-699,60-70,0-20,NM,Refinance,Primary Residence,Single Family,Servicer_C,2019
LN101877,2024-04-01,179519.31,7.379,700-739,80-90,20-30,KY,Purchase,Primary Residence,Townhouse,Servicer_A,2024
LN101878,2023-02-01,192342.87,6.649,700-739,70-80,30-40,SC,Refinance,Primary Residence,Single Family,Servicer_E,2023
LN101879,2018-09-01,221994.15,4.999,580-619,60-70,0-20,AK,Purchase,Investment,Townhouse,Servicer_E,2018
LN101880,2020-09-01,342583.83,2.958,660-699,0-60,0-20,ND,Refinance,Primary Residence,Single Family,Servicer_A,2020
LN101881,2019-11-01,192244.31,4.704,620-659,70-80,30-40,NC,Refinance,Second Home,Condominium,Servicer_C,2019
LN101882,2019-03-01,186434.8,3.92,700-739,70-80,20-30,NE,Purchase,Primary Residence,Townhouse,Servicer_C,2019
LN101883,2023-12-01,119282.37,6.764,700-739,60-70,30-40,NM,Refinance,Primary Residence,Single Family,Servicer_A,2023
LN101884,2022-04-01,182548.21,5.383,700-739,80-90,40-50,PA,Purchase,Primary Residence,Single Family,Servicer_C,2022
LN101885,2019-04-01,477739.15,4.694,660-699,80-90,40-50,VA,Refinance,Primary Residence,Single Family,Servicer_A,2019
LN101886,2022-07-01,262820.22,6.443,580-619,0-60,20-30,HI,Refinance,Primary Residence,Townhouse,Servicer_E,2022
LN101887,2020-11-01,166424.36,2.986,780+,80-90,20-30,MS,Purchase,Primary Residence,Condominium,Servicer_D,2020
LN101888,2018-06-01,493409.82,5.188,620-659,70-80,30-40,NH,Purchase,Primary Residence,Single Family,Servicer_E,2018
LN101889,2021-02-01,181198.57,4.117,620-659,90-100,30-40,LA,Purchase,Primary Residence,Townhouse,Servicer_D,2021
LN101890,2019-04-01,545900.37,4.228,660-699,60-70,30-40,WI,Purchase,Primary Residence,Townhouse,Servicer_A,2019
LN101891,2019-09-01,541013.78,3.062,780+,60-70,20-30,MT,Refinance,Primary Residence,Townhouse,Servicer_B,2019
LN101892,2024-02-01,257821.46,6.702,740-779,70-80,0-20,NJ,Purchase,Primary Residence,Condominium,Servicer_C,2024
LN101893,2022-12-01,109646.18,5.227,740-779,60-70,0-20,GA,Refinance,Second Home,Multi Unit,Servicer_B,2022
LN101894,2018-12-01,880672.88,4.587,780+,80-90,0-20,MA,Refinance,Primary Residence,Townhouse,Servicer_C,2018
LN101895,2023-12-01,309346.73,7.535,620-659,70-80,0-20,NY,Refinance,Investment,Single Family,Servicer_B,2023
LN101896,2022-01-01,209206.76,4.45,780+,60-70,40-50,MI,Purchase,Primary Residence,Multi Unit,Servicer_A,2022
LN101897,2024-02-01,422982.7,6.847,660-699,70-80,0-20,RI,Purchase,Primary Residence,Single Family,Servicer_B,2024
LN101898,2023-03-01,367869.2,6.629,740-779,80-90,30-40,CT,Refinance,Primary Residence,Townhouse,Servicer_C,2023
LN101899,2020-05-01,514130.44,3.367,700-739,80-90,40-50,DE,Refinance,Primary Residence,Condominium,Servicer_B,2020
LN101900,2021-09-01,173672.2,2.923,700-739,70-80,20-30,KY,Refinance,Primary Residence,Condominium,Servicer_C,2021
LN101901,2021-09-01,297859.32,2.023,780+,60-70,20-30,KS,Purchase,Primary Residence,Single Family,Servicer_B,2021
LN101902,2023-01-01,130220.91,6.521,660-699,0-60,30-40,SD,Purchase,Primary Residence,Single Family,Servicer_D,2023
LN101903,2019-09-01,360663.3,3.01,780+,80-90,20-30,UT,Refinance,Primary Residence,Single Family,Servicer_C,2019
LN101904,2020-04-01,246864.84,2.374,700-739,80-90,20-30,MS,Refinance,Primary Residence,Condominium,Servicer_C,2020
LN101905,2019-09-01,291784.64,3.65,740-779,70-80,30-40,MT,Purchase,Primary Residence,Townhouse,Servicer_B,2019
LN101906,2020-01-01,230665.49,3.506,780+,80-90,30-40,IA,Refinance,Primary Residence,Single Family,Servicer_C,2020
LN101907,2019-02-01,217765.12,4.879,620-659,0-60,30-40,NE,Purchase,Investment,Single Family,Servicer_A,2019
LN101908,2018-04-01,155078.86,3.947,780+,80-90,40-50,OK,Purchase,Primary Residence,Condominium,Servicer_C,2018
LN101909,2024-07-01,386139.05,6.785,700-739,60-70,20-30,OR,Purchase,Primary Residence,Single Family,Servicer_A,2024
LN101910,2018-07-01,567248.87,3.651,740-779,0-60,30-40,WI,Purchase,Primary Residence,Single Family,Servicer_D,2018
LN101911,2024-03-01,184065.8,6.696,660-699,70-80,30-40,NH,Purchase,Primary Residence,Single Family,Servicer_D,2024
LN101912,2018-01-01,338968.84,4.181,700-739,70-80,30-40,LA,Purchase,Investment,Condominium,Servicer_C,2018
LN101913,2023-06-01,317082.47,6.892,740-779,90-100,30-40,AR,Purchase,Primary Residence,Condominium,Servicer_D,2023
LN101914,2020-04-01,251115.93,2.955,700-739,60-70,30-40,OH,Purchase,Primary Residence,Townhouse,Servicer_C,2020
LN101915,2021-08-01,107967.82,3.486,660-699,80-90,30-40,SD,Purchase,Primary Residence,Single Family,Servicer_A,2021
LN101916,2019-12-01,122190.63,4.589,660-699,80-90,20-30,NV,Purchase,Primary Residence,Single Family,Servicer_D,2019
LN101917,2021-06-01,162702.09,2.359,780+,70-80,30-40,WA,Refinance,Primary Residence,Townhouse,Servicer_E,2021
LN101918,2021-02-01,77092.68,4.571,580-619,90-100,20-30,KS,Purchase,Primary Residence,Multi Unit,Servicer_A,2021
LN101919,2021-09-01,542331.71,2.382,740-779,70-80,20-30,AZ,Purchase,Primary Residence,Single Family,Servicer_A,2021
LN101920,2020-10-01,306034.46,2.207,780+,70-80,30-40,NY,Purchase,Primary Residence,Townhouse,Servicer_C,2020
LN101921,2021-10-01,245914.11,3.51,580-619,0-60,30-40,CT,Refinance,Investment,Condominium,Servicer_B,2021
LN101922,2023-10-01,75000.0,7.155,660-699,60-70,20-30,CA,Refinance,Second Home,Townhouse,Servicer_C,2023
LN101923,2021-01-01,91682.54,2.809,740-779,80-90,20-30,OK,Refinance,Primary Residence,Single Family,Servicer_C,2021
LN101924,2020-07-01,249678.27,3.149,620-659,70-80,20-30,MI,Refinance,Primary Residence,Single Family,Servicer_D,2020
LN101925,2018-12-01,738950.1,4.421,700-739,60-70,0-20,NM,Purchase,Primary Residence,Single Family,Servicer_A,2018
LN101926,2020-07-01,170239.56,2.385,740-779,60-70,20-30,PA,Refinance,Primary Residence,Condominium,Servicer_B,2020
LN101927,2018-11-01,402039.29,5.038,700-739,70-80,40-50,MD,Purchase,Primary Residence,Townhouse,Servicer_D,2018
LN101928,2019-04-01,192003.69,3.966,700-739,80-90,20-30,NM,Refinance,Primary Residence,Single Family,Servicer_B,2019
LN101929,2024-08-01,257711.96,6.694,740-779,60-70,40-50,NE,Refinance,Primary Residence,Single Family,Servicer_B,2024
LN101930,2018-08-01,487620.3,4.817,740-779,80-90,0-20,NJ,Refinance,Primary Residence,Single Family,Servicer_A,2018
LN101931,2021-05-01,206683.27,2.924,660-699,70-80,30-40,OK,Purchase,Primary Residence,Condominium,Servicer_A,2021
LN101932,2023-11-01,171040.99,7.033,700-739,80-90,20-30,MD,Purchase,Primary Residence,Townhouse,Servicer_B,2023
LN101933,2024-09-01,545334.69,6.406,780+,60-70,30-40,MT,Purchase,Primary Residence,Single Family,Servicer_B,2024
LN101934,2019-01-01,256343.34,3.725,740-779,70-80,30-40,NJ,Purchase,Primary Residence,Condominium,Servicer_C,2019
LN101935,2019-02-01,455603.87,3.848,700-739,0-60,30-40,DE,Refinance,Investment,Single Family,Servicer_C,2019
LN101936,2020-08-01,171498.42,2.611,700-739,60-70,40-50,HI,Refinance,Primary Residence,Townhouse,Servicer_E,2020
LN101937,2021-11-01,541927.23,3.926,620-659,80-90,20-30,CA,Purchase,Primary Residence,Townhouse,Servicer_D,2021
LN101938,2024-09-01,290602.37,6.944,660-699,70-80,0-20,GA,Refinance,Investment,Single Family,Servicer_A,2024
LN101939,2019-06-01,317536.93,5.145,580-619,60-70,20-30,MI,Purchase,Primary Residence,Condominium,Servicer_A,2019
LN101940,2019-02-01,268770.28,3.916,780+,80-90,30-40,WA,Purchase,Investment,Townhouse,Servicer_D,2019
LN101941,2019-10-01,189322.08,4.191,660-699,0-60,20-30,WA,Purchase,Investment,Multi Unit,Servicer_B,2019
LN101942,2024-02-01,249768.72,6.695,740-779,70-80,20-30,RI,Purchase,Second Home,Condominium,Servicer_B,2024
LN101943,2018-03-01,195984.64,5.383,660-699,90-100,20-30,NV,Refinance,Investment,Single Family,Servicer_A,2018
LN101944,2020-08-01,423778.64,3.567,660-699,70-80,20-30,HI,Refinance,Primary Residence,Single Family,Servicer_C,2020
LN101945,2018-10-01,223582.28,5.189,700-739,80-90,30-40,LA,Refinance,Primary Residence,Condominium,Servicer_B,2018
LN101946,2019-02-01,109769.42,3.93,700-739,70-80,30-40,RI,Purchase,Investment,Single Family,Servicer_A,2019
LN101947,2024-06-01,99263.49,6.839,740-779,80-90,30-40,VA,Refinance,Second Home,Multi Unit,Servicer_B,2024
LN101948,2018-01-01,96714.75,4.32,780+,70-80,30-40,WI,Purchase,Primary Residence,Single Family,Servicer_D,2018
LN101949,2020-04-01,351196.13,2.663,780+,80-90,30-40,MD,Purchase,Primary Residence,Townhouse,Servicer_A,2020
LN101950,2024-05-01,132705.65,6.589,660-699,60-70,20-30,MO,Purchase,Primary Residence,Single Family,Servicer_D,2024
LN101951,2022-04-01,294862.19,5.438,740-779,80-90,40-50,MT,Refinance,Second Home,Single Family,Servicer_B,2022
LN101952,2018-07-01,269502.29,4.628,660-699,60-70,0-20,AZ,Refinance,Primary Residence,Single Family,Servicer_B,2018
LN101953,2021-04-01,241259.04,2.498,780+,90-100,30-40,CO,Purchase,Primary Residence,Condominium,Servicer_B,2021
LN101954,2024-10-01,318169.35,6.89,700-739,60-70,30-40,AZ,Refinance,Primary Residence,Townhouse,Servicer_A,2024
LN101955,2020-10-01,272742.43,3.439,700-739,60-70,20-30,OR,Purchase,Primary Residence,Single Family,Servicer_B,2020
LN101956,2021-09-01,75000.0,2.921,660-699,80-90,20-30,ID,Purchase,Investment,Single Family,Servicer_D,2021
LN101957,2021-09-01,209236.89,4.367,580-619,60-70,20-30,OK,Refinance,Primary Residence,Townhouse,Servicer_A,2021
LN101958,2022-08-01,315850.07,4.729,660-699,60-70,20-30,ME,Refinance,Primary Residence,Single Family,Servicer_E,2022
LN101959,2019-04-01,616227.65,3.52,780+,80-90,40-50,SC,Refinance,Primary Residence,Single Family,Servicer_A,2019
LN101960,2023-11-01,632077.88,6.912,740-779,0-60,20-30,CO,Refinance,Second Home,Townhouse,Servicer_B,2023
LN101961,2024-12-01,118123.2,6.042,780+,0-60,0-20,KY,Purchase,Primary Residence,Single Family,Servicer_C,2024
LN101962,2018-12-01,206254.74,5.167,620-659,70-80,20-30,HI,Refinance,Primary Residence,Single Family,Servicer_D,2018
LN101963,2023-09-01,105646.41,6.689,740-779,60-70,20-30,MI,Refinance,Primary Residence,Single Family,Servicer_A,2023
LN101964,2023-09-01,576743.55,6.445,660-699,60-70,0-20,NH,Purchase,Investment,Condominium,Servicer_A,2023
LN101965,2023-03-01,436388.03,6.632,700-739,0-60,20-30,FL,Purchase,Primary Residence,Single Family,Servicer_C,2023
LN101966,2020-08-01,303167.14,3.029,700-739,60-70,20-30,ND,Purchase,Primary Residence,Townhouse,Servicer_B,2020
LN101967,2021-04-01,273913.7,3.669,660-699,60-70,0-20,WI,Refinance,Primary Residence,Single Family,Servicer_C,2021
LN101968,2023-11-01,534220.15,6.239,700-739,0-60,20-30,AZ,Refinance,Investment,Multi Unit,Servicer_D,2023
LN101969,2019-01-01,486720.37,4.076,660-699,70-80,20-30,CA,Refinance,Primary Residence,Single Family,Servicer_A,2019
LN101970,2023-10-01,472664.34,6.531,700-739,70-80,30-40,WV,Purchase,Primary Residence,Single Family,Servicer_D,2023
LN101971,2024-06-01,321383.41,6.08,740-779,0-60,20-30,NC,Purchase,Investment,Single Family,Servicer_A,2024
LN101972,2022-10-01,206311.13,6.178,620-659,60-70,0-20,VA,Purchase,Investment,Single Family,Servicer_E,2022
LN101973,2020-05-01,381221.12,2.818,780+,80-90,40-50,OK,Purchase,Primary Residence,Single Family,Servicer_E,2020
LN101974,2021-11-01,391616.86,2.793,700-739,70-80,20-30,OK,Purchase,Primary Residence,Townhouse,Servicer_C,2021
LN101975,2018-05-01,225114.76,4.135,740-779,70-80,0-20,DE,Purchase,Primary Residence,Townhouse,Servicer_E,2018
LN101976,2024-07-01,206081.97,6.421,740-779,70-80,30-40,MT,Purchase,Primary Residence,Condominium,Servicer_D,2024
LN101977,2020-05-01,466278.56,2.618,740-779,60-70,0-20,ME,Purchase,Primary Residence,Single Family,Servicer_A,2020
LN101978,2018-05-01,624358.53,4.111,740-779,80-90,30-40,TN,Refinance,Primary Residence,Townhouse,Servicer_A,2018
LN101979,2023-07-01,165553.31,6.632,780+,90-100,30-40,AZ,Purchase,Primary Residence,Single Family,Servicer_A,2023
LN101980,2022-08-01,216286.46,5.382,740-779,90-100,40-50,AL,Purchase,Primary Residence,Condominium,Servicer_B,2022
LN101981,2022-05-01,303224.7,5.263,660-699,60-70,40-50,NV,Purchase,Investment,Condominium,Servicer_C,2022
LN101982,2018-05-01,326715.7,5.087,620-659,60-70,20-30,WI,Refinance,Primary Residence,Single Family,Servicer_B,2018
LN101983,2023-04-01,187571.37,6.432,740-779,0-60,30-40,WY,Refinance,Second Home,Single Family,Servicer_C,2023
LN101984,2022-06-01,704435.85,5.673,620-659,60-70,20-30,NJ,Purchase,Primary Residence,Townhouse,Servicer_B,2022
LN101985,2023-07-01,315327.98,6.917,660-699,60-70,30-40,MI,Refinance,Primary Residence,Single Family,Servicer_A,2023
LN101986,2023-10-01,334863.1,8.058,620-659,70-80,20-30,IN,Refinance,Primary Residence,Condominium,Servicer_A,2023
LN101987,2019-06-01,657764.63,4.476,700-739,60-70,0-20,WY,Refinance,Primary Residence,Multi Unit,Servicer_E,2019
LN101988,2019-06-01,195288.32,4.274,660-699,90-100,0-20,GA,Purchase,Primary Residence,Single Family,Servicer_B,2019
LN101989,2024-06-01,238131.58,6.116,740-779,0-60,0-20,CT,Purchase,Primary Residence,Single Family,Servicer_B,2024
LN101990,2021-09-01,125478.41,2.192,740-779,0-60,0-20,MT,Purchase,Primary Residence,Single Family,Servicer_A,2021
LN101991,2021-01-01,227390.35,3.227,740-779,80-90,20-30,MD,Purchase,Primary Residence,Townhouse,Servicer_E,2021
LN101992,2020-01-01,110227.98,3.44,660-699,80-90,40-50,MO,Purchase,Primary Residence,Single Family,Servicer_A,2020
LN101993,2022-06-01,377200.95,5.312,700-739,60-70,20-30,VA,Purchase,Primary Residence,Single Family,Servicer_C,2022
LN101994,2023-04-01,314964.25,7.409,700-739,70-80,30-40,IN,Purchase,Primary Residence,Single Family,Servicer_A,2023
LN101995,2018-01-01,214663.74,4.437,700-739,60-70,30-40,UT,Purchase,Primary Residence,Multi Unit,Servicer_A,2018
LN101996,2021-11-01,236566.15,2.722,740-779,0-60,30-40,HI,Purchase,Primary Residence,Townhouse,Servicer_C,2021
LN101997,2024-12-01,380036.56,7.246,660-699,70-80,20-30,KY,Purchase,Primary Residence,Condominium,Servicer_C,2024
LN101998,2019-12-01,133857.13,3.164,780+,60-70,30-40,AL,Purchase,Primary Residence,Multi Unit,Servicer_C,2019
LN101999,2019-12-01,279709.97,4.858,620-659,70-80,30-40,ND,Purchase,Second Home,Condominium,Servicer_A,2019
