loan_id,reporting_month,rule_id,relationship,affected_columns,observed_values,severity,description
LN100000,2019-05-01 00:00:00,DLQ006,Logical Delinquency Progression,loan_id;days_past_due,loan_id=LN100000;days_past_due=90,warning,"Delinquency transitions should roll sequentially (e.g., 0 to 30, 30 to 60, 60 to 90). Skipped DPD buckets raise warnings."
LN100002,2024-06-01 00:00:00,DLQ006,Logical Delinquency Progression,loan_id;days_past_due,loan_id=LN100002;days_past_due=90,warning,"Delinquency transitions should roll sequentially (e.g., 0 to 30, 30 to 60, 60 to 90). Skipped DPD buckets raise warnings."
LN100003,2021-05-01 00:00:00,DLQ006,Logical Delinquency Progression,loan_id;days_past_due,loan_id=LN100003;days_past_due=90,warning,"Delinquency transitions should roll sequentially (e.g., 0 to 30, 30 to 60, 60 to 90). Skipped DPD buckets raise warnings."
LN100005,2024-04-01 00:00:00,DLQ006,Logical Delinquency Progression,loan_id;days_past_due,loan_id=LN100005;days_past_due=90,warning,"Delinquency transitions should roll sequentially (e.g., 0 to 30, 30 to 60, 60 to 90). Skipped DPD buckets raise warnings."
LN100006,2019-03-01 00:00:00,DLQ006,Logical Delinquency Progression,loan_id;days_past_due,loan_id=LN100006;days_past_due=90,warning,"Delinquency transitions should roll sequentially (e.g., 0 to 30, 30 to 60, 60 to 90). Skipped DPD buckets raise warnings."
LN100009,2024-07-01 00:00:00,DLQ006,Logical Delinquency Progression,loan_id;days_past_due,loan_id=LN100009;days_past_due=90,warning,"Delinquency transitions should roll sequentially (e.g., 0 to 30, 30 to 60, 60 to 90). Skipped DPD buckets raise warnings."
LN100014,2023-12-01 00:00:00,DLQ006,Logical Delinquency Progression,loan_id;days_past_due,loan_id=LN100014;days_past_due=90,warning,"Delinquency transitions should roll sequentially (e.g., 0 to 30, 30 to 60, 60 to 90). Skipped DPD buckets raise warnings."
LN100016,2023-07-01 00:00:00,DLQ006,Logical Delinquency Progression,loan_id;days_past_due,loan_id=LN100016;days_past_due=90,warning,"Delinquency transitions should roll sequentially (e.g., 0 to 30, 30 to 60, 60 to 90). Skipped DPD buckets raise warnings."
LN100019,2021-08-01 00:00:00,DLQ006,Logical Delinquency Progression,loan_id;days_past_due,loan_id=LN100019;days_past_due=90,warning,"Delinquency transitions should roll sequentially (e.g., 0 to 30, 30 to 60, 60 to 90). Skipped DPD buckets raise warnings."
LN100024,2024-10-01 00:00:00,DLQ006,Logical Delinquency Progression,loan_id;days_past_due,loan_id=LN100024;days_past_due=90,warning,"Delinquency transitions should roll sequentially (e.g., 0 to 30, 30 to 60, 60 to 90). Skipped DPD buckets raise warnings."
LN100025,2025-10-01 00:00:00,DLQ006,Logical Delinquency Progression,loan_id;days_past_due,loan_id=LN100025;days_past_due=90,warning,"Delinquency transitions should roll sequentially (e.g., 0 to 30, 30 to 60, 60 to 90). Skipped DPD buckets raise warnings."
LN100027,2026-03-01 00:00:00,DLQ006,Logical Delinquency Progression,loan_id;days_past_due,loan_id=LN100027;days_past_due=90,warning,"Delinquency transitions should roll sequentially (e.g., 0 to 30, 30 to 60, 60 to 90). Skipped DPD buckets raise warnings."
LN100030,2023-08-01 00:00:00,DLQ006,Logical Delinquency Progression,loan_id;days_past_due,loan_id=LN100030;days_past_due=90,warning,"Delinquency transitions should roll sequentially (e.g., 0 to 30, 30 to 60, 60 to 90). Skipped DPD buckets raise warnings."
LN100033,2022-05-01 00:00:00,DLQ006,Logical Delinquency Progression,loan_id;days_past_due,loan_id=LN100033;days_past_due=90,warning,"Delinquency transitions should roll sequentially (e.g., 0 to 30, 30 to 60, 60 to 90). Skipped DPD buckets raise warnings."
LN100034,2025-11-01 00:00:00,DLQ006,Logical Delinquency Progression,loan_id;days_past_due,loan_id=LN100034;days_past_due=90,warning,"Delinquency transitions should roll sequentially (e.g., 0 to 30, 30 to 60, 60 to 90). Skipped DPD buckets raise warnings."
LN100035,2020-04-01 00:00:00,DLQ006,Logical Delinquency Progression,loan_id;days_past_due,loan_id=LN100035;days_past_due=90,warning,"Delinquency transitions should roll sequentially (e.g., 0 to 30, 30 to 60, 60 to 90). Skipped DPD buckets raise warnings."
LN100038,2025-12-01 00:00:00,DLQ006,Logical Delinquency Progression,loan_id;days_past_due,loan_id=LN100038;days_past_due=90,warning,"Delinquency transitions should roll sequentially (e.g., 0 to 30, 30 to 60, 60 to 90). Skipped DPD buckets raise warnings."
LN100039,2024-01-01 00:00:00,DLQ006,Logical Delinquency Progression,loan_id;days_past_due,loan_id=LN100039;days_past_due=90,warning,"Delinquency transitions should roll sequentially (e.g., 0 to 30, 30 to 60, 60 to 90). Skipped DPD buckets raise warnings."
LN100043,2021-01-01 00:00:00,DLQ006,Logical Delinquency Progression,loan_id;days_past_due,loan_id=LN100043;days_past_due=90,warning,"Delinquency transitions should roll sequentially (e.g., 0 to 30, 30 to 60, 60 to 90). Skipped DPD buckets raise warnings."
LN100044,2019-01-01 00:00:00,DLQ006,Logical Delinquency Progression,loan_id;days_past_due,loan_id=LN100044;days_past_due=90,warning,"Delinquency transitions should roll sequentially (e.g., 0 to 30, 30 to 60, 60 to 90). Skipped DPD buckets raise warnings."
LN100045,2025-08-01 00:00:00,DLQ006,Logical Delinquency Progression,loan_id;days_past_due,loan_id=LN100045;days_past_due=90,warning,"Delinquency transitions should roll sequentially (e.g., 0 to 30, 30 to 60, 60 to 90). Skipped DPD buckets raise warnings."
LN100049,2024-02-01 00:00:00,DLQ006,Logical Delinquency Progression,loan_id;days_past_due,loan_id=LN100049;days_past_due=90,warning,"Delinquency transitions should roll sequentially (e.g., 0 to 30, 30 to 60, 60 to 90). Skipped DPD buckets raise warnings."
LN100051,2021-07-01 00:00:00,DLQ006,Logical Delinquency Progression,loan_id;days_past_due,loan_id=LN100051;days_past_due=90,warning,"Delinquency transitions should roll sequentially (e.g., 0 to 30, 30 to 60, 60 to 90). Skipped DPD buckets raise warnings."
LN100052,2023-08-01 00:00:00,DLQ006,Logical Delinquency Progression,loan_id;days_past_due,loan_id=LN100052;days_past_due=90,warning,"Delinquency transitions should roll sequentially (e.g., 0 to 30, 30 to 60, 60 to 90). Skipped DPD buckets raise warnings."
LN100053,2023-02-01 00:00:00,DLQ006,Logical Delinquency Progression,loan_id;days_past_due,loan_id=LN100053;days_past_due=90,warning,"Delinquency transitions should roll sequentially (e.g., 0 to 30, 30 to 60, 60 to 90). Skipped DPD buckets raise warnings."
LN100055,2019-11-01 00:00:00,DLQ006,Logical Delinquency Progression,loan_id;days_past_due,loan_id=LN100055;days_past_due=90,warning,"Delinquency transitions should roll sequentially (e.g., 0 to 30, 30 to 60, 60 to 90). Skipped DPD buckets raise warnings."
LN100056,2022-02-01 00:00:00,DLQ006,Logical Delinquency Progression,loan_id;days_past_due,loan_id=LN100056;days_past_due=90,warning,"Delinquency transitions should roll sequentially (e.g., 0 to 30, 30 to 60, 60 to 90). Skipped DPD buckets raise warnings."
LN100057,2024-01-01 00:00:00,DLQ006,Logical Delinquency Progression,loan_id;days_past_due,loan_id=LN100057;days_past_due=90,warning,"Delinquency transitions should roll sequentially (e.g., 0 to 30, 30 to 60, 60 to 90). Skipped DPD buckets raise warnings."
LN100058,2025-04-01 00:00:00,DLQ006,Logical Delinquency Progression,loan_id;days_past_due,loan_id=LN100058;days_past_due=90,warning,"Delinquency transitions should roll sequentially (e.g., 0 to 30, 30 to 60, 60 to 90). Skipped DPD buckets raise warnings."
LN100059,2022-12-01 00:00:00,DLQ006,Logical Delinquency Progression,loan_id;days_past_due,loan_id=LN100059;days_past_due=90,warning,"Delinquency transitions should roll sequentially (e.g., 0 to 30, 30 to 60, 60 to 90). Skipped DPD buckets raise warnings."
LN100073,2020-12-01 00:00:00,DLQ006,Logical Delinquency Progression,loan_id;days_past_due,loan_id=LN100073;days_past_due=90,warning,"Delinquency transitions should roll sequentially (e.g., 0 to 30, 30 to 60, 60 to 90). Skipped DPD buckets raise warnings."
LN100075,2026-02-01 00:00:00,DLQ006,Logical Delinquency Progression,loan_id;days_past_due,loan_id=LN100075;days_past_due=90,warning,"Delinquency transitions should roll sequentially (e.g., 0 to 30, 30 to 60, 60 to 90). Skipped DPD buckets raise warnings."
LN100077,2025-07-01 00:00:00,DLQ006,Logical Delinquency Progression,loan_id;days_past_due,loan_id=LN100077;days_past_due=90,warning,"Delinquency transitions should roll sequentially (e.g., 0 to 30, 30 to 60, 60 to 90). Skipped DPD buckets raise warnings."
LN100085,2023-08-01 00:00:00,DLQ006,Logical Delinquency Progression,loan_id;days_past_due,loan_id=LN100085;days_past_due=90,warning,"Delinquency transitions should roll sequentially (e.g., 0 to 30, 30 to 60, 60 to 90). Skipped DPD buckets raise warnings."
LN100088,2024-04-01 00:00:00,DLQ006,Logical Delinquency Progression,loan_id;days_past_due,loan_id=LN100088;days_past_due=90,warning,"Delinquency transitions should roll sequentially (e.g., 0 to 30, 30 to 60, 60 to 90). Skipped DPD buckets raise warnings."
LN100090,2023-03-01 00:00:00,DLQ006,Logical Delinquency Progression,loan_id;days_past_due,loan_id=LN100090;days_past_due=90,warning,"Delinquency transitions should roll sequentially (e.g., 0 to 30, 30 to 60, 60 to 90). Skipped DPD buckets raise warnings."
LN100095,2025-04-01 00:00:00,DLQ006,Logical Delinquency Progression,loan_id;days_past_due,loan_id=LN100095;days_past_due=90,warning,"Delinquency transitions should roll sequentially (e.g., 0 to 30, 30 to 60, 60 to 90). Skipped DPD buckets raise warnings."
LN100096,2023-07-01 00:00:00,DLQ006,Logical Delinquency Progression,loan_id;days_past_due,loan_id=LN100096;days_past_due=90,warning,"Delinquency transitions should roll sequentially (e.g., 0 to 30, 30 to 60, 60 to 90). Skipped DPD buckets raise warnings."
LN100099,2022-12-01 00:00:00,DLQ006,Logical Delinquency Progression,loan_id;days_past_due,loan_id=LN100099;days_past_due=90,warning,"Delinquency transitions should roll sequentially (e.g., 0 to 30, 30 to 60, 60 to 90). Skipped DPD buckets raise warnings."
LN100100,2025-05-01 00:00:00,DLQ006,Logical Delinquency Progression,loan_id;days_past_due,loan_id=LN100100;days_past_due=90,warning,"Delinquency transitions should roll sequentially (e.g., 0 to 30, 30 to 60, 60 to 90). Skipped DPD buckets raise warnings."
LN100101,2020-06-01 00:00:00,DLQ006,Logical Delinquency Progression,loan_id;days_past_due,loan_id=LN100101;days_past_due=90,warning,"Delinquency transitions should roll sequentially (e.g., 0 to 30, 30 to 60, 60 to 90). Skipped DPD buckets raise warnings."
LN100102,2026-05-01 00:00:00,DLQ006,Logical Delinquency Progression,loan_id;days_past_due,loan_id=LN100102;days_past_due=90,warning,"Delinquency transitions should roll sequentially (e.g., 0 to 30, 30 to 60, 60 to 90). Skipped DPD buckets raise warnings."
LN100104,2024-06-01 00:00:00,DLQ006,Logical Delinquency Progression,loan_id;days_past_due,loan_id=LN100104;days_past_due=90,warning,"Delinquency transitions should roll sequentially (e.g., 0 to 30, 30 to 60, 60 to 90). Skipped DPD buckets raise warnings."
LN100108,2021-09-01 00:00:00,DLQ006,Logical Delinquency Progression,loan_id;days_past_due,loan_id=LN100108;days_past_due=90,warning,"Delinquency transitions should roll sequentially (e.g., 0 to 30, 30 to 60, 60 to 90). Skipped DPD buckets raise warnings."
LN100109,2025-02-01 00:00:00,DLQ006,Logical Delinquency Progression,loan_id;days_past_due,loan_id=LN100109;days_past_due=90,warning,"Delinquency transitions should roll sequentially (e.g., 0 to 30, 30 to 60, 60 to 90). Skipped DPD buckets raise warnings."
LN100110,2022-04-01 00:00:00,DLQ006,Logical Delinquency Progression,loan_id;days_past_due,loan_id=LN100110;days_past_due=90,warning,"Delinquency transitions should roll sequentially (e.g., 0 to 30, 30 to 60, 60 to 90). Skipped DPD buckets raise warnings."
LN100111,2025-05-01 00:00:00,DLQ006,Logical Delinquency Progression,loan_id;days_past_due,loan_id=LN100111;days_past_due=90,warning,"Delinquency transitions should roll sequentially (e.g., 0 to 30, 30 to 60, 60 to 90). Skipped DPD buckets raise warnings."
LN100113,2023-09-01 00:00:00,DLQ006,Logical Delinquency Progression,loan_id;days_past_due,loan_id=LN100113;days_past_due=90,warning,"Delinquency transitions should roll sequentially (e.g., 0 to 30, 30 to 60, 60 to 90). Skipped DPD buckets raise warnings."
LN100116,2019-04-01 00:00:00,DLQ006,Logical Delinquency Progression,loan_id;days_past_due,loan_id=LN100116;days_past_due=90,warning,"Delinquency transitions should roll sequentially (e.g., 0 to 30, 30 to 60, 60 to 90). Skipped DPD buckets raise warnings."
LN100119,2026-01-01 00:00:00,DLQ006,Logical Delinquency Progression,loan_id;days_past_due,loan_id=LN100119;days_past_due=90,warning,"Delinquency transitions should roll sequentially (e.g., 0 to 30, 30 to 60, 60 to 90). Skipped DPD buckets raise warnings."
LN100123,2023-08-01 00:00:00,DLQ006,Logical Delinquency Progression,loan_id;days_past_due,loan_id=LN100123;days_past_due=90,warning,"Delinquency transitions should roll sequentially (e.g., 0 to 30, 30 to 60, 60 to 90). Skipped DPD buckets raise warnings."
LN100125,2025-09-01 00:00:00,DLQ006,Logical Delinquency Progression,loan_id;days_past_due,loan_id=LN100125;days_past_due=90,warning,"Delinquency transitions should roll sequentially (e.g., 0 to 30, 30 to 60, 60 to 90). Skipped DPD buckets raise warnings."
LN100128,2022-12-01 00:00:00,DLQ006,Logical Delinquency Progression,loan_id;days_past_due,loan_id=LN100128;days_past_due=90,warning,"Delinquency transitions should roll sequentially (e.g., 0 to 30, 30 to 60, 60 to 90). Skipped DPD buckets raise warnings."
LN100130,2022-01-01 00:00:00,DLQ006,Logical Delinquency Progression,loan_id;days_past_due,loan_id=LN100130;days_past_due=90,warning,"Delinquency transitions should roll sequentially (e.g., 0 to 30, 30 to 60, 60 to 90). Skipped DPD buckets raise warnings."
LN100132,2019-01-01 00:00:00,DLQ006,Logical Delinquency Progression,loan_id;days_past_due,loan_id=LN100132;days_past_due=90,warning,"Delinquency transitions should roll sequentially (e.g., 0 to 30, 30 to 60, 60 to 90). Skipped DPD buckets raise warnings."
LN100135,2023-03-01 00:00:00,DLQ006,Logical Delinquency Progression,loan_id;days_past_due,loan_id=LN100135;days_past_due=90,warning,"Delinquency transitions should roll sequentially (e.g., 0 to 30, 30 to 60, 60 to 90). Skipped DPD buckets raise warnings."
LN100136,2023-10-01 00:00:00,DLQ006,Logical Delinquency Progression,loan_id;days_past_due,loan_id=LN100136;days_past_due=90,warning,"Delinquency transitions should roll sequentially (e.g., 0 to 30, 30 to 60, 60 to 90). Skipped DPD buckets raise warnings."
LN100138,2026-06-01 00:00:00,DLQ006,Logical Delinquency Progression,loan_id;days_past_due,loan_id=LN100138;days_past_due=90,warning,"Delinquency transitions should roll sequentially (e.g., 0 to 30, 30 to 60, 60 to 90). Skipped DPD buckets raise warnings."
LN100139,2025-04-01 00:00:00,DLQ006,Logical Delinquency Progression,loan_id;days_past_due,loan_id=LN100139;days_past_due=90,warning,"Delinquency transitions should roll sequentially (e.g., 0 to 30, 30 to 60, 60 to 90). Skipped DPD buckets raise warnings."
LN100141,2023-02-01 00:00:00,DLQ006,Logical Delinquency Progression,loan_id;days_past_due,loan_id=LN100141;days_past_due=90,warning,"Delinquency transitions should roll sequentially (e.g., 0 to 30, 30 to 60, 60 to 90). Skipped DPD buckets raise warnings."
LN100146,2018-08-01 00:00:00,DLQ006,Logical Delinquency Progression,loan_id;days_past_due,loan_id=LN100146;days_past_due=90,warning,"Delinquency transitions should roll sequentially (e.g., 0 to 30, 30 to 60, 60 to 90). Skipped DPD buckets raise warnings."
LN100147,2025-04-01 00:00:00,DLQ006,Logical Delinquency Progression,loan_id;days_past_due,loan_id=LN100147;days_past_due=90,warning,"Delinquency transitions should roll sequentially (e.g., 0 to 30, 30 to 60, 60 to 90). Skipped DPD buckets raise warnings."
LN100149,2022-06-01 00:00:00,DLQ006,Logical Delinquency Progression,loan_id;days_past_due,loan_id=LN100149;days_past_due=90,warning,"Delinquency transitions should roll sequentially (e.g., 0 to 30, 30 to 60, 60 to 90). Skipped DPD buckets raise warnings."
LN100154,2024-04-01 00:00:00,DLQ006,Logical Delinquency Progression,loan_id;days_past_due,loan_id=LN100154;days_past_due=90,warning,"Delinquency transitions should roll sequentially (e.g., 0 to 30, 30 to 60, 60 to 90). Skipped DPD buckets raise warnings."
LN100155,2025-07-01 00:00:00,DLQ006,Logical Delinquency Progression,loan_id;days_past_due,loan_id=LN100155;days_past_due=90,warning,"Delinquency transitions should roll sequentially (e.g., 0 to 30, 30 to 60, 60 to 90). Skipped DPD buckets raise warnings."
LN100156,2024-08-01 00:00:00,DLQ006,Logical Delinquency Progression,loan_id;days_past_due,loan_id=LN100156;days_past_due=90,warning,"Delinquency transitions should roll sequentially (e.g., 0 to 30, 30 to 60, 60 to 90). Skipped DPD buckets raise warnings."
LN100157,2024-04-01 00:00:00,DLQ006,Logical Delinquency Progression,loan_id;days_past_due,loan_id=LN100157;days_past_due=90,warning,"Delinquency transitions should roll sequentially (e.g., 0 to 30, 30 to 60, 60 to 90). Skipped DPD buckets raise warnings."
LN100158,2024-07-01 00:00:00,DLQ006,Logical Delinquency Progression,loan_id;days_past_due,loan_id=LN100158;days_past_due=90,warning,"Delinquency transitions should roll sequentially (e.g., 0 to 30, 30 to 60, 60 to 90). Skipped DPD buckets raise warnings."
LN100159,2024-02-01 00:00:00,DLQ006,Logical Delinquency Progression,loan_id;days_past_due,loan_id=LN100159;days_past_due=90,warning,"Delinquency transitions should roll sequentially (e.g., 0 to 30, 30 to 60, 60 to 90). Skipped DPD buckets raise warnings."
LN100160,2025-08-01 00:00:00,DLQ006,Logical Delinquency Progression,loan_id;days_past_due,loan_id=LN100160;days_past_due=90,warning,"Delinquency transitions should roll sequentially (e.g., 0 to 30, 30 to 60, 60 to 90). Skipped DPD buckets raise warnings."
LN100166,2022-05-01 00:00:00,DLQ006,Logical Delinquency Progression,loan_id;days_past_due,loan_id=LN100166;days_past_due=90,warning,"Delinquency transitions should roll sequentially (e.g., 0 to 30, 30 to 60, 60 to 90). Skipped DPD buckets raise warnings."
LN100169,2020-01-01 00:00:00,DLQ006,Logical Delinquency Progression,loan_id;days_past_due,loan_id=LN100169;days_past_due=90,warning,"Delinquency transitions should roll sequentially (e.g., 0 to 30, 30 to 60, 60 to 90). Skipped DPD buckets raise warnings."
LN100170,2019-10-01 00:00:00,DLQ006,Logical Delinquency Progression,loan_id;days_past_due,loan_id=LN100170;days_past_due=0,warning,"Delinquency transitions should roll sequentially (e.g., 0 to 30, 30 to 60, 60 to 90). Skipped DPD buckets raise warnings."
LN100172,2026-05-01 00:00:00,DLQ006,Logical Delinquency Progression,loan_id;days_past_due,loan_id=LN100172;days_past_due=90,warning,"Delinquency transitions should roll sequentially (e.g., 0 to 30, 30 to 60, 60 to 90). Skipped DPD buckets raise warnings."
LN100176,2023-09-01 00:00:00,DLQ006,Logical Delinquency Progression,loan_id;days_past_due,loan_id=LN100176;days_past_due=90,warning,"Delinquency transitions should roll sequentially (e.g., 0 to 30, 30 to 60, 60 to 90). Skipped DPD buckets raise warnings."
LN100177,2025-11-01 00:00:00,DLQ006,Logical Delinquency Progression,loan_id;days_past_due,loan_id=LN100177;days_past_due=90,warning,"Delinquency transitions should roll sequentially (e.g., 0 to 30, 30 to 60, 60 to 90). Skipped DPD buckets raise warnings."
LN100178,2026-05-01 00:00:00,DLQ006,Logical Delinquency Progression,loan_id;days_past_due,loan_id=LN100178;days_past_due=90,warning,"Delinquency transitions should roll sequentially (e.g., 0 to 30, 30 to 60, 60 to 90). Skipped DPD buckets raise warnings."
LN100182,2021-07-01 00:00:00,DLQ006,Logical Delinquency Progression,loan_id;days_past_due,loan_id=LN100182;days_past_due=90,warning,"Delinquency transitions should roll sequentially (e.g., 0 to 30, 30 to 60, 60 to 90). Skipped DPD buckets raise warnings."
LN100183,2025-07-01 00:00:00,DLQ006,Logical Delinquency Progression,loan_id;days_past_due,loan_id=LN100183;days_past_due=90,warning,"Delinquency transitions should roll sequentially (e.g., 0 to 30, 30 to 60, 60 to 90). Skipped DPD buckets raise warnings."
LN100184,2023-12-01 00:00:00,DLQ006,Logical Delinquency Progression,loan_id;days_past_due,loan_id=LN100184;days_past_due=90,warning,"Delinquency transitions should roll sequentially (e.g., 0 to 30, 30 to 60, 60 to 90). Skipped DPD buckets raise warnings."
LN100193,2022-08-01 00:00:00,DLQ006,Logical Delinquency Progression,loan_id;days_past_due,loan_id=LN100193;days_past_due=90,warning,"Delinquency transitions should roll sequentially (e.g., 0 to 30, 30 to 60, 60 to 90). Skipped DPD buckets raise warnings."
LN100195,2026-05-01 00:00:00,DLQ006,Logical Delinquency Progression,loan_id;days_past_due,loan_id=LN100195;days_past_due=90,warning,"Delinquency transitions should roll sequentially (e.g., 0 to 30, 30 to 60, 60 to 90). Skipped DPD buckets raise warnings."
LN100196,2024-12-01 00:00:00,DLQ006,Logical Delinquency Progression,loan_id;days_past_due,loan_id=LN100196;days_past_due=90,warning,"Delinquency transitions should roll sequentially (e.g., 0 to 30, 30 to 60, 60 to 90). Skipped DPD buckets raise warnings."
LN100199,2025-07-01 00:00:00,DLQ006,Logical Delinquency Progression,loan_id;days_past_due,loan_id=LN100199;days_past_due=90,warning,"Delinquency transitions should roll sequentially (e.g., 0 to 30, 30 to 60, 60 to 90). Skipped DPD buckets raise warnings."
LN100204,2023-08-01 00:00:00,DLQ006,Logical Delinquency Progression,loan_id;days_past_due,loan_id=LN100204;days_past_due=90,warning,"Delinquency transitions should roll sequentially (e.g., 0 to 30, 30 to 60, 60 to 90). Skipped DPD buckets raise warnings."
LN100206,2025-07-01 00:00:00,DLQ006,Logical Delinquency Progression,loan_id;days_past_due,loan_id=LN100206;days_past_due=90,warning,"Delinquency transitions should roll sequentially (e.g., 0 to 30, 30 to 60, 60 to 90). Skipped DPD buckets raise warnings."
LN100208,2026-02-01 00:00:00,DLQ006,Logical Delinquency Progression,loan_id;days_past_due,loan_id=LN100208;days_past_due=90,warning,"Delinquency transitions should roll sequentially (e.g., 0 to 30, 30 to 60, 60 to 90). Skipped DPD buckets raise warnings."
LN100212,2025-06-01 00:00:00,DLQ006,Logical Delinquency Progression,loan_id;days_past_due,loan_id=LN100212;days_past_due=90,warning,"Delinquency transitions should roll sequentially (e.g., 0 to 30, 30 to 60, 60 to 90). Skipped DPD buckets raise warnings."
LN100213,2023-05-01 00:00:00,DLQ006,Logical Delinquency Progression,loan_id;days_past_due,loan_id=LN100213;days_past_due=90,warning,"Delinquency transitions should roll sequentially (e.g., 0 to 30, 30 to 60, 60 to 90). Skipped DPD buckets raise warnings."
LN100215,2020-09-01 00:00:00,DLQ006,Logical Delinquency Progression,loan_id;days_past_due,loan_id=LN100215;days_past_due=90,warning,"Delinquency transitions should roll sequentially (e.g., 0 to 30, 30 to 60, 60 to 90). Skipped DPD buckets raise warnings."
LN100216,2023-12-01 00:00:00,DLQ006,Logical Delinquency Progression,loan_id;days_past_due,loan_id=LN100216;days_past_due=90,warning,"Delinquency transitions should roll sequentially (e.g., 0 to 30, 30 to 60, 60 to 90). Skipped DPD buckets raise warnings."
LN100217,2022-05-01 00:00:00,DLQ006,Logical Delinquency Progression,loan_id;days_past_due,loan_id=LN100217;days_past_due=90,warning,"Delinquency transitions should roll sequentially (e.g., 0 to 30, 30 to 60, 60 to 90). Skipped DPD buckets raise warnings."
LN100219,2025-03-01 00:00:00,DLQ006,Logical Delinquency Progression,loan_id;days_past_due,loan_id=LN100219;days_past_due=90,warning,"Delinquency transitions should roll sequentially (e.g., 0 to 30, 30 to 60, 60 to 90). Skipped DPD buckets raise warnings."
LN100220,2019-09-01 00:00:00,DLQ006,Logical Delinquency Progression,loan_id;days_past_due,loan_id=LN100220;days_past_due=90,warning,"Delinquency transitions should roll sequentially (e.g., 0 to 30, 30 to 60, 60 to 90). Skipped DPD buckets raise warnings."
LN100221,2023-01-01 00:00:00,DLQ006,Logical Delinquency Progression,loan_id;days_past_due,loan_id=LN100221;days_past_due=0,warning,"Delinquency transitions should roll sequentially (e.g., 0 to 30, 30 to 60, 60 to 90). Skipped DPD buckets raise warnings."
LN100224,2024-05-01 00:00:00,DLQ006,Logical Delinquency Progression,loan_id;days_past_due,loan_id=LN100224;days_past_due=90,warning,"Delinquency transitions should roll sequentially (e.g., 0 to 30, 30 to 60, 60 to 90). Skipped DPD buckets raise warnings."
LN100226,2025-10-01 00:00:00,DLQ006,Logical Delinquency Progression,loan_id;days_past_due,loan_id=LN100226;days_past_due=90,warning,"Delinquency transitions should roll sequentially (e.g., 0 to 30, 30 to 60, 60 to 90). Skipped DPD buckets raise warnings."
LN100229,2026-03-01 00:00:00,DLQ006,Logical Delinquency Progression,loan_id;days_past_due,loan_id=LN100229;days_past_due=90,warning,"Delinquency transitions should roll sequentially (e.g., 0 to 30, 30 to 60, 60 to 90). Skipped DPD buckets raise warnings."
LN100230,2023-06-01 00:00:00,DLQ006,Logical Delinquency Progression,loan_id;days_past_due,loan_id=LN100230;days_past_due=90,warning,"Delinquency transitions should roll sequentially (e.g., 0 to 30, 30 to 60, 60 to 90). Skipped DPD buckets raise warnings."
LN100234,2023-05-01 00:00:00,DLQ006,Logical Delinquency Progression,loan_id;days_past_due,loan_id=LN100234;days_past_due=90,warning,"Delinquency transitions should roll sequentially (e.g., 0 to 30, 30 to 60, 60 to 90). Skipped DPD buckets raise warnings."
LN100235,2026-01-01 00:00:00,DLQ006,Logical Delinquency Progression,loan_id;days_past_due,loan_id=LN100235;days_past_due=90,warning,"Delinquency transitions should roll sequentially (e.g., 0 to 30, 30 to 60, 60 to 90). Skipped DPD buckets raise warnings."
LN100244,2022-09-01 00:00:00,DLQ006,Logical Delinquency Progression,loan_id;days_past_due,loan_id=LN100244;days_past_due=90,warning,"Delinquency transitions should roll sequentially (e.g., 0 to 30, 30 to 60, 60 to 90). Skipped DPD buckets raise warnings."
LN100247,2023-09-01 00:00:00,DLQ006,Logical Delinquency Progression,loan_id;days_past_due,loan_id=LN100247;days_past_due=90,warning,"Delinquency transitions should roll sequentially (e.g., 0 to 30, 30 to 60, 60 to 90). Skipped DPD buckets raise warnings."
LN100249,2018-05-01 00:00:00,DLQ006,Logical Delinquency Progression,loan_id;days_past_due,loan_id=LN100249;days_past_due=90,warning,"Delinquency transitions should roll sequentially (e.g., 0 to 30, 30 to 60, 60 to 90). Skipped DPD buckets raise warnings."
LN100250,2020-09-01 00:00:00,DLQ006,Logical Delinquency Progression,loan_id;days_past_due,loan_id=LN100250;days_past_due=90,warning,"Delinquency transitions should roll sequentially (e.g., 0 to 30, 30 to 60, 60 to 90). Skipped DPD buckets raise warnings."
LN100251,2022-09-01 00:00:00,DLQ006,Logical Delinquency Progression,loan_id;days_past_due,loan_id=LN100251;days_past_due=90,warning,"Delinquency transitions should roll sequentially (e.g., 0 to 30, 30 to 60, 60 to 90). Skipped DPD buckets raise warnings."
LN100255,2022-10-01 00:00:00,DLQ006,Logical Delinquency Progression,loan_id;days_past_due,loan_id=LN100255;days_past_due=90,warning,"Delinquency transitions should roll sequentially (e.g., 0 to 30, 30 to 60, 60 to 90). Skipped DPD buckets raise warnings."
LN100262,2022-08-01 00:00:00,DLQ006,Logical Delinquency Progression,loan_id;days_past_due,loan_id=LN100262;days_past_due=90,warning,"Delinquency transitions should roll sequentially (e.g., 0 to 30, 30 to 60, 60 to 90). Skipped DPD buckets raise warnings."
LN100266,2022-09-01 00:00:00,DLQ006,Logical Delinquency Progression,loan_id;days_past_due,loan_id=LN100266;days_past_due=90,warning,"Delinquency transitions should roll sequentially (e.g., 0 to 30, 30 to 60, 60 to 90). Skipped DPD buckets raise warnings."
LN100268,2024-12-01 00:00:00,DLQ006,Logical Delinquency Progression,loan_id;days_past_due,loan_id=LN100268;days_past_due=90,warning,"Delinquency transitions should roll sequentially (e.g., 0 to 30, 30 to 60, 60 to 90). Skipped DPD buckets raise warnings."
LN100270,2023-09-01 00:00:00,DLQ006,Logical Delinquency Progression,loan_id;days_past_due,loan_id=LN100270;days_past_due=90,warning,"Delinquency transitions should roll sequentially (e.g., 0 to 30, 30 to 60, 60 to 90). Skipped DPD buckets raise warnings."
LN100273,2025-06-01 00:00:00,DLQ006,Logical Delinquency Progression,loan_id;days_past_due,loan_id=LN100273;days_past_due=90,warning,"Delinquency transitions should roll sequentially (e.g., 0 to 30, 30 to 60, 60 to 90). Skipped DPD buckets raise warnings."
LN100277,2024-06-01 00:00:00,DLQ006,Logical Delinquency Progression,loan_id;days_past_due,loan_id=LN100277;days_past_due=90,warning,"Delinquency transitions should roll sequentially (e.g., 0 to 30, 30 to 60, 60 to 90). Skipped DPD buckets raise warnings."
LN100278,2020-12-01 00:00:00,DLQ006,Logical Delinquency Progression,loan_id;days_past_due,loan_id=LN100278;days_past_due=90,warning,"Delinquency transitions should roll sequentially (e.g., 0 to 30, 30 to 60, 60 to 90). Skipped DPD buckets raise warnings."
LN100280,2020-02-01 00:00:00,DLQ006,Logical Delinquency Progression,loan_id;days_past_due,loan_id=LN100280;days_past_due=90,warning,"Delinquency transitions should roll sequentially (e.g., 0 to 30, 30 to 60, 60 to 90). Skipped DPD buckets raise warnings."
LN100281,2023-05-01 00:00:00,DLQ006,Logical Delinquency Progression,loan_id;days_past_due,loan_id=LN100281;days_past_due=90,warning,"Delinquency transitions should roll sequentially (e.g., 0 to 30, 30 to 60, 60 to 90). Skipped DPD buckets raise warnings."
LN100286,2022-08-01 00:00:00,DLQ006,Logical Delinquency Progression,loan_id;days_past_due,loan_id=LN100286;days_past_due=90,warning,"Delinquency transitions should roll sequentially (e.g., 0 to 30, 30 to 60, 60 to 90). Skipped DPD buckets raise warnings."
LN100287,2025-06-01 00:00:00,DLQ006,Logical Delinquency Progression,loan_id;days_past_due,loan_id=LN100287;days_past_due=90,warning,"Delinquency transitions should roll sequentially (e.g., 0 to 30, 30 to 60, 60 to 90). Skipped DPD buckets raise warnings."
LN100289,2025-09-01 00:00:00,DLQ006,Logical Delinquency Progression,loan_id;days_past_due,loan_id=LN100289;days_past_due=90,warning,"Delinquency transitions should roll sequentially (e.g., 0 to 30, 30 to 60, 60 to 90). Skipped DPD buckets raise warnings."
LN100290,2024-10-01 00:00:00,DLQ006,Logical Delinquency Progression,loan_id;days_past_due,loan_id=LN100290;days_past_due=90,warning,"Delinquency transitions should roll sequentially (e.g., 0 to 30, 30 to 60, 60 to 90). Skipped DPD buckets raise warnings."
LN100292,2025-01-01 00:00:00,DLQ006,Logical Delinquency Progression,loan_id;days_past_due,loan_id=LN100292;days_past_due=90,warning,"Delinquency transitions should roll sequentially (e.g., 0 to 30, 30 to 60, 60 to 90). Skipped DPD buckets raise warnings."
LN100293,2022-05-01 00:00:00,DLQ006,Logical Delinquency Progression,loan_id;days_past_due,loan_id=LN100293;days_past_due=90,warning,"Delinquency transitions should roll sequentially (e.g., 0 to 30, 30 to 60, 60 to 90). Skipped DPD buckets raise warnings."
LN100294,2022-09-01 00:00:00,DLQ006,Logical Delinquency Progression,loan_id;days_past_due,loan_id=LN100294;days_past_due=90,warning,"Delinquency transitions should roll sequentially (e.g., 0 to 30, 30 to 60, 60 to 90). Skipped DPD buckets raise warnings."
LN100295,2021-12-01 00:00:00,DLQ006,Logical Delinquency Progression,loan_id;days_past_due,loan_id=LN100295;days_past_due=90,warning,"Delinquency transitions should roll sequentially (e.g., 0 to 30, 30 to 60, 60 to 90). Skipped DPD buckets raise warnings."
LN100300,2022-05-01 00:00:00,DLQ006,Logical Delinquency Progression,loan_id;days_past_due,loan_id=LN100300;days_past_due=90,warning,"Delinquency transitions should roll sequentially (e.g., 0 to 30, 30 to 60, 60 to 90). Skipped DPD buckets raise warnings."
LN100302,2020-04-01 00:00:00,DLQ006,Logical Delinquency Progression,loan_id;days_past_due,loan_id=LN100302;days_past_due=90,warning,"Delinquency transitions should roll sequentially (e.g., 0 to 30, 30 to 60, 60 to 90). Skipped DPD buckets raise warnings."
LN100306,2020-10-01 00:00:00,DLQ006,Logical Delinquency Progression,loan_id;days_past_due,loan_id=LN100306;days_past_due=90,warning,"Delinquency transitions should roll sequentially (e.g., 0 to 30, 30 to 60, 60 to 90). Skipped DPD buckets raise warnings."
LN100310,2023-07-01 00:00:00,DLQ006,Logical Delinquency Progression,loan_id;days_past_due,loan_id=LN100310;days_past_due=90,warning,"Delinquency transitions should roll sequentially (e.g., 0 to 30, 30 to 60, 60 to 90). Skipped DPD buckets raise warnings."
LN100312,2022-01-01 00:00:00,DLQ006,Logical Delinquency Progression,loan_id;days_past_due,loan_id=LN100312;days_past_due=90,warning,"Delinquency transitions should roll sequentially (e.g., 0 to 30, 30 to 60, 60 to 90). Skipped DPD buckets raise warnings."
LN100313,2020-05-01 00:00:00,DLQ006,Logical Delinquency Progression,loan_id;days_past_due,loan_id=LN100313;days_past_due=90,warning,"Delinquency transitions should roll sequentially (e.g., 0 to 30, 30 to 60, 60 to 90). Skipped DPD buckets raise warnings."
LN100314,2020-09-01 00:00:00,DLQ006,Logical Delinquency Progression,loan_id;days_past_due,loan_id=LN100314;days_past_due=90,warning,"Delinquency transitions should roll sequentially (e.g., 0 to 30, 30 to 60, 60 to 90). Skipped DPD buckets raise warnings."
LN100315,2024-10-01 00:00:00,DLQ006,Logical Delinquency Progression,loan_id;days_past_due,loan_id=LN100315;days_past_due=90,warning,"Delinquency transitions should roll sequentially (e.g., 0 to 30, 30 to 60, 60 to 90). Skipped DPD buckets raise warnings."
LN100316,2025-06-01 00:00:00,DLQ006,Logical Delinquency Progression,loan_id;days_past_due,loan_id=LN100316;days_past_due=90,warning,"Delinquency transitions should roll sequentially (e.g., 0 to 30, 30 to 60, 60 to 90). Skipped DPD buckets raise warnings."
LN100322,2022-10-01 00:00:00,DLQ006,Logical Delinquency Progression,loan_id;days_past_due,loan_id=LN100322;days_past_due=90,warning,"Delinquency transitions should roll sequentially (e.g., 0 to 30, 30 to 60, 60 to 90). Skipped DPD buckets raise warnings."
LN100325,2021-04-01 00:00:00,DLQ006,Logical Delinquency Progression,loan_id;days_past_due,loan_id=LN100325;days_past_due=90,warning,"Delinquency transitions should roll sequentially (e.g., 0 to 30, 30 to 60, 60 to 90). Skipped DPD buckets raise warnings."
LN100328,2021-03-01 00:00:00,DLQ006,Logical Delinquency Progression,loan_id;days_past_due,loan_id=LN100328;days_past_due=90,warning,"Delinquency transitions should roll sequentially (e.g., 0 to 30, 30 to 60, 60 to 90). Skipped DPD buckets raise warnings."
LN100331,2021-01-01 00:00:00,DLQ006,Logical Delinquency Progression,loan_id;days_past_due,loan_id=LN100331;days_past_due=90,warning,"Delinquency transitions should roll sequentially (e.g., 0 to 30, 30 to 60, 60 to 90). Skipped DPD buckets raise warnings."
LN100333,2024-08-01 00:00:00,DLQ006,Logical Delinquency Progression,loan_id;days_past_due,loan_id=LN100333;days_past_due=90,warning,"Delinquency transitions should roll sequentially (e.g., 0 to 30, 30 to 60, 60 to 90). Skipped DPD buckets raise warnings."
LN100337,2024-01-01 00:00:00,DLQ006,Logical Delinquency Progression,loan_id;days_past_due,loan_id=LN100337;days_past_due=90,warning,"Delinquency transitions should roll sequentially (e.g., 0 to 30, 30 to 60, 60 to 90). Skipped DPD buckets raise warnings."
LN100341,2024-08-01 00:00:00,DLQ006,Logical Delinquency Progression,loan_id;days_past_due,loan_id=LN100341;days_past_due=90,warning,"Delinquency transitions should roll sequentially (e.g., 0 to 30, 30 to 60, 60 to 90). Skipped DPD buckets raise warnings."
LN100342,2024-01-01 00:00:00,DLQ006,Logical Delinquency Progression,loan_id;days_past_due,loan_id=LN100342;days_past_due=90,warning,"Delinquency transitions should roll sequentially (e.g., 0 to 30, 30 to 60, 60 to 90). Skipped DPD buckets raise warnings."
LN100348,2020-09-01 00:00:00,DLQ006,Logical Delinquency Progression,loan_id;days_past_due,loan_id=LN100348;days_past_due=90,warning,"Delinquency transitions should roll sequentially (e.g., 0 to 30, 30 to 60, 60 to 90). Skipped DPD buckets raise warnings."
LN100349,2021-11-01 00:00:00,DLQ006,Logical Delinquency Progression,loan_id;days_past_due,loan_id=LN100349;days_past_due=90,warning,"Delinquency transitions should roll sequentially (e.g., 0 to 30, 30 to 60, 60 to 90). Skipped DPD buckets raise warnings."
LN100353,2025-05-01 00:00:00,DLQ006,Logical Delinquency Progression,loan_id;days_past_due,loan_id=LN100353;days_past_due=90,warning,"Delinquency transitions should roll sequentially (e.g., 0 to 30, 30 to 60, 60 to 90). Skipped DPD buckets raise warnings."
LN100357,2025-02-01 00:00:00,DLQ006,Logical Delinquency Progression,loan_id;days_past_due,loan_id=LN100357;days_past_due=90,warning,"Delinquency transitions should roll sequentially (e.g., 0 to 30, 30 to 60, 60 to 90). Skipped DPD buckets raise warnings."
LN100358,2019-12-01 00:00:00,DLQ006,Logical Delinquency Progression,loan_id;days_past_due,loan_id=LN100358;days_past_due=90,warning,"Delinquency transitions should roll sequentially (e.g., 0 to 30, 30 to 60, 60 to 90). Skipped DPD buckets raise warnings."
LN100359,2024-11-01 00:00:00,DLQ006,Logical Delinquency Progression,loan_id;days_past_due,loan_id=LN100359;days_past_due=90,warning,"Delinquency transitions should roll sequentially (e.g., 0 to 30, 30 to 60, 60 to 90). Skipped DPD buckets raise warnings."
LN100361,2025-05-01 00:00:00,DLQ006,Logical Delinquency Progression,loan_id;days_past_due,loan_id=LN100361;days_past_due=90,warning,"Delinquency transitions should roll sequentially (e.g., 0 to 30, 30 to 60, 60 to 90). Skipped DPD buckets raise warnings."
LN100364,2021-12-01 00:00:00,DLQ006,Logical Delinquency Progression,loan_id;days_past_due,loan_id=LN100364;days_past_due=90,warning,"Delinquency transitions should roll sequentially (e.g., 0 to 30, 30 to 60, 60 to 90). Skipped DPD buckets raise warnings."
LN100365,2023-07-01 00:00:00,DLQ006,Logical Delinquency Progression,loan_id;days_past_due,loan_id=LN100365;days_past_due=90,warning,"Delinquency transitions should roll sequentially (e.g., 0 to 30, 30 to 60, 60 to 90). Skipped DPD buckets raise warnings."
LN100367,2021-11-01 00:00:00,DLQ006,Logical Delinquency Progression,loan_id;days_past_due,loan_id=LN100367;days_past_due=90,warning,"Delinquency transitions should roll sequentially (e.g., 0 to 30, 30 to 60, 60 to 90). Skipped DPD buckets raise warnings."
LN100369,2024-09-01 00:00:00,DLQ006,Logical Delinquency Progression,loan_id;days_past_due,loan_id=LN100369;days_past_due=90,warning,"Delinquency transitions should roll sequentially (e.g., 0 to 30, 30 to 60, 60 to 90). Skipped DPD buckets raise warnings."
LN100373,2026-06-01 00:00:00,DLQ006,Logical Delinquency Progression,loan_id;days_past_due,loan_id=LN100373;days_past_due=90,warning,"Delinquency transitions should roll sequentially (e.g., 0 to 30, 30 to 60, 60 to 90). Skipped DPD buckets raise warnings."
LN100377,2025-08-01 00:00:00,DLQ006,Logical Delinquency Progression,loan_id;days_past_due,loan_id=LN100377;days_past_due=90,warning,"Delinquency transitions should roll sequentially (e.g., 0 to 30, 30 to 60, 60 to 90). Skipped DPD buckets raise warnings."
LN100379,2021-06-01 00:00:00,DLQ006,Logical Delinquency Progression,loan_id;days_past_due,loan_id=LN100379;days_past_due=90,warning,"Delinquency transitions should roll sequentially (e.g., 0 to 30, 30 to 60, 60 to 90). Skipped DPD buckets raise warnings."
LN100381,2024-09-01 00:00:00,DLQ006,Logical Delinquency Progression,loan_id;days_past_due,loan_id=LN100381;days_past_due=90,warning,"Delinquency transitions should roll sequentially (e.g., 0 to 30, 30 to 60, 60 to 90). Skipped DPD buckets raise warnings."
LN100385,2020-04-01 00:00:00,DLQ006,Logical Delinquency Progression,loan_id;days_past_due,loan_id=LN100385;days_past_due=90,warning,"Delinquency transitions should roll sequentially (e.g., 0 to 30, 30 to 60, 60 to 90). Skipped DPD buckets raise warnings."
LN100386,2022-05-01 00:00:00,DLQ006,Logical Delinquency Progression,loan_id;days_past_due,loan_id=LN100386;days_past_due=90,warning,"Delinquency transitions should roll sequentially (e.g., 0 to 30, 30 to 60, 60 to 90). Skipped DPD buckets raise warnings."
LN100389,2023-08-01 00:00:00,DLQ006,Logical Delinquency Progression,loan_id;days_past_due,loan_id=LN100389;days_past_due=90,warning,"Delinquency transitions should roll sequentially (e.g., 0 to 30, 30 to 60, 60 to 90). Skipped DPD buckets raise warnings."
LN100391,2024-01-01 00:00:00,DLQ006,Logical Delinquency Progression,loan_id;days_past_due,loan_id=LN100391;days_past_due=90,warning,"Delinquency transitions should roll sequentially (e.g., 0 to 30, 30 to 60, 60 to 90). Skipped DPD buckets raise warnings."
LN100394,2025-11-01 00:00:00,DLQ006,Logical Delinquency Progression,loan_id;days_past_due,loan_id=LN100394;days_past_due=90,warning,"Delinquency transitions should roll sequentially (e.g., 0 to 30, 30 to 60, 60 to 90). Skipped DPD buckets raise warnings."
LN100398,2022-04-01 00:00:00,DLQ006,Logical Delinquency Progression,loan_id;days_past_due,loan_id=LN100398;days_past_due=90,warning,"Delinquency transitions should roll sequentially (e.g., 0 to 30, 30 to 60, 60 to 90). Skipped DPD buckets raise warnings."
LN100399,2021-08-01 00:00:00,DLQ006,Logical Delinquency Progression,loan_id;days_past_due,loan_id=LN100399;days_past_due=90,warning,"Delinquency transitions should roll sequentially (e.g., 0 to 30, 30 to 60, 60 to 90). Skipped DPD buckets raise warnings."
LN100401,2025-02-01 00:00:00,DLQ006,Logical Delinquency Progression,loan_id;days_past_due,loan_id=LN100401;days_past_due=90,warning,"Delinquency transitions should roll sequentially (e.g., 0 to 30, 30 to 60, 60 to 90). Skipped DPD buckets raise warnings."
LN100404,2021-07-01 00:00:00,DLQ006,Logical Delinquency Progression,loan_id;days_past_due,loan_id=LN100404;days_past_due=90,warning,"Delinquency transitions should roll sequentially (e.g., 0 to 30, 30 to 60, 60 to 90). Skipped DPD buckets raise warnings."
LN100405,2021-12-01 00:00:00,DLQ006,Logical Delinquency Progression,loan_id;days_past_due,loan_id=LN100405;days_past_due=90,warning,"Delinquency transitions should roll sequentially (e.g., 0 to 30, 30 to 60, 60 to 90). Skipped DPD buckets raise warnings."
LN100407,2020-04-01 00:00:00,DLQ006,Logical Delinquency Progression,loan_id;days_past_due,loan_id=LN100407;days_past_due=90,warning,"Delinquency transitions should roll sequentially (e.g., 0 to 30, 30 to 60, 60 to 90). Skipped DPD buckets raise warnings."
LN100409,2019-02-01 00:00:00,DLQ006,Logical Delinquency Progression,loan_id;days_past_due,loan_id=LN100409;days_past_due=90,warning,"Delinquency transitions should roll sequentially (e.g., 0 to 30, 30 to 60, 60 to 90). Skipped DPD buckets raise warnings."
LN100414,2020-08-01 00:00:00,DLQ006,Logical Delinquency Progression,loan_id;days_past_due,loan_id=LN100414;days_past_due=90,warning,"Delinquency transitions should roll sequentially (e.g., 0 to 30, 30 to 60, 60 to 90). Skipped DPD buckets raise warnings."
LN100416,2025-02-01 00:00:00,DLQ006,Logical Delinquency Progression,loan_id;days_past_due,loan_id=LN100416;days_past_due=90,warning,"Delinquency transitions should roll sequentially (e.g., 0 to 30, 30 to 60, 60 to 90). Skipped DPD buckets raise warnings."
LN100417,2022-12-01 00:00:00,DLQ006,Logical Delinquency Progression,loan_id;days_past_due,loan_id=LN100417;days_past_due=90,warning,"Delinquency transitions should roll sequentially (e.g., 0 to 30, 30 to 60, 60 to 90). Skipped DPD buckets raise warnings."
LN100418,2023-09-01 00:00:00,DLQ006,Logical Delinquency Progression,loan_id;days_past_due,loan_id=LN100418;days_past_due=90,warning,"Delinquency transitions should roll sequentially (e.g., 0 to 30, 30 to 60, 60 to 90). Skipped DPD buckets raise warnings."
LN100424,2025-09-01 00:00:00,DLQ006,Logical Delinquency Progression,loan_id;days_past_due,loan_id=LN100424;days_past_due=90,warning,"Delinquency transitions should roll sequentially (e.g., 0 to 30, 30 to 60, 60 to 90). Skipped DPD buckets raise warnings."
LN100427,2024-03-01 00:00:00,DLQ006,Logical Delinquency Progression,loan_id;days_past_due,loan_id=LN100427;days_past_due=90,warning,"Delinquency transitions should roll sequentially (e.g., 0 to 30, 30 to 60, 60 to 90). Skipped DPD buckets raise warnings."
LN100428,2019-11-01 00:00:00,DLQ006,Logical Delinquency Progression,loan_id;days_past_due,loan_id=LN100428;days_past_due=90,warning,"Delinquency transitions should roll sequentially (e.g., 0 to 30, 30 to 60, 60 to 90). Skipped DPD buckets raise warnings."
LN100429,2025-01-01 00:00:00,DLQ006,Logical Delinquency Progression,loan_id;days_past_due,loan_id=LN100429;days_past_due=90,warning,"Delinquency transitions should roll sequentially (e.g., 0 to 30, 30 to 60, 60 to 90). Skipped DPD buckets raise warnings."
LN100433,2022-12-01 00:00:00,DLQ006,Logical Delinquency Progression,loan_id;days_past_due,loan_id=LN100433;days_past_due=90,warning,"Delinquency transitions should roll sequentially (e.g., 0 to 30, 30 to 60, 60 to 90). Skipped DPD buckets raise warnings."
LN100434,2022-06-01 00:00:00,DLQ006,Logical Delinquency Progression,loan_id;days_past_due,loan_id=LN100434;days_past_due=90,warning,"Delinquency transitions should roll sequentially (e.g., 0 to 30, 30 to 60, 60 to 90). Skipped DPD buckets raise warnings."
LN100435,2019-09-01 00:00:00,DLQ006,Logical Delinquency Progression,loan_id;days_past_due,loan_id=LN100435;days_past_due=90,warning,"Delinquency transitions should roll sequentially (e.g., 0 to 30, 30 to 60, 60 to 90). Skipped DPD buckets raise warnings."
LN100440,2025-07-01 00:00:00,DLQ006,Logical Delinquency Progression,loan_id;days_past_due,loan_id=LN100440;days_past_due=90,warning,"Delinquency transitions should roll sequentially (e.g., 0 to 30, 30 to 60, 60 to 90). Skipped DPD buckets raise warnings."
LN100441,2023-12-01 00:00:00,DLQ006,Logical Delinquency Progression,loan_id;days_past_due,loan_id=LN100441;days_past_due=90,warning,"Delinquency transitions should roll sequentially (e.g., 0 to 30, 30 to 60, 60 to 90). Skipped DPD buckets raise warnings."
LN100442,2020-11-01 00:00:00,DLQ006,Logical Delinquency Progression,loan_id;days_past_due,loan_id=LN100442;days_past_due=90,warning,"Delinquency transitions should roll sequentially (e.g., 0 to 30, 30 to 60, 60 to 90). Skipped DPD buckets raise warnings."
LN100444,2022-06-01 00:00:00,DLQ006,Logical Delinquency Progression,loan_id;days_past_due,loan_id=LN100444;days_past_due=90,warning,"Delinquency transitions should roll sequentially (e.g., 0 to 30, 30 to 60, 60 to 90). Skipped DPD buckets raise warnings."
LN100445,2023-01-01 00:00:00,DLQ006,Logical Delinquency Progression,loan_id;days_past_due,loan_id=LN100445;days_past_due=90,warning,"Delinquency transitions should roll sequentially (e.g., 0 to 30, 30 to 60, 60 to 90). Skipped DPD buckets raise warnings."
LN100455,2022-09-01 00:00:00,DLQ006,Logical Delinquency Progression,loan_id;days_past_due,loan_id=LN100455;days_past_due=90,warning,"Delinquency transitions should roll sequentially (e.g., 0 to 30, 30 to 60, 60 to 90). Skipped DPD buckets raise warnings."
LN100456,2021-09-01 00:00:00,DLQ006,Logical Delinquency Progression,loan_id;days_past_due,loan_id=LN100456;days_past_due=90,warning,"Delinquency transitions should roll sequentially (e.g., 0 to 30, 30 to 60, 60 to 90). Skipped DPD buckets raise warnings."
LN100460,2024-06-01 00:00:00,DLQ006,Logical Delinquency Progression,loan_id;days_past_due,loan_id=LN100460;days_past_due=90,warning,"Delinquency transitions should roll sequentially (e.g., 0 to 30, 30 to 60, 60 to 90). Skipped DPD buckets raise warnings."
LN100461,2019-02-01 00:00:00,DLQ006,Logical Delinquency Progression,loan_id;days_past_due,loan_id=LN100461;days_past_due=90,warning,"Delinquency transitions should roll sequentially (e.g., 0 to 30, 30 to 60, 60 to 90). Skipped DPD buckets raise warnings."
LN100465,2026-05-01 00:00:00,DLQ006,Logical Delinquency Progression,loan_id;days_past_due,loan_id=LN100465;days_past_due=90,warning,"Delinquency transitions should roll sequentially (e.g., 0 to 30, 30 to 60, 60 to 90). Skipped DPD buckets raise warnings."
LN100466,2022-05-01 00:00:00,DLQ006,Logical Delinquency Progression,loan_id;days_past_due,loan_id=LN100466;days_past_due=90,warning,"Delinquency transitions should roll sequentially (e.g., 0 to 30, 30 to 60, 60 to 90). Skipped DPD buckets raise warnings."
LN100469,2025-02-01 00:00:00,DLQ006,Logical Delinquency Progression,loan_id;days_past_due,loan_id=LN100469;days_past_due=90,warning,"Delinquency transitions should roll sequentially (e.g., 0 to 30, 30 to 60, 60 to 90). Skipped DPD buckets raise warnings."
LN100472,2023-11-01 00:00:00,DLQ006,Logical Delinquency Progression,loan_id;days_past_due,loan_id=LN100472;days_past_due=90,warning,"Delinquency transitions should roll sequentially (e.g., 0 to 30, 30 to 60, 60 to 90). Skipped DPD buckets raise warnings."
LN100473,2024-03-01 00:00:00,DLQ006,Logical Delinquency Progression,loan_id;days_past_due,loan_id=LN100473;days_past_due=90,warning,"Delinquency transitions should roll sequentially (e.g., 0 to 30, 30 to 60, 60 to 90). Skipped DPD buckets raise warnings."
LN100475,2023-09-01 00:00:00,DLQ006,Logical Delinquency Progression,loan_id;days_past_due,loan_id=LN100475;days_past_due=90,warning,"Delinquency transitions should roll sequentially (e.g., 0 to 30, 30 to 60, 60 to 90). Skipped DPD buckets raise warnings."
LN100476,2026-03-01 00:00:00,DLQ006,Logical Delinquency Progression,loan_id;days_past_due,loan_id=LN100476;days_past_due=90,warning,"Delinquency transitions should roll sequentially (e.g., 0 to 30, 30 to 60, 60 to 90). Skipped DPD buckets raise warnings."
LN100477,2019-10-01 00:00:00,DLQ006,Logical Delinquency Progression,loan_id;days_past_due,loan_id=LN100477;days_past_due=90,warning,"Delinquency transitions should roll sequentially (e.g., 0 to 30, 30 to 60, 60 to 90). Skipped DPD buckets raise warnings."
LN100480,2021-12-01 00:00:00,DLQ006,Logical Delinquency Progression,loan_id;days_past_due,loan_id=LN100480;days_past_due=90,warning,"Delinquency transitions should roll sequentially (e.g., 0 to 30, 30 to 60, 60 to 90). Skipped DPD buckets raise warnings."
LN100482,2025-09-01 00:00:00,DLQ006,Logical Delinquency Progression,loan_id;days_past_due,loan_id=LN100482;days_past_due=90,warning,"Delinquency transitions should roll sequentially (e.g., 0 to 30, 30 to 60, 60 to 90). Skipped DPD buckets raise warnings."
LN100483,2024-04-01 00:00:00,DLQ006,Logical Delinquency Progression,loan_id;days_past_due,loan_id=LN100483;days_past_due=90,warning,"Delinquency transitions should roll sequentially (e.g., 0 to 30, 30 to 60, 60 to 90). Skipped DPD buckets raise warnings."
LN100484,2023-02-01 00:00:00,DLQ006,Logical Delinquency Progression,loan_id;days_past_due,loan_id=LN100484;days_past_due=90,warning,"Delinquency transitions should roll sequentially (e.g., 0 to 30, 30 to 60, 60 to 90). Skipped DPD buckets raise warnings."
LN100485,2020-08-01 00:00:00,DLQ006,Logical Delinquency Progression,loan_id;days_past_due,loan_id=LN100485;days_past_due=90,warning,"Delinquency transitions should roll sequentially (e.g., 0 to 30, 30 to 60, 60 to 90). Skipped DPD buckets raise warnings."
LN100488,2026-05-01 00:00:00,DLQ006,Logical Delinquency Progression,loan_id;days_past_due,loan_id=LN100488;days_past_due=90,warning,"Delinquency transitions should roll sequentially (e.g., 0 to 30, 30 to 60, 60 to 90). Skipped DPD buckets raise warnings."
LN100489,2022-09-01 00:00:00,DLQ006,Logical Delinquency Progression,loan_id;days_past_due,loan_id=LN100489;days_past_due=90,warning,"Delinquency transitions should roll sequentially (e.g., 0 to 30, 30 to 60, 60 to 90). Skipped DPD buckets raise warnings."
LN100490,2026-02-01 00:00:00,DLQ006,Logical Delinquency Progression,loan_id;days_past_due,loan_id=LN100490;days_past_due=90,warning,"Delinquency transitions should roll sequentially (e.g., 0 to 30, 30 to 60, 60 to 90). Skipped DPD buckets raise warnings."
LN100492,2024-08-01 00:00:00,DLQ006,Logical Delinquency Progression,loan_id;days_past_due,loan_id=LN100492;days_past_due=90,warning,"Delinquency transitions should roll sequentially (e.g., 0 to 30, 30 to 60, 60 to 90). Skipped DPD buckets raise warnings."
LN100493,2023-09-01 00:00:00,DLQ006,Logical Delinquency Progression,loan_id;days_past_due,loan_id=LN100493;days_past_due=90,warning,"Delinquency transitions should roll sequentially (e.g., 0 to 30, 30 to 60, 60 to 90). Skipped DPD buckets raise warnings."
LN100494,2024-03-01 00:00:00,DLQ006,Logical Delinquency Progression,loan_id;days_past_due,loan_id=LN100494;days_past_due=90,warning,"Delinquency transitions should roll sequentially (e.g., 0 to 30, 30 to 60, 60 to 90). Skipped DPD buckets raise warnings."
LN100495,2021-02-01 00:00:00,DLQ006,Logical Delinquency Progression,loan_id;days_past_due,loan_id=LN100495;days_past_due=90,warning,"Delinquency transitions should roll sequentially (e.g., 0 to 30, 30 to 60, 60 to 90). Skipped DPD buckets raise warnings."
LN100497,2021-12-01 00:00:00,DLQ006,Logical Delinquency Progression,loan_id;days_past_due,loan_id=LN100497;days_past_due=90,warning,"Delinquency transitions should roll sequentially (e.g., 0 to 30, 30 to 60, 60 to 90). Skipped DPD buckets raise warnings."
LN100499,2022-05-01 00:00:00,DLQ006,Logical Delinquency Progression,loan_id;days_past_due,loan_id=LN100499;days_past_due=90,warning,"Delinquency transitions should roll sequentially (e.g., 0 to 30, 30 to 60, 60 to 90). Skipped DPD buckets raise warnings."
LN100503,2025-01-01 00:00:00,DLQ006,Logical Delinquency Progression,loan_id;days_past_due,loan_id=LN100503;days_past_due=90,warning,"Delinquency transitions should roll sequentially (e.g., 0 to 30, 30 to 60, 60 to 90). Skipped DPD buckets raise warnings."
LN100504,2020-02-01 00:00:00,DLQ006,Logical Delinquency Progression,loan_id;days_past_due,loan_id=LN100504;days_past_due=90,warning,"Delinquency transitions should roll sequentially (e.g., 0 to 30, 30 to 60, 60 to 90). Skipped DPD buckets raise warnings."
LN100506,2023-08-01 00:00:00,DLQ006,Logical Delinquency Progression,loan_id;days_past_due,loan_id=LN100506;days_past_due=90,warning,"Delinquency transitions should roll sequentially (e.g., 0 to 30, 30 to 60, 60 to 90). Skipped DPD buckets raise warnings."
LN100508,2021-03-01 00:00:00,DLQ006,Logical Delinquency Progression,loan_id;days_past_due,loan_id=LN100508;days_past_due=90,warning,"Delinquency transitions should roll sequentially (e.g., 0 to 30, 30 to 60, 60 to 90). Skipped DPD buckets raise warnings."
LN100509,2021-10-01 00:00:00,DLQ006,Logical Delinquency Progression,loan_id;days_past_due,loan_id=LN100509;days_past_due=90,warning,"Delinquency transitions should roll sequentially (e.g., 0 to 30, 30 to 60, 60 to 90). Skipped DPD buckets raise warnings."
LN100514,2024-10-01 00:00:00,DLQ006,Logical Delinquency Progression,loan_id;days_past_due,loan_id=LN100514;days_past_due=90,warning,"Delinquency transitions should roll sequentially (e.g., 0 to 30, 30 to 60, 60 to 90). Skipped DPD buckets raise warnings."
LN100515,2019-09-01 00:00:00,DLQ006,Logical Delinquency Progression,loan_id;days_past_due,loan_id=LN100515;days_past_due=90,warning,"Delinquency transitions should roll sequentially (e.g., 0 to 30, 30 to 60, 60 to 90). Skipped DPD buckets raise warnings."
LN100519,2023-03-01 00:00:00,DLQ006,Logical Delinquency Progression,loan_id;days_past_due,loan_id=LN100519;days_past_due=90,warning,"Delinquency transitions should roll sequentially (e.g., 0 to 30, 30 to 60, 60 to 90). Skipped DPD buckets raise warnings."
LN100521,2023-10-01 00:00:00,DLQ006,Logical Delinquency Progression,loan_id;days_past_due,loan_id=LN100521;days_past_due=90,warning,"Delinquency transitions should roll sequentially (e.g., 0 to 30, 30 to 60, 60 to 90). Skipped DPD buckets raise warnings."
LN100523,2026-01-01 00:00:00,DLQ006,Logical Delinquency Progression,loan_id;days_past_due,loan_id=LN100523;days_past_due=90,warning,"Delinquency transitions should roll sequentially (e.g., 0 to 30, 30 to 60, 60 to 90). Skipped DPD buckets raise warnings."
LN100525,2023-03-01 00:00:00,DLQ006,Logical Delinquency Progression,loan_id;days_past_due,loan_id=LN100525;days_past_due=90,warning,"Delinquency transitions should roll sequentially (e.g., 0 to 30, 30 to 60, 60 to 90). Skipped DPD buckets raise warnings."
LN100528,2025-05-01 00:00:00,DLQ006,Logical Delinquency Progression,loan_id;days_past_due,loan_id=LN100528;days_past_due=90,warning,"Delinquency transitions should roll sequentially (e.g., 0 to 30, 30 to 60, 60 to 90). Skipped DPD buckets raise warnings."
LN100530,2024-11-01 00:00:00,DLQ006,Logical Delinquency Progression,loan_id;days_past_due,loan_id=LN100530;days_past_due=90,warning,"Delinquency transitions should roll sequentially (e.g., 0 to 30, 30 to 60, 60 to 90). Skipped DPD buckets raise warnings."
LN100531,2024-04-01 00:00:00,DLQ006,Logical Delinquency Progression,loan_id;days_past_due,loan_id=LN100531;days_past_due=90,warning,"Delinquency transitions should roll sequentially (e.g., 0 to 30, 30 to 60, 60 to 90). Skipped DPD buckets raise warnings."
LN100533,2023-01-01 00:00:00,DLQ006,Logical Delinquency Progression,loan_id;days_past_due,loan_id=LN100533;days_past_due=90,warning,"Delinquency transitions should roll sequentially (e.g., 0 to 30, 30 to 60, 60 to 90). Skipped DPD buckets raise warnings."
LN100535,2020-11-01 00:00:00,DLQ006,Logical Delinquency Progression,loan_id;days_past_due,loan_id=LN100535;days_past_due=90,warning,"Delinquency transitions should roll sequentially (e.g., 0 to 30, 30 to 60, 60 to 90). Skipped DPD buckets raise warnings."
LN100537,2023-04-01 00:00:00,DLQ006,Logical Delinquency Progression,loan_id;days_past_due,loan_id=LN100537;days_past_due=90,warning,"Delinquency transitions should roll sequentially (e.g., 0 to 30, 30 to 60, 60 to 90). Skipped DPD buckets raise warnings."
LN100538,2026-02-01 00:00:00,DLQ006,Logical Delinquency Progression,loan_id;days_past_due,loan_id=LN100538;days_past_due=90,warning,"Delinquency transitions should roll sequentially (e.g., 0 to 30, 30 to 60, 60 to 90). Skipped DPD buckets raise warnings."
LN100539,2018-10-01 00:00:00,DLQ006,Logical Delinquency Progression,loan_id;days_past_due,loan_id=LN100539;days_past_due=90,warning,"Delinquency transitions should roll sequentially (e.g., 0 to 30, 30 to 60, 60 to 90). Skipped DPD buckets raise warnings."
LN100541,2024-10-01 00:00:00,DLQ006,Logical Delinquency Progression,loan_id;days_past_due,loan_id=LN100541;days_past_due=90,warning,"Delinquency transitions should roll sequentially (e.g., 0 to 30, 30 to 60, 60 to 90). Skipped DPD buckets raise warnings."
LN100542,2026-02-01 00:00:00,DLQ006,Logical Delinquency Progression,loan_id;days_past_due,loan_id=LN100542;days_past_due=90,warning,"Delinquency transitions should roll sequentially (e.g., 0 to 30, 30 to 60, 60 to 90). Skipped DPD buckets raise warnings."
LN100543,2019-10-01 00:00:00,DLQ006,Logical Delinquency Progression,loan_id;days_past_due,loan_id=LN100543;days_past_due=90,warning,"Delinquency transitions should roll sequentially (e.g., 0 to 30, 30 to 60, 60 to 90). Skipped DPD buckets raise warnings."
LN100546,2024-09-01 00:00:00,DLQ006,Logical Delinquency Progression,loan_id;days_past_due,loan_id=LN100546;days_past_due=90,warning,"Delinquency transitions should roll sequentially (e.g., 0 to 30, 30 to 60, 60 to 90). Skipped DPD buckets raise warnings."
LN100548,2024-05-01 00:00:00,DLQ006,Logical Delinquency Progression,loan_id;days_past_due,loan_id=LN100548;days_past_due=90,warning,"Delinquency transitions should roll sequentially (e.g., 0 to 30, 30 to 60, 60 to 90). Skipped DPD buckets raise warnings."
LN100549,2023-04-01 00:00:00,DLQ006,Logical Delinquency Progression,loan_id;days_past_due,loan_id=LN100549;days_past_due=90,warning,"Delinquency transitions should roll sequentially (e.g., 0 to 30, 30 to 60, 60 to 90). Skipped DPD buckets raise warnings."
LN100552,2024-01-01 00:00:00,DLQ006,Logical Delinquency Progression,loan_id;days_past_due,loan_id=LN100552;days_past_due=90,warning,"Delinquency transitions should roll sequentially (e.g., 0 to 30, 30 to 60, 60 to 90). Skipped DPD buckets raise warnings."
LN100554,2025-06-01 00:00:00,DLQ006,Logical Delinquency Progression,loan_id;days_past_due,loan_id=LN100554;days_past_due=90,warning,"Delinquency transitions should roll sequentially (e.g., 0 to 30, 30 to 60, 60 to 90). Skipped DPD buckets raise warnings."
LN100557,2024-11-01 00:00:00,DLQ006,Logical Delinquency Progression,loan_id;days_past_due,loan_id=LN100557;days_past_due=90,warning,"Delinquency transitions should roll sequentially (e.g., 0 to 30, 30 to 60, 60 to 90). Skipped DPD buckets raise warnings."
LN100558,2023-08-01 00:00:00,DLQ006,Logical Delinquency Progression,loan_id;days_past_due,loan_id=LN100558;days_past_due=90,warning,"Delinquency transitions should roll sequentially (e.g., 0 to 30, 30 to 60, 60 to 90). Skipped DPD buckets raise warnings."
LN100559,2024-10-01 00:00:00,DLQ006,Logical Delinquency Progression,loan_id;days_past_due,loan_id=LN100559;days_past_due=90,warning,"Delinquency transitions should roll sequentially (e.g., 0 to 30, 30 to 60, 60 to 90). Skipped DPD buckets raise warnings."
LN100562,2026-07-01 00:00:00,DLQ006,Logical Delinquency Progression,loan_id;days_past_due,loan_id=LN100562;days_past_due=90,warning,"Delinquency transitions should roll sequentially (e.g., 0 to 30, 30 to 60, 60 to 90). Skipped DPD buckets raise warnings."
LN100567,2020-06-01 00:00:00,DLQ006,Logical Delinquency Progression,loan_id;days_past_due,loan_id=LN100567;days_past_due=90,warning,"Delinquency transitions should roll sequentially (e.g., 0 to 30, 30 to 60, 60 to 90). Skipped DPD buckets raise warnings."
LN100568,2022-11-01 00:00:00,DLQ006,Logical Delinquency Progression,loan_id;days_past_due,loan_id=LN100568;days_past_due=90,warning,"Delinquency transitions should roll sequentially (e.g., 0 to 30, 30 to 60, 60 to 90). Skipped DPD buckets raise warnings."
LN100570,2025-01-01 00:00:00,DLQ006,Logical Delinquency Progression,loan_id;days_past_due,loan_id=LN100570;days_past_due=90,warning,"Delinquency transitions should roll sequentially (e.g., 0 to 30, 30 to 60, 60 to 90). Skipped DPD buckets raise warnings."
LN100575,2026-04-01 00:00:00,DLQ006,Logical Delinquency Progression,loan_id;days_past_due,loan_id=LN100575;days_past_due=90,warning,"Delinquency transitions should roll sequentially (e.g., 0 to 30, 30 to 60, 60 to 90). Skipped DPD buckets raise warnings."
LN100577,2023-05-01 00:00:00,DLQ006,Logical Delinquency Progression,loan_id;days_past_due,loan_id=LN100577;days_past_due=90,warning,"Delinquency transitions should roll sequentially (e.g., 0 to 30, 30 to 60, 60 to 90). Skipped DPD buckets raise warnings."
LN100581,2025-12-01 00:00:00,DLQ006,Logical Delinquency Progression,loan_id;days_past_due,loan_id=LN100581;days_past_due=90,warning,"Delinquency transitions should roll sequentially (e.g., 0 to 30, 30 to 60, 60 to 90). Skipped DPD buckets raise warnings."
LN100582,2022-07-01 00:00:00,DLQ006,Logical Delinquency Progression,loan_id;days_past_due,loan_id=LN100582;days_past_due=90,warning,"Delinquency transitions should roll sequentially (e.g., 0 to 30, 30 to 60, 60 to 90). Skipped DPD buckets raise warnings."
LN100583,2025-02-01 00:00:00,DLQ006,Logical Delinquency Progression,loan_id;days_past_due,loan_id=LN100583;days_past_due=90,warning,"Delinquency transitions should roll sequentially (e.g., 0 to 30, 30 to 60, 60 to 90). Skipped DPD buckets raise warnings."
LN100586,2023-05-01 00:00:00,DLQ006,Logical Delinquency Progression,loan_id;days_past_due,loan_id=LN100586;days_past_due=90,warning,"Delinquency transitions should roll sequentially (e.g., 0 to 30, 30 to 60, 60 to 90). Skipped DPD buckets raise warnings."
LN100587,2019-07-01 00:00:00,DLQ006,Logical Delinquency Progression,loan_id;days_past_due,loan_id=LN100587;days_past_due=90,warning,"Delinquency transitions should roll sequentially (e.g., 0 to 30, 30 to 60, 60 to 90). Skipped DPD buckets raise warnings."
LN100590,2024-07-01 00:00:00,DLQ006,Logical Delinquency Progression,loan_id;days_past_due,loan_id=LN100590;days_past_due=90,warning,"Delinquency transitions should roll sequentially (e.g., 0 to 30, 30 to 60, 60 to 90). Skipped DPD buckets raise warnings."
LN100599,2023-04-01 00:00:00,DLQ006,Logical Delinquency Progression,loan_id;days_past_due,loan_id=LN100599;days_past_due=90,warning,"Delinquency transitions should roll sequentially (e.g., 0 to 30, 30 to 60, 60 to 90). Skipped DPD buckets raise warnings."
LN100603,2023-05-01 00:00:00,DLQ006,Logical Delinquency Progression,loan_id;days_past_due,loan_id=LN100603;days_past_due=90,warning,"Delinquency transitions should roll sequentially (e.g., 0 to 30, 30 to 60, 60 to 90). Skipped DPD buckets raise warnings."
LN100605,2023-12-01 00:00:00,DLQ006,Logical Delinquency Progression,loan_id;days_past_due,loan_id=LN100605;days_past_due=90,warning,"Delinquency transitions should roll sequentially (e.g., 0 to 30, 30 to 60, 60 to 90). Skipped DPD buckets raise warnings."
LN100610,2024-02-01 00:00:00,DLQ006,Logical Delinquency Progression,loan_id;days_past_due,loan_id=LN100610;days_past_due=90,warning,"Delinquency transitions should roll sequentially (e.g., 0 to 30, 30 to 60, 60 to 90). Skipped DPD buckets raise warnings."
LN100614,2026-04-01 00:00:00,DLQ006,Logical Delinquency Progression,loan_id;days_past_due,loan_id=LN100614;days_past_due=90,warning,"Delinquency transitions should roll sequentially (e.g., 0 to 30, 30 to 60, 60 to 90). Skipped DPD buckets raise warnings."
LN100616,2022-07-01 00:00:00,DLQ006,Logical Delinquency Progression,loan_id;days_past_due,loan_id=LN100616;days_past_due=90,warning,"Delinquency transitions should roll sequentially (e.g., 0 to 30, 30 to 60, 60 to 90). Skipped DPD buckets raise warnings."
LN100617,2020-02-01 00:00:00,DLQ006,Logical Delinquency Progression,loan_id;days_past_due,loan_id=LN100617;days_past_due=90,warning,"Delinquency transitions should roll sequentially (e.g., 0 to 30, 30 to 60, 60 to 90). Skipped DPD buckets raise warnings."
LN100618,2024-01-01 00:00:00,DLQ006,Logical Delinquency Progression,loan_id;days_past_due,loan_id=LN100618;days_past_due=90,warning,"Delinquency transitions should roll sequentially (e.g., 0 to 30, 30 to 60, 60 to 90). Skipped DPD buckets raise warnings."
LN100619,2020-07-01 00:00:00,DLQ006,Logical Delinquency Progression,loan_id;days_past_due,loan_id=LN100619;days_past_due=90,warning,"Delinquency transitions should roll sequentially (e.g., 0 to 30, 30 to 60, 60 to 90). Skipped DPD buckets raise warnings."
LN100622,2019-07-01 00:00:00,DLQ006,Logical Delinquency Progression,loan_id;days_past_due,loan_id=LN100622;days_past_due=90,warning,"Delinquency transitions should roll sequentially (e.g., 0 to 30, 30 to 60, 60 to 90). Skipped DPD buckets raise warnings."
LN100623,2022-03-01 00:00:00,DLQ006,Logical Delinquency Progression,loan_id;days_past_due,loan_id=LN100623;days_past_due=90,warning,"Delinquency transitions should roll sequentially (e.g., 0 to 30, 30 to 60, 60 to 90). Skipped DPD buckets raise warnings."
LN100627,2024-05-01 00:00:00,DLQ006,Logical Delinquency Progression,loan_id;days_past_due,loan_id=LN100627;days_past_due=90,warning,"Delinquency transitions should roll sequentially (e.g., 0 to 30, 30 to 60, 60 to 90). Skipped DPD buckets raise warnings."
LN100628,2024-05-01 00:00:00,DLQ006,Logical Delinquency Progression,loan_id;days_past_due,loan_id=LN100628;days_past_due=90,warning,"Delinquency transitions should roll sequentially (e.g., 0 to 30, 30 to 60, 60 to 90). Skipped DPD buckets raise warnings."
LN100629,2025-12-01 00:00:00,DLQ006,Logical Delinquency Progression,loan_id;days_past_due,loan_id=LN100629;days_past_due=90,warning,"Delinquency transitions should roll sequentially (e.g., 0 to 30, 30 to 60, 60 to 90). Skipped DPD buckets raise warnings."
LN100631,2020-09-01 00:00:00,DLQ006,Logical Delinquency Progression,loan_id;days_past_due,loan_id=LN100631;days_past_due=90,warning,"Delinquency transitions should roll sequentially (e.g., 0 to 30, 30 to 60, 60 to 90). Skipped DPD buckets raise warnings."
LN100636,2024-05-01 00:00:00,DLQ006,Logical Delinquency Progression,loan_id;days_past_due,loan_id=LN100636;days_past_due=90,warning,"Delinquency transitions should roll sequentially (e.g., 0 to 30, 30 to 60, 60 to 90). Skipped DPD buckets raise warnings."
LN100640,2025-06-01 00:00:00,DLQ006,Logical Delinquency Progression,loan_id;days_past_due,loan_id=LN100640;days_past_due=90,warning,"Delinquency transitions should roll sequentially (e.g., 0 to 30, 30 to 60, 60 to 90). Skipped DPD buckets raise warnings."
LN100641,2026-05-01 00:00:00,DLQ006,Logical Delinquency Progression,loan_id;days_past_due,loan_id=LN100641;days_past_due=90,warning,"Delinquency transitions should roll sequentially (e.g., 0 to 30, 30 to 60, 60 to 90). Skipped DPD buckets raise warnings."
LN100643,2022-12-01 00:00:00,DLQ006,Logical Delinquency Progression,loan_id;days_past_due,loan_id=LN100643;days_past_due=90,warning,"Delinquency transitions should roll sequentially (e.g., 0 to 30, 30 to 60, 60 to 90). Skipped DPD buckets raise warnings."
LN100646,2021-11-01 00:00:00,DLQ006,Logical Delinquency Progression,loan_id;days_past_due,loan_id=LN100646;days_past_due=90,warning,"Delinquency transitions should roll sequentially (e.g., 0 to 30, 30 to 60, 60 to 90). Skipped DPD buckets raise warnings."
LN100648,2025-01-01 00:00:00,DLQ006,Logical Delinquency Progression,loan_id;days_past_due,loan_id=LN100648;days_past_due=90,warning,"Delinquency transitions should roll sequentially (e.g., 0 to 30, 30 to 60, 60 to 90). Skipped DPD buckets raise warnings."
LN100650,2023-11-01 00:00:00,DLQ006,Logical Delinquency Progression,loan_id;days_past_due,loan_id=LN100650;days_past_due=90,warning,"Delinquency transitions should roll sequentially (e.g., 0 to 30, 30 to 60, 60 to 90). Skipped DPD buckets raise warnings."
LN100651,2026-06-01 00:00:00,DLQ006,Logical Delinquency Progression,loan_id;days_past_due,loan_id=LN100651;days_past_due=90,warning,"Delinquency transitions should roll sequentially (e.g., 0 to 30, 30 to 60, 60 to 90). Skipped DPD buckets raise warnings."
LN100658,2019-06-01 00:00:00,DLQ006,Logical Delinquency Progression,loan_id;days_past_due,loan_id=LN100658;days_past_due=90,warning,"Delinquency transitions should roll sequentially (e.g., 0 to 30, 30 to 60, 60 to 90). Skipped DPD buckets raise warnings."
LN100659,2021-03-01 00:00:00,DLQ006,Logical Delinquency Progression,loan_id;days_past_due,loan_id=LN100659;days_past_due=90,warning,"Delinquency transitions should roll sequentially (e.g., 0 to 30, 30 to 60, 60 to 90). Skipped DPD buckets raise warnings."
LN100660,2026-03-01 00:00:00,DLQ006,Logical Delinquency Progression,loan_id;days_past_due,loan_id=LN100660;days_past_due=90,warning,"Delinquency transitions should roll sequentially (e.g., 0 to 30, 30 to 60, 60 to 90). Skipped DPD buckets raise warnings."
LN100662,2019-07-01 00:00:00,DLQ006,Logical Delinquency Progression,loan_id;days_past_due,loan_id=LN100662;days_past_due=90,warning,"Delinquency transitions should roll sequentially (e.g., 0 to 30, 30 to 60, 60 to 90). Skipped DPD buckets raise warnings."
LN100663,2020-04-01 00:00:00,DLQ006,Logical Delinquency Progression,loan_id;days_past_due,loan_id=LN100663;days_past_due=90,warning,"Delinquency transitions should roll sequentially (e.g., 0 to 30, 30 to 60, 60 to 90). Skipped DPD buckets raise warnings."
LN100668,2026-05-01 00:00:00,DLQ006,Logical Delinquency Progression,loan_id;days_past_due,loan_id=LN100668;days_past_due=90,warning,"Delinquency transitions should roll sequentially (e.g., 0 to 30, 30 to 60, 60 to 90). Skipped DPD buckets raise warnings."
LN100670,2025-02-01 00:00:00,DLQ006,Logical Delinquency Progression,loan_id;days_past_due,loan_id=LN100670;days_past_due=90,warning,"Delinquency transitions should roll sequentially (e.g., 0 to 30, 30 to 60, 60 to 90). Skipped DPD buckets raise warnings."
LN100671,2026-01-01 00:00:00,DLQ006,Logical Delinquency Progression,loan_id;days_past_due,loan_id=LN100671;days_past_due=90,warning,"Delinquency transitions should roll sequentially (e.g., 0 to 30, 30 to 60, 60 to 90). Skipped DPD buckets raise warnings."
LN100680,2023-05-01 00:00:00,DLQ006,Logical Delinquency Progression,loan_id;days_past_due,loan_id=LN100680;days_past_due=90,warning,"Delinquency transitions should roll sequentially (e.g., 0 to 30, 30 to 60, 60 to 90). Skipped DPD buckets raise warnings."
LN100689,2026-07-01 00:00:00,DLQ006,Logical Delinquency Progression,loan_id;days_past_due,loan_id=LN100689;days_past_due=90,warning,"Delinquency transitions should roll sequentially (e.g., 0 to 30, 30 to 60, 60 to 90). Skipped DPD buckets raise warnings."
LN100691,2024-02-01 00:00:00,DLQ006,Logical Delinquency Progression,loan_id;days_past_due,loan_id=LN100691;days_past_due=90,warning,"Delinquency transitions should roll sequentially (e.g., 0 to 30, 30 to 60, 60 to 90). Skipped DPD buckets raise warnings."
LN100694,2019-09-01 00:00:00,DLQ006,Logical Delinquency Progression,loan_id;days_past_due,loan_id=LN100694;days_past_due=90,warning,"Delinquency transitions should roll sequentially (e.g., 0 to 30, 30 to 60, 60 to 90). Skipped DPD buckets raise warnings."
LN100695,2020-05-01 00:00:00,DLQ006,Logical Delinquency Progression,loan_id;days_past_due,loan_id=LN100695;days_past_due=90,warning,"Delinquency transitions should roll sequentially (e.g., 0 to 30, 30 to 60, 60 to 90). Skipped DPD buckets raise warnings."
LN100698,2025-09-01 00:00:00,DLQ006,Logical Delinquency Progression,loan_id;days_past_due,loan_id=LN100698;days_past_due=90,warning,"Delinquency transitions should roll sequentially (e.g., 0 to 30, 30 to 60, 60 to 90). Skipped DPD buckets raise warnings."
LN100699,2020-05-01 00:00:00,DLQ006,Logical Delinquency Progression,loan_id;days_past_due,loan_id=LN100699;days_past_due=90,warning,"Delinquency transitions should roll sequentially (e.g., 0 to 30, 30 to 60, 60 to 90). Skipped DPD buckets raise warnings."
LN100703,2021-12-01 00:00:00,DLQ006,Logical Delinquency Progression,loan_id;days_past_due,loan_id=LN100703;days_past_due=90,warning,"Delinquency transitions should roll sequentially (e.g., 0 to 30, 30 to 60, 60 to 90). Skipped DPD buckets raise warnings."
LN100704,2019-11-01 00:00:00,DLQ006,Logical Delinquency Progression,loan_id;days_past_due,loan_id=LN100704;days_past_due=90,warning,"Delinquency transitions should roll sequentially (e.g., 0 to 30, 30 to 60, 60 to 90). Skipped DPD buckets raise warnings."
LN100706,2018-08-01 00:00:00,DLQ006,Logical Delinquency Progression,loan_id;days_past_due,loan_id=LN100706;days_past_due=90,warning,"Delinquency transitions should roll sequentially (e.g., 0 to 30, 30 to 60, 60 to 90). Skipped DPD buckets raise warnings."
LN100707,2022-10-01 00:00:00,DLQ006,Logical Delinquency Progression,loan_id;days_past_due,loan_id=LN100707;days_past_due=90,warning,"Delinquency transitions should roll sequentially (e.g., 0 to 30, 30 to 60, 60 to 90). Skipped DPD buckets raise warnings."
LN100709,2022-02-01 00:00:00,DLQ006,Logical Delinquency Progression,loan_id;days_past_due,loan_id=LN100709;days_past_due=90,warning,"Delinquency transitions should roll sequentially (e.g., 0 to 30, 30 to 60, 60 to 90). Skipped DPD buckets raise warnings."
LN100717,2021-10-01 00:00:00,DLQ006,Logical Delinquency Progression,loan_id;days_past_due,loan_id=LN100717;days_past_due=90,warning,"Delinquency transitions should roll sequentially (e.g., 0 to 30, 30 to 60, 60 to 90). Skipped DPD buckets raise warnings."
LN100720,2019-10-01 00:00:00,DLQ006,Logical Delinquency Progression,loan_id;days_past_due,loan_id=LN100720;days_past_due=90,warning,"Delinquency transitions should roll sequentially (e.g., 0 to 30, 30 to 60, 60 to 90). Skipped DPD buckets raise warnings."
LN100722,2025-02-01 00:00:00,DLQ006,Logical Delinquency Progression,loan_id;days_past_due,loan_id=LN100722;days_past_due=90,warning,"Delinquency transitions should roll sequentially (e.g., 0 to 30, 30 to 60, 60 to 90). Skipped DPD buckets raise warnings."
LN100723,2020-07-01 00:00:00,DLQ006,Logical Delinquency Progression,loan_id;days_past_due,loan_id=LN100723;days_past_due=90,warning,"Delinquency transitions should roll sequentially (e.g., 0 to 30, 30 to 60, 60 to 90). Skipped DPD buckets raise warnings."
LN100725,2019-03-01 00:00:00,DLQ006,Logical Delinquency Progression,loan_id;days_past_due,loan_id=LN100725;days_past_due=90,warning,"Delinquency transitions should roll sequentially (e.g., 0 to 30, 30 to 60, 60 to 90). Skipped DPD buckets raise warnings."
LN100727,2024-05-01 00:00:00,DLQ006,Logical Delinquency Progression,loan_id;days_past_due,loan_id=LN100727;days_past_due=90,warning,"Delinquency transitions should roll sequentially (e.g., 0 to 30, 30 to 60, 60 to 90). Skipped DPD buckets raise warnings."
LN100728,2021-12-01 00:00:00,DLQ006,Logical Delinquency Progression,loan_id;days_past_due,loan_id=LN100728;days_past_due=90,warning,"Delinquency transitions should roll sequentially (e.g., 0 to 30, 30 to 60, 60 to 90). Skipped DPD buckets raise warnings."
LN100730,2026-07-01 00:00:00,DLQ006,Logical Delinquency Progression,loan_id;days_past_due,loan_id=LN100730;days_past_due=90,warning,"Delinquency transitions should roll sequentially (e.g., 0 to 30, 30 to 60, 60 to 90). Skipped DPD buckets raise warnings."
LN100731,2024-07-01 00:00:00,DLQ006,Logical Delinquency Progression,loan_id;days_past_due,loan_id=LN100731;days_past_due=90,warning,"Delinquency transitions should roll sequentially (e.g., 0 to 30, 30 to 60, 60 to 90). Skipped DPD buckets raise warnings."
LN100733,2023-08-01 00:00:00,DLQ006,Logical Delinquency Progression,loan_id;days_past_due,loan_id=LN100733;days_past_due=90,warning,"Delinquency transitions should roll sequentially (e.g., 0 to 30, 30 to 60, 60 to 90). Skipped DPD buckets raise warnings."
LN100736,2025-03-01 00:00:00,DLQ006,Logical Delinquency Progression,loan_id;days_past_due,loan_id=LN100736;days_past_due=90,warning,"Delinquency transitions should roll sequentially (e.g., 0 to 30, 30 to 60, 60 to 90). Skipped DPD buckets raise warnings."
LN100737,2020-09-01 00:00:00,DLQ006,Logical Delinquency Progression,loan_id;days_past_due,loan_id=LN100737;days_past_due=90,warning,"Delinquency transitions should roll sequentially (e.g., 0 to 30, 30 to 60, 60 to 90). Skipped DPD buckets raise warnings."
LN100739,2025-05-01 00:00:00,DLQ006,Logical Delinquency Progression,loan_id;days_past_due,loan_id=LN100739;days_past_due=90,warning,"Delinquency transitions should roll sequentially (e.g., 0 to 30, 30 to 60, 60 to 90). Skipped DPD buckets raise warnings."
LN100740,2025-01-01 00:00:00,DLQ006,Logical Delinquency Progression,loan_id;days_past_due,loan_id=LN100740;days_past_due=90,warning,"Delinquency transitions should roll sequentially (e.g., 0 to 30, 30 to 60, 60 to 90). Skipped DPD buckets raise warnings."
LN100742,2023-11-01 00:00:00,DLQ006,Logical Delinquency Progression,loan_id;days_past_due,loan_id=LN100742;days_past_due=90,warning,"Delinquency transitions should roll sequentially (e.g., 0 to 30, 30 to 60, 60 to 90). Skipped DPD buckets raise warnings."
LN100747,2021-12-01 00:00:00,DLQ006,Logical Delinquency Progression,loan_id;days_past_due,loan_id=LN100747;days_past_due=90,warning,"Delinquency transitions should roll sequentially (e.g., 0 to 30, 30 to 60, 60 to 90). Skipped DPD buckets raise warnings."
LN100752,2021-06-01 00:00:00,DLQ006,Logical Delinquency Progression,loan_id;days_past_due,loan_id=LN100752;days_past_due=90,warning,"Delinquency transitions should roll sequentially (e.g., 0 to 30, 30 to 60, 60 to 90). Skipped DPD buckets raise warnings."
LN100753,2026-03-01 00:00:00,DLQ006,Logical Delinquency Progression,loan_id;days_past_due,loan_id=LN100753;days_past_due=90,warning,"Delinquency transitions should roll sequentially (e.g., 0 to 30, 30 to 60, 60 to 90). Skipped DPD buckets raise warnings."
LN100758,2020-11-01 00:00:00,DLQ006,Logical Delinquency Progression,loan_id;days_past_due,loan_id=LN100758;days_past_due=90,warning,"Delinquency transitions should roll sequentially (e.g., 0 to 30, 30 to 60, 60 to 90). Skipped DPD buckets raise warnings."
LN100761,2021-12-01 00:00:00,DLQ006,Logical Delinquency Progression,loan_id;days_past_due,loan_id=LN100761;days_past_due=90,warning,"Delinquency transitions should roll sequentially (e.g., 0 to 30, 30 to 60, 60 to 90). Skipped DPD buckets raise warnings."
LN100765,2024-07-01 00:00:00,DLQ006,Logical Delinquency Progression,loan_id;days_past_due,loan_id=LN100765;days_past_due=90,warning,"Delinquency transitions should roll sequentially (e.g., 0 to 30, 30 to 60, 60 to 90). Skipped DPD buckets raise warnings."
LN100767,2023-08-01 00:00:00,DLQ006,Logical Delinquency Progression,loan_id;days_past_due,loan_id=LN100767;days_past_due=90,warning,"Delinquency transitions should roll sequentially (e.g., 0 to 30, 30 to 60, 60 to 90). Skipped DPD buckets raise warnings."
LN100768,2020-07-01 00:00:00,DLQ006,Logical Delinquency Progression,loan_id;days_past_due,loan_id=LN100768;days_past_due=90,warning,"Delinquency transitions should roll sequentially (e.g., 0 to 30, 30 to 60, 60 to 90). Skipped DPD buckets raise warnings."
LN100770,2025-06-01 00:00:00,DLQ006,Logical Delinquency Progression,loan_id;days_past_due,loan_id=LN100770;days_past_due=90,warning,"Delinquency transitions should roll sequentially (e.g., 0 to 30, 30 to 60, 60 to 90). Skipped DPD buckets raise warnings."
LN100774,2024-07-01 00:00:00,DLQ006,Logical Delinquency Progression,loan_id;days_past_due,loan_id=LN100774;days_past_due=90,warning,"Delinquency transitions should roll sequentially (e.g., 0 to 30, 30 to 60, 60 to 90). Skipped DPD buckets raise warnings."
LN100777,2020-12-01 00:00:00,DLQ006,Logical Delinquency Progression,loan_id;days_past_due,loan_id=LN100777;days_past_due=90,warning,"Delinquency transitions should roll sequentially (e.g., 0 to 30, 30 to 60, 60 to 90). Skipped DPD buckets raise warnings."
LN100778,2020-10-01 00:00:00,DLQ006,Logical Delinquency Progression,loan_id;days_past_due,loan_id=LN100778;days_past_due=90,warning,"Delinquency transitions should roll sequentially (e.g., 0 to 30, 30 to 60, 60 to 90). Skipped DPD buckets raise warnings."
LN100783,2019-08-01 00:00:00,DLQ006,Logical Delinquency Progression,loan_id;days_past_due,loan_id=LN100783;days_past_due=90,warning,"Delinquency transitions should roll sequentially (e.g., 0 to 30, 30 to 60, 60 to 90). Skipped DPD buckets raise warnings."
LN100786,2018-12-01 00:00:00,DLQ006,Logical Delinquency Progression,loan_id;days_past_due,loan_id=LN100786;days_past_due=90,warning,"Delinquency transitions should roll sequentially (e.g., 0 to 30, 30 to 60, 60 to 90). Skipped DPD buckets raise warnings."
LN100789,2019-04-01 00:00:00,DLQ006,Logical Delinquency Progression,loan_id;days_past_due,loan_id=LN100789;days_past_due=90,warning,"Delinquency transitions should roll sequentially (e.g., 0 to 30, 30 to 60, 60 to 90). Skipped DPD buckets raise warnings."
LN100791,2024-07-01 00:00:00,DLQ006,Logical Delinquency Progression,loan_id;days_past_due,loan_id=LN100791;days_past_due=90,warning,"Delinquency transitions should roll sequentially (e.g., 0 to 30, 30 to 60, 60 to 90). Skipped DPD buckets raise warnings."
LN100797,2022-04-01 00:00:00,DLQ006,Logical Delinquency Progression,loan_id;days_past_due,loan_id=LN100797;days_past_due=90,warning,"Delinquency transitions should roll sequentially (e.g., 0 to 30, 30 to 60, 60 to 90). Skipped DPD buckets raise warnings."
LN100802,2022-03-01 00:00:00,DLQ006,Logical Delinquency Progression,loan_id;days_past_due,loan_id=LN100802;days_past_due=90,warning,"Delinquency transitions should roll sequentially (e.g., 0 to 30, 30 to 60, 60 to 90). Skipped DPD buckets raise warnings."
LN100806,2026-05-01 00:00:00,DLQ006,Logical Delinquency Progression,loan_id;days_past_due,loan_id=LN100806;days_past_due=90,warning,"Delinquency transitions should roll sequentially (e.g., 0 to 30, 30 to 60, 60 to 90). Skipped DPD buckets raise warnings."
LN100807,2019-10-01 00:00:00,DLQ006,Logical Delinquency Progression,loan_id;days_past_due,loan_id=LN100807;days_past_due=90,warning,"Delinquency transitions should roll sequentially (e.g., 0 to 30, 30 to 60, 60 to 90). Skipped DPD buckets raise warnings."
LN100810,2023-09-01 00:00:00,DLQ006,Logical Delinquency Progression,loan_id;days_past_due,loan_id=LN100810;days_past_due=90,warning,"Delinquency transitions should roll sequentially (e.g., 0 to 30, 30 to 60, 60 to 90). Skipped DPD buckets raise warnings."
LN100812,2023-12-01 00:00:00,DLQ006,Logical Delinquency Progression,loan_id;days_past_due,loan_id=LN100812;days_past_due=90,warning,"Delinquency transitions should roll sequentially (e.g., 0 to 30, 30 to 60, 60 to 90). Skipped DPD buckets raise warnings."
LN100822,2025-09-01 00:00:00,DLQ006,Logical Delinquency Progression,loan_id;days_past_due,loan_id=LN100822;days_past_due=90,warning,"Delinquency transitions should roll sequentially (e.g., 0 to 30, 30 to 60, 60 to 90). Skipped DPD buckets raise warnings."
LN100825,2019-02-01 00:00:00,DLQ006,Logical Delinquency Progression,loan_id;days_past_due,loan_id=LN100825;days_past_due=90,warning,"Delinquency transitions should roll sequentially (e.g., 0 to 30, 30 to 60, 60 to 90). Skipped DPD buckets raise warnings."
LN100826,2023-04-01 00:00:00,DLQ006,Logical Delinquency Progression,loan_id;days_past_due,loan_id=LN100826;days_past_due=90,warning,"Delinquency transitions should roll sequentially (e.g., 0 to 30, 30 to 60, 60 to 90). Skipped DPD buckets raise warnings."
LN100830,2019-12-01 00:00:00,DLQ006,Logical Delinquency Progression,loan_id;days_past_due,loan_id=LN100830;days_past_due=90,warning,"Delinquency transitions should roll sequentially (e.g., 0 to 30, 30 to 60, 60 to 90). Skipped DPD buckets raise warnings."
LN100832,2024-09-01 00:00:00,DLQ006,Logical Delinquency Progression,loan_id;days_past_due,loan_id=LN100832;days_past_due=90,warning,"Delinquency transitions should roll sequentially (e.g., 0 to 30, 30 to 60, 60 to 90). Skipped DPD buckets raise warnings."
LN100836,2023-11-01 00:00:00,DLQ006,Logical Delinquency Progression,loan_id;days_past_due,loan_id=LN100836;days_past_due=90,warning,"Delinquency transitions should roll sequentially (e.g., 0 to 30, 30 to 60, 60 to 90). Skipped DPD buckets raise warnings."
LN100837,2020-10-01 00:00:00,DLQ006,Logical Delinquency Progression,loan_id;days_past_due,loan_id=LN100837;days_past_due=90,warning,"Delinquency transitions should roll sequentially (e.g., 0 to 30, 30 to 60, 60 to 90). Skipped DPD buckets raise warnings."
LN100840,2020-12-01 00:00:00,DLQ006,Logical Delinquency Progression,loan_id;days_past_due,loan_id=LN100840;days_past_due=90,warning,"Delinquency transitions should roll sequentially (e.g., 0 to 30, 30 to 60, 60 to 90). Skipped DPD buckets raise warnings."
LN100841,2023-05-01 00:00:00,DLQ006,Logical Delinquency Progression,loan_id;days_past_due,loan_id=LN100841;days_past_due=90,warning,"Delinquency transitions should roll sequentially (e.g., 0 to 30, 30 to 60, 60 to 90). Skipped DPD buckets raise warnings."
LN100844,2024-11-01 00:00:00,DLQ006,Logical Delinquency Progression,loan_id;days_past_due,loan_id=LN100844;days_past_due=90,warning,"Delinquency transitions should roll sequentially (e.g., 0 to 30, 30 to 60, 60 to 90). Skipped DPD buckets raise warnings."
LN100846,2022-04-01 00:00:00,DLQ006,Logical Delinquency Progression,loan_id;days_past_due,loan_id=LN100846;days_past_due=90,warning,"Delinquency transitions should roll sequentially (e.g., 0 to 30, 30 to 60, 60 to 90). Skipped DPD buckets raise warnings."
LN100847,2019-02-01 00:00:00,DLQ006,Logical Delinquency Progression,loan_id;days_past_due,loan_id=LN100847;days_past_due=90,warning,"Delinquency transitions should roll sequentially (e.g., 0 to 30, 30 to 60, 60 to 90). Skipped DPD buckets raise warnings."
LN100850,2026-07-01 00:00:00,DLQ006,Logical Delinquency Progression,loan_id;days_past_due,loan_id=LN100850;days_past_due=90,warning,"Delinquency transitions should roll sequentially (e.g., 0 to 30, 30 to 60, 60 to 90). Skipped DPD buckets raise warnings."
LN100853,2026-01-01 00:00:00,DLQ006,Logical Delinquency Progression,loan_id;days_past_due,loan_id=LN100853;days_past_due=90,warning,"Delinquency transitions should roll sequentially (e.g., 0 to 30, 30 to 60, 60 to 90). Skipped DPD buckets raise warnings."
LN100854,2023-08-01 00:00:00,DLQ006,Logical Delinquency Progression,loan_id;days_past_due,loan_id=LN100854;days_past_due=90,warning,"Delinquency transitions should roll sequentially (e.g., 0 to 30, 30 to 60, 60 to 90). Skipped DPD buckets raise warnings."
LN100855,2024-12-01 00:00:00,DLQ006,Logical Delinquency Progression,loan_id;days_past_due,loan_id=LN100855;days_past_due=90,warning,"Delinquency transitions should roll sequentially (e.g., 0 to 30, 30 to 60, 60 to 90). Skipped DPD buckets raise warnings."
LN100857,2018-07-01 00:00:00,DLQ006,Logical Delinquency Progression,loan_id;days_past_due,loan_id=LN100857;days_past_due=90,warning,"Delinquency transitions should roll sequentially (e.g., 0 to 30, 30 to 60, 60 to 90). Skipped DPD buckets raise warnings."
LN100861,2024-12-01 00:00:00,DLQ006,Logical Delinquency Progression,loan_id;days_past_due,loan_id=LN100861;days_past_due=90,warning,"Delinquency transitions should roll sequentially (e.g., 0 to 30, 30 to 60, 60 to 90). Skipped DPD buckets raise warnings."
LN100869,2020-12-01 00:00:00,DLQ006,Logical Delinquency Progression,loan_id;days_past_due,loan_id=LN100869;days_past_due=90,warning,"Delinquency transitions should roll sequentially (e.g., 0 to 30, 30 to 60, 60 to 90). Skipped DPD buckets raise warnings."
LN100871,2024-11-01 00:00:00,DLQ006,Logical Delinquency Progression,loan_id;days_past_due,loan_id=LN100871;days_past_due=90,warning,"Delinquency transitions should roll sequentially (e.g., 0 to 30, 30 to 60, 60 to 90). Skipped DPD buckets raise warnings."
LN100879,2023-08-01 00:00:00,DLQ006,Logical Delinquency Progression,loan_id;days_past_due,loan_id=LN100879;days_past_due=90,warning,"Delinquency transitions should roll sequentially (e.g., 0 to 30, 30 to 60, 60 to 90). Skipped DPD buckets raise warnings."
LN100886,2023-02-01 00:00:00,DLQ006,Logical Delinquency Progression,loan_id;days_past_due,loan_id=LN100886;days_past_due=90,warning,"Delinquency transitions should roll sequentially (e.g., 0 to 30, 30 to 60, 60 to 90). Skipped DPD buckets raise warnings."
LN100888,2024-12-01 00:00:00,DLQ006,Logical Delinquency Progression,loan_id;days_past_due,loan_id=LN100888;days_past_due=90,warning,"Delinquency transitions should roll sequentially (e.g., 0 to 30, 30 to 60, 60 to 90). Skipped DPD buckets raise warnings."
LN100893,2026-05-01 00:00:00,DLQ006,Logical Delinquency Progression,loan_id;days_past_due,loan_id=LN100893;days_past_due=90,warning,"Delinquency transitions should roll sequentially (e.g., 0 to 30, 30 to 60, 60 to 90). Skipped DPD buckets raise warnings."
LN100895,2022-12-01 00:00:00,DLQ006,Logical Delinquency Progression,loan_id;days_past_due,loan_id=LN100895;days_past_due=90,warning,"Delinquency transitions should roll sequentially (e.g., 0 to 30, 30 to 60, 60 to 90). Skipped DPD buckets raise warnings."
LN100900,2022-08-01 00:00:00,DLQ006,Logical Delinquency Progression,loan_id;days_past_due,loan_id=LN100900;days_past_due=90,warning,"Delinquency transitions should roll sequentially (e.g., 0 to 30, 30 to 60, 60 to 90). Skipped DPD buckets raise warnings."
LN100901,2020-09-01 00:00:00,DLQ006,Logical Delinquency Progression,loan_id;days_past_due,loan_id=LN100901;days_past_due=90,warning,"Delinquency transitions should roll sequentially (e.g., 0 to 30, 30 to 60, 60 to 90). Skipped DPD buckets raise warnings."
LN100902,2024-07-01 00:00:00,DLQ006,Logical Delinquency Progression,loan_id;days_past_due,loan_id=LN100902;days_past_due=90,warning,"Delinquency transitions should roll sequentially (e.g., 0 to 30, 30 to 60, 60 to 90). Skipped DPD buckets raise warnings."
LN100905,2023-08-01 00:00:00,DLQ006,Logical Delinquency Progression,loan_id;days_past_due,loan_id=LN100905;days_past_due=90,warning,"Delinquency transitions should roll sequentially (e.g., 0 to 30, 30 to 60, 60 to 90). Skipped DPD buckets raise warnings."
LN100907,2021-11-01 00:00:00,DLQ006,Logical Delinquency Progression,loan_id;days_past_due,loan_id=LN100907;days_past_due=90,warning,"Delinquency transitions should roll sequentially (e.g., 0 to 30, 30 to 60, 60 to 90). Skipped DPD buckets raise warnings."
LN100911,2020-01-01 00:00:00,DLQ006,Logical Delinquency Progression,loan_id;days_past_due,loan_id=LN100911;days_past_due=90,warning,"Delinquency transitions should roll sequentially (e.g., 0 to 30, 30 to 60, 60 to 90). Skipped DPD buckets raise warnings."
LN100914,2023-01-01 00:00:00,DLQ006,Logical Delinquency Progression,loan_id;days_past_due,loan_id=LN100914;days_past_due=90,warning,"Delinquency transitions should roll sequentially (e.g., 0 to 30, 30 to 60, 60 to 90). Skipped DPD buckets raise warnings."
LN100915,2022-03-01 00:00:00,DLQ006,Logical Delinquency Progression,loan_id;days_past_due,loan_id=LN100915;days_past_due=90,warning,"Delinquency transitions should roll sequentially (e.g., 0 to 30, 30 to 60, 60 to 90). Skipped DPD buckets raise warnings."
LN100916,2022-12-01 00:00:00,DLQ006,Logical Delinquency Progression,loan_id;days_past_due,loan_id=LN100916;days_past_due=90,warning,"Delinquency transitions should roll sequentially (e.g., 0 to 30, 30 to 60, 60 to 90). Skipped DPD buckets raise warnings."
LN100918,2025-03-01 00:00:00,DLQ006,Logical Delinquency Progression,loan_id;days_past_due,loan_id=LN100918;days_past_due=90,warning,"Delinquency transitions should roll sequentially (e.g., 0 to 30, 30 to 60, 60 to 90). Skipped DPD buckets raise warnings."
LN100921,2023-02-01 00:00:00,DLQ006,Logical Delinquency Progression,loan_id;days_past_due,loan_id=LN100921;days_past_due=90,warning,"Delinquency transitions should roll sequentially (e.g., 0 to 30, 30 to 60, 60 to 90). Skipped DPD buckets raise warnings."
LN100924,2020-08-01 00:00:00,DLQ006,Logical Delinquency Progression,loan_id;days_past_due,loan_id=LN100924;days_past_due=90,warning,"Delinquency transitions should roll sequentially (e.g., 0 to 30, 30 to 60, 60 to 90). Skipped DPD buckets raise warnings."
LN100926,2024-02-01 00:00:00,DLQ006,Logical Delinquency Progression,loan_id;days_past_due,loan_id=LN100926;days_past_due=90,warning,"Delinquency transitions should roll sequentially (e.g., 0 to 30, 30 to 60, 60 to 90). Skipped DPD buckets raise warnings."
LN100927,2020-03-01 00:00:00,DLQ006,Logical Delinquency Progression,loan_id;days_past_due,loan_id=LN100927;days_past_due=90,warning,"Delinquency transitions should roll sequentially (e.g., 0 to 30, 30 to 60, 60 to 90). Skipped DPD buckets raise warnings."
LN100928,2022-06-01 00:00:00,DLQ006,Logical Delinquency Progression,loan_id;days_past_due,loan_id=LN100928;days_past_due=90,warning,"Delinquency transitions should roll sequentially (e.g., 0 to 30, 30 to 60, 60 to 90). Skipped DPD buckets raise warnings."
LN100930,2025-04-01 00:00:00,DLQ006,Logical Delinquency Progression,loan_id;days_past_due,loan_id=LN100930;days_past_due=90,warning,"Delinquency transitions should roll sequentially (e.g., 0 to 30, 30 to 60, 60 to 90). Skipped DPD buckets raise warnings."
LN100937,2019-07-01 00:00:00,DLQ006,Logical Delinquency Progression,loan_id;days_past_due,loan_id=LN100937;days_past_due=90,warning,"Delinquency transitions should roll sequentially (e.g., 0 to 30, 30 to 60, 60 to 90). Skipped DPD buckets raise warnings."
LN100939,2022-07-01 00:00:00,DLQ006,Logical Delinquency Progression,loan_id;days_past_due,loan_id=LN100939;days_past_due=90,warning,"Delinquency transitions should roll sequentially (e.g., 0 to 30, 30 to 60, 60 to 90). Skipped DPD buckets raise warnings."
LN100940,2026-03-01 00:00:00,DLQ006,Logical Delinquency Progression,loan_id;days_past_due,loan_id=LN100940;days_past_due=90,warning,"Delinquency transitions should roll sequentially (e.g., 0 to 30, 30 to 60, 60 to 90). Skipped DPD buckets raise warnings."
LN100943,2022-02-01 00:00:00,DLQ006,Logical Delinquency Progression,loan_id;days_past_due,loan_id=LN100943;days_past_due=90,warning,"Delinquency transitions should roll sequentially (e.g., 0 to 30, 30 to 60, 60 to 90). Skipped DPD buckets raise warnings."
LN100944,2021-03-01 00:00:00,DLQ006,Logical Delinquency Progression,loan_id;days_past_due,loan_id=LN100944;days_past_due=90,warning,"Delinquency transitions should roll sequentially (e.g., 0 to 30, 30 to 60, 60 to 90). Skipped DPD buckets raise warnings."
LN100948,2025-03-01 00:00:00,DLQ006,Logical Delinquency Progression,loan_id;days_past_due,loan_id=LN100948;days_past_due=90,warning,"Delinquency transitions should roll sequentially (e.g., 0 to 30, 30 to 60, 60 to 90). Skipped DPD buckets raise warnings."
LN100955,2025-08-01 00:00:00,DLQ006,Logical Delinquency Progression,loan_id;days_past_due,loan_id=LN100955;days_past_due=90,warning,"Delinquency transitions should roll sequentially (e.g., 0 to 30, 30 to 60, 60 to 90). Skipped DPD buckets raise warnings."
LN100957,2025-02-01 00:00:00,DLQ006,Logical Delinquency Progression,loan_id;days_past_due,loan_id=LN100957;days_past_due=90,warning,"Delinquency transitions should roll sequentially (e.g., 0 to 30, 30 to 60, 60 to 90). Skipped DPD buckets raise warnings."
LN100966,2022-08-01 00:00:00,DLQ006,Logical Delinquency Progression,loan_id;days_past_due,loan_id=LN100966;days_past_due=90,warning,"Delinquency transitions should roll sequentially (e.g., 0 to 30, 30 to 60, 60 to 90). Skipped DPD buckets raise warnings."
LN100968,2026-03-01 00:00:00,DLQ006,Logical Delinquency Progression,loan_id;days_past_due,loan_id=LN100968;days_past_due=90,warning,"Delinquency transitions should roll sequentially (e.g., 0 to 30, 30 to 60, 60 to 90). Skipped DPD buckets raise warnings."
LN100970,2026-05-01 00:00:00,DLQ006,Logical Delinquency Progression,loan_id;days_past_due,loan_id=LN100970;days_past_due=90,warning,"Delinquency transitions should roll sequentially (e.g., 0 to 30, 30 to 60, 60 to 90). Skipped DPD buckets raise warnings."
LN100973,2021-10-01 00:00:00,DLQ006,Logical Delinquency Progression,loan_id;days_past_due,loan_id=LN100973;days_past_due=90,warning,"Delinquency transitions should roll sequentially (e.g., 0 to 30, 30 to 60, 60 to 90). Skipped DPD buckets raise warnings."
LN100974,2022-03-01 00:00:00,DLQ006,Logical Delinquency Progression,loan_id;days_past_due,loan_id=LN100974;days_past_due=90,warning,"Delinquency transitions should roll sequentially (e.g., 0 to 30, 30 to 60, 60 to 90). Skipped DPD buckets raise warnings."
LN100976,2022-02-01 00:00:00,DLQ006,Logical Delinquency Progression,loan_id;days_past_due,loan_id=LN100976;days_past_due=90,warning,"Delinquency transitions should roll sequentially (e.g., 0 to 30, 30 to 60, 60 to 90). Skipped DPD buckets raise warnings."
LN100983,2023-05-01 00:00:00,DLQ006,Logical Delinquency Progression,loan_id;days_past_due,loan_id=LN100983;days_past_due=90,warning,"Delinquency transitions should roll sequentially (e.g., 0 to 30, 30 to 60, 60 to 90). Skipped DPD buckets raise warnings."
LN100989,2023-10-01 00:00:00,DLQ006,Logical Delinquency Progression,loan_id;days_past_due,loan_id=LN100989;days_past_due=90,warning,"Delinquency transitions should roll sequentially (e.g., 0 to 30, 30 to 60, 60 to 90). Skipped DPD buckets raise warnings."
LN100990,2024-11-01 00:00:00,DLQ006,Logical Delinquency Progression,loan_id;days_past_due,loan_id=LN100990;days_past_due=90,warning,"Delinquency transitions should roll sequentially (e.g., 0 to 30, 30 to 60, 60 to 90). Skipped DPD buckets raise warnings."
LN100993,2021-09-01 00:00:00,DLQ006,Logical Delinquency Progression,loan_id;days_past_due,loan_id=LN100993;days_past_due=90,warning,"Delinquency transitions should roll sequentially (e.g., 0 to 30, 30 to 60, 60 to 90). Skipped DPD buckets raise warnings."
LN100996,2024-10-01 00:00:00,DLQ006,Logical Delinquency Progression,loan_id;days_past_due,loan_id=LN100996;days_past_due=90,warning,"Delinquency transitions should roll sequentially (e.g., 0 to 30, 30 to 60, 60 to 90). Skipped DPD buckets raise warnings."
LN100999,2024-05-01 00:00:00,DLQ006,Logical Delinquency Progression,loan_id;days_past_due,loan_id=LN100999;days_past_due=90,warning,"Delinquency transitions should roll sequentially (e.g., 0 to 30, 30 to 60, 60 to 90). Skipped DPD buckets raise warnings."
LN101004,2019-08-01 00:00:00,DLQ006,Logical Delinquency Progression,loan_id;days_past_due,loan_id=LN101004;days_past_due=90,warning,"Delinquency transitions should roll sequentially (e.g., 0 to 30, 30 to 60, 60 to 90). Skipped DPD buckets raise warnings."
LN101007,2023-10-01 00:00:00,DLQ006,Logical Delinquency Progression,loan_id;days_past_due,loan_id=LN101007;days_past_due=90,warning,"Delinquency transitions should roll sequentially (e.g., 0 to 30, 30 to 60, 60 to 90). Skipped DPD buckets raise warnings."
LN101009,2022-05-01 00:00:00,DLQ006,Logical Delinquency Progression,loan_id;days_past_due,loan_id=LN101009;days_past_due=90,warning,"Delinquency transitions should roll sequentially (e.g., 0 to 30, 30 to 60, 60 to 90). Skipped DPD buckets raise warnings."
LN101010,2020-04-01 00:00:00,DLQ006,Logical Delinquency Progression,loan_id;days_past_due,loan_id=LN101010;days_past_due=90,warning,"Delinquency transitions should roll sequentially (e.g., 0 to 30, 30 to 60, 60 to 90). Skipped DPD buckets raise warnings."
LN101011,2025-09-01 00:00:00,DLQ006,Logical Delinquency Progression,loan_id;days_past_due,loan_id=LN101011;days_past_due=90,warning,"Delinquency transitions should roll sequentially (e.g., 0 to 30, 30 to 60, 60 to 90). Skipped DPD buckets raise warnings."
LN101013,2023-08-01 00:00:00,DLQ006,Logical Delinquency Progression,loan_id;days_past_due,loan_id=LN101013;days_past_due=90,warning,"Delinquency transitions should roll sequentially (e.g., 0 to 30, 30 to 60, 60 to 90). Skipped DPD buckets raise warnings."
LN101016,2022-02-01 00:00:00,DLQ006,Logical Delinquency Progression,loan_id;days_past_due,loan_id=LN101016;days_past_due=90,warning,"Delinquency transitions should roll sequentially (e.g., 0 to 30, 30 to 60, 60 to 90). Skipped DPD buckets raise warnings."
LN101017,2022-10-01 00:00:00,DLQ006,Logical Delinquency Progression,loan_id;days_past_due,loan_id=LN101017;days_past_due=90,warning,"Delinquency transitions should roll sequentially (e.g., 0 to 30, 30 to 60, 60 to 90). Skipped DPD buckets raise warnings."
LN101018,2018-07-01 00:00:00,DLQ006,Logical Delinquency Progression,loan_id;days_past_due,loan_id=LN101018;days_past_due=90,warning,"Delinquency transitions should roll sequentially (e.g., 0 to 30, 30 to 60, 60 to 90). Skipped DPD buckets raise warnings."
LN101019,2020-06-01 00:00:00,DLQ006,Logical Delinquency Progression,loan_id;days_past_due,loan_id=LN101019;days_past_due=90,warning,"Delinquency transitions should roll sequentially (e.g., 0 to 30, 30 to 60, 60 to 90). Skipped DPD buckets raise warnings."
LN101020,2024-03-01 00:00:00,DLQ006,Logical Delinquency Progression,loan_id;days_past_due,loan_id=LN101020;days_past_due=90,warning,"Delinquency transitions should roll sequentially (e.g., 0 to 30, 30 to 60, 60 to 90). Skipped DPD buckets raise warnings."
LN101021,2020-04-01 00:00:00,DLQ006,Logical Delinquency Progression,loan_id;days_past_due,loan_id=LN101021;days_past_due=90,warning,"Delinquency transitions should roll sequentially (e.g., 0 to 30, 30 to 60, 60 to 90). Skipped DPD buckets raise warnings."
LN101025,2020-01-01 00:00:00,DLQ006,Logical Delinquency Progression,loan_id;days_past_due,loan_id=LN101025;days_past_due=90,warning,"Delinquency transitions should roll sequentially (e.g., 0 to 30, 30 to 60, 60 to 90). Skipped DPD buckets raise warnings."
LN101028,2025-08-01 00:00:00,DLQ006,Logical Delinquency Progression,loan_id;days_past_due,loan_id=LN101028;days_past_due=90,warning,"Delinquency transitions should roll sequentially (e.g., 0 to 30, 30 to 60, 60 to 90). Skipped DPD buckets raise warnings."
LN101029,2025-11-01 00:00:00,DLQ006,Logical Delinquency Progression,loan_id;days_past_due,loan_id=LN101029;days_past_due=90,warning,"Delinquency transitions should roll sequentially (e.g., 0 to 30, 30 to 60, 60 to 90). Skipped DPD buckets raise warnings."
LN101030,2021-11-01 00:00:00,DLQ006,Logical Delinquency Progression,loan_id;days_past_due,loan_id=LN101030;days_past_due=90,warning,"Delinquency transitions should roll sequentially (e.g., 0 to 30, 30 to 60, 60 to 90). Skipped DPD buckets raise warnings."
LN101032,2025-08-01 00:00:00,DLQ006,Logical Delinquency Progression,loan_id;days_past_due,loan_id=LN101032;days_past_due=90,warning,"Delinquency transitions should roll sequentially (e.g., 0 to 30, 30 to 60, 60 to 90). Skipped DPD buckets raise warnings."
LN101033,2022-01-01 00:00:00,DLQ006,Logical Delinquency Progression,loan_id;days_past_due,loan_id=LN101033;days_past_due=90,warning,"Delinquency transitions should roll sequentially (e.g., 0 to 30, 30 to 60, 60 to 90). Skipped DPD buckets raise warnings."
LN101034,2021-09-01 00:00:00,DLQ006,Logical Delinquency Progression,loan_id;days_past_due,loan_id=LN101034;days_past_due=90,warning,"Delinquency transitions should roll sequentially (e.g., 0 to 30, 30 to 60, 60 to 90). Skipped DPD buckets raise warnings."
LN101036,2025-07-01 00:00:00,DLQ006,Logical Delinquency Progression,loan_id;days_past_due,loan_id=LN101036;days_past_due=90,warning,"Delinquency transitions should roll sequentially (e.g., 0 to 30, 30 to 60, 60 to 90). Skipped DPD buckets raise warnings."
LN101037,2018-12-01 00:00:00,DLQ006,Logical Delinquency Progression,loan_id;days_past_due,loan_id=LN101037;days_past_due=90,warning,"Delinquency transitions should roll sequentially (e.g., 0 to 30, 30 to 60, 60 to 90). Skipped DPD buckets raise warnings."
LN101045,2025-07-01 00:00:00,DLQ006,Logical Delinquency Progression,loan_id;days_past_due,loan_id=LN101045;days_past_due=90,warning,"Delinquency transitions should roll sequentially (e.g., 0 to 30, 30 to 60, 60 to 90). Skipped DPD buckets raise warnings."
LN101051,2023-09-01 00:00:00,DLQ006,Logical Delinquency Progression,loan_id;days_past_due,loan_id=LN101051;days_past_due=90,warning,"Delinquency transitions should roll sequentially (e.g., 0 to 30, 30 to 60, 60 to 90). Skipped DPD buckets raise warnings."
LN101057,2025-08-01 00:00:00,DLQ006,Logical Delinquency Progression,loan_id;days_past_due,loan_id=LN101057;days_past_due=90,warning,"Delinquency transitions should roll sequentially (e.g., 0 to 30, 30 to 60, 60 to 90). Skipped DPD buckets raise warnings."
LN101058,2021-05-01 00:00:00,DLQ006,Logical Delinquency Progression,loan_id;days_past_due,loan_id=LN101058;days_past_due=90,warning,"Delinquency transitions should roll sequentially (e.g., 0 to 30, 30 to 60, 60 to 90). Skipped DPD buckets raise warnings."
LN101059,2022-02-01 00:00:00,DLQ006,Logical Delinquency Progression,loan_id;days_past_due,loan_id=LN101059;days_past_due=90,warning,"Delinquency transitions should roll sequentially (e.g., 0 to 30, 30 to 60, 60 to 90). Skipped DPD buckets raise warnings."
LN101063,2024-02-01 00:00:00,DLQ006,Logical Delinquency Progression,loan_id;days_past_due,loan_id=LN101063;days_past_due=90,warning,"Delinquency transitions should roll sequentially (e.g., 0 to 30, 30 to 60, 60 to 90). Skipped DPD buckets raise warnings."
LN101069,2024-10-01 00:00:00,DLQ006,Logical Delinquency Progression,loan_id;days_past_due,loan_id=LN101069;days_past_due=90,warning,"Delinquency transitions should roll sequentially (e.g., 0 to 30, 30 to 60, 60 to 90). Skipped DPD buckets raise warnings."
LN101071,2023-11-01 00:00:00,DLQ006,Logical Delinquency Progression,loan_id;days_past_due,loan_id=LN101071;days_past_due=90,warning,"Delinquency transitions should roll sequentially (e.g., 0 to 30, 30 to 60, 60 to 90). Skipped DPD buckets raise warnings."
LN101077,2019-05-01 00:00:00,DLQ006,Logical Delinquency Progression,loan_id;days_past_due,loan_id=LN101077;days_past_due=90,warning,"Delinquency transitions should roll sequentially (e.g., 0 to 30, 30 to 60, 60 to 90). Skipped DPD buckets raise warnings."
LN101078,2021-04-01 00:00:00,DLQ006,Logical Delinquency Progression,loan_id;days_past_due,loan_id=LN101078;days_past_due=90,warning,"Delinquency transitions should roll sequentially (e.g., 0 to 30, 30 to 60, 60 to 90). Skipped DPD buckets raise warnings."
LN101079,2026-05-01 00:00:00,DLQ006,Logical Delinquency Progression,loan_id;days_past_due,loan_id=LN101079;days_past_due=90,warning,"Delinquency transitions should roll sequentially (e.g., 0 to 30, 30 to 60, 60 to 90). Skipped DPD buckets raise warnings."
LN101081,2025-02-01 00:00:00,DLQ006,Logical Delinquency Progression,loan_id;days_past_due,loan_id=LN101081;days_past_due=90,warning,"Delinquency transitions should roll sequentially (e.g., 0 to 30, 30 to 60, 60 to 90). Skipped DPD buckets raise warnings."
LN101085,2024-07-01 00:00:00,DLQ006,Logical Delinquency Progression,loan_id;days_past_due,loan_id=LN101085;days_past_due=90,warning,"Delinquency transitions should roll sequentially (e.g., 0 to 30, 30 to 60, 60 to 90). Skipped DPD buckets raise warnings."
LN101087,2026-07-01 00:00:00,DLQ006,Logical Delinquency Progression,loan_id;days_past_due,loan_id=LN101087;days_past_due=90,warning,"Delinquency transitions should roll sequentially (e.g., 0 to 30, 30 to 60, 60 to 90). Skipped DPD buckets raise warnings."
LN101088,2025-04-01 00:00:00,DLQ006,Logical Delinquency Progression,loan_id;days_past_due,loan_id=LN101088;days_past_due=90,warning,"Delinquency transitions should roll sequentially (e.g., 0 to 30, 30 to 60, 60 to 90). Skipped DPD buckets raise warnings."
LN101091,2025-04-01 00:00:00,DLQ006,Logical Delinquency Progression,loan_id;days_past_due,loan_id=LN101091;days_past_due=90,warning,"Delinquency transitions should roll sequentially (e.g., 0 to 30, 30 to 60, 60 to 90). Skipped DPD buckets raise warnings."
LN101093,2022-04-01 00:00:00,DLQ006,Logical Delinquency Progression,loan_id;days_past_due,loan_id=LN101093;days_past_due=90,warning,"Delinquency transitions should roll sequentially (e.g., 0 to 30, 30 to 60, 60 to 90). Skipped DPD buckets raise warnings."
LN101095,2018-11-01 00:00:00,DLQ006,Logical Delinquency Progression,loan_id;days_past_due,loan_id=LN101095;days_past_due=90,warning,"Delinquency transitions should roll sequentially (e.g., 0 to 30, 30 to 60, 60 to 90). Skipped DPD buckets raise warnings."
LN101097,2024-11-01 00:00:00,DLQ006,Logical Delinquency Progression,loan_id;days_past_due,loan_id=LN101097;days_past_due=90,warning,"Delinquency transitions should roll sequentially (e.g., 0 to 30, 30 to 60, 60 to 90). Skipped DPD buckets raise warnings."
LN101099,2022-03-01 00:00:00,DLQ006,Logical Delinquency Progression,loan_id;days_past_due,loan_id=LN101099;days_past_due=90,warning,"Delinquency transitions should roll sequentially (e.g., 0 to 30, 30 to 60, 60 to 90). Skipped DPD buckets raise warnings."
LN101100,2024-03-01 00:00:00,DLQ006,Logical Delinquency Progression,loan_id;days_past_due,loan_id=LN101100;days_past_due=90,warning,"Delinquency transitions should roll sequentially (e.g., 0 to 30, 30 to 60, 60 to 90). Skipped DPD buckets raise warnings."
LN101103,2023-11-01 00:00:00,DLQ006,Logical Delinquency Progression,loan_id;days_past_due,loan_id=LN101103;days_past_due=90,warning,"Delinquency transitions should roll sequentially (e.g., 0 to 30, 30 to 60, 60 to 90). Skipped DPD buckets raise warnings."
LN101109,2019-11-01 00:00:00,DLQ006,Logical Delinquency Progression,loan_id;days_past_due,loan_id=LN101109;days_past_due=90,warning,"Delinquency transitions should roll sequentially (e.g., 0 to 30, 30 to 60, 60 to 90). Skipped DPD buckets raise warnings."
LN101113,2023-05-01 00:00:00,DLQ006,Logical Delinquency Progression,loan_id;days_past_due,loan_id=LN101113;days_past_due=90,warning,"Delinquency transitions should roll sequentially (e.g., 0 to 30, 30 to 60, 60 to 90). Skipped DPD buckets raise warnings."
LN101114,2019-06-01 00:00:00,DLQ006,Logical Delinquency Progression,loan_id;days_past_due,loan_id=LN101114;days_past_due=90,warning,"Delinquency transitions should roll sequentially (e.g., 0 to 30, 30 to 60, 60 to 90). Skipped DPD buckets raise warnings."
LN101118,2025-06-01 00:00:00,DLQ006,Logical Delinquency Progression,loan_id;days_past_due,loan_id=LN101118;days_past_due=90,warning,"Delinquency transitions should roll sequentially (e.g., 0 to 30, 30 to 60, 60 to 90). Skipped DPD buckets raise warnings."
LN101123,2020-04-01 00:00:00,DLQ006,Logical Delinquency Progression,loan_id;days_past_due,loan_id=LN101123;days_past_due=90,warning,"Delinquency transitions should roll sequentially (e.g., 0 to 30, 30 to 60, 60 to 90). Skipped DPD buckets raise warnings."
LN101128,2025-11-01 00:00:00,DLQ006,Logical Delinquency Progression,loan_id;days_past_due,loan_id=LN101128;days_past_due=90,warning,"Delinquency transitions should roll sequentially (e.g., 0 to 30, 30 to 60, 60 to 90). Skipped DPD buckets raise warnings."
LN101136,2026-01-01 00:00:00,DLQ006,Logical Delinquency Progression,loan_id;days_past_due,loan_id=LN101136;days_past_due=90,warning,"Delinquency transitions should roll sequentially (e.g., 0 to 30, 30 to 60, 60 to 90). Skipped DPD buckets raise warnings."
LN101140,2025-11-01 00:00:00,DLQ006,Logical Delinquency Progression,loan_id;days_past_due,loan_id=LN101140;days_past_due=90,warning,"Delinquency transitions should roll sequentially (e.g., 0 to 30, 30 to 60, 60 to 90). Skipped DPD buckets raise warnings."
LN101141,2022-03-01 00:00:00,DLQ006,Logical Delinquency Progression,loan_id;days_past_due,loan_id=LN101141;days_past_due=90,warning,"Delinquency transitions should roll sequentially (e.g., 0 to 30, 30 to 60, 60 to 90). Skipped DPD buckets raise warnings."
LN101144,2022-03-01 00:00:00,DLQ006,Logical Delinquency Progression,loan_id;days_past_due,loan_id=LN101144;days_past_due=90,warning,"Delinquency transitions should roll sequentially (e.g., 0 to 30, 30 to 60, 60 to 90). Skipped DPD buckets raise warnings."
LN101146,2023-11-01 00:00:00,DLQ006,Logical Delinquency Progression,loan_id;days_past_due,loan_id=LN101146;days_past_due=90,warning,"Delinquency transitions should roll sequentially (e.g., 0 to 30, 30 to 60, 60 to 90). Skipped DPD buckets raise warnings."
LN101151,2022-11-01 00:00:00,DLQ006,Logical Delinquency Progression,loan_id;days_past_due,loan_id=LN101151;days_past_due=90,warning,"Delinquency transitions should roll sequentially (e.g., 0 to 30, 30 to 60, 60 to 90). Skipped DPD buckets raise warnings."
LN101152,2022-05-01 00:00:00,DLQ006,Logical Delinquency Progression,loan_id;days_past_due,loan_id=LN101152;days_past_due=90,warning,"Delinquency transitions should roll sequentially (e.g., 0 to 30, 30 to 60, 60 to 90). Skipped DPD buckets raise warnings."
LN101154,2024-08-01 00:00:00,DLQ006,Logical Delinquency Progression,loan_id;days_past_due,loan_id=LN101154;days_past_due=90,warning,"Delinquency transitions should roll sequentially (e.g., 0 to 30, 30 to 60, 60 to 90). Skipped DPD buckets raise warnings."
LN101156,2019-07-01 00:00:00,DLQ006,Logical Delinquency Progression,loan_id;days_past_due,loan_id=LN101156;days_past_due=90,warning,"Delinquency transitions should roll sequentially (e.g., 0 to 30, 30 to 60, 60 to 90). Skipped DPD buckets raise warnings."
LN101158,2022-06-01 00:00:00,DLQ006,Logical Delinquency Progression,loan_id;days_past_due,loan_id=LN101158;days_past_due=90,warning,"Delinquency transitions should roll sequentially (e.g., 0 to 30, 30 to 60, 60 to 90). Skipped DPD buckets raise warnings."
LN101160,2023-09-01 00:00:00,DLQ006,Logical Delinquency Progression,loan_id;days_past_due,loan_id=LN101160;days_past_due=90,warning,"Delinquency transitions should roll sequentially (e.g., 0 to 30, 30 to 60, 60 to 90). Skipped DPD buckets raise warnings."
LN101167,2026-06-01 00:00:00,DLQ006,Logical Delinquency Progression,loan_id;days_past_due,loan_id=LN101167;days_past_due=90,warning,"Delinquency transitions should roll sequentially (e.g., 0 to 30, 30 to 60, 60 to 90). Skipped DPD buckets raise warnings."
LN101170,2025-01-01 00:00:00,DLQ006,Logical Delinquency Progression,loan_id;days_past_due,loan_id=LN101170;days_past_due=90,warning,"Delinquency transitions should roll sequentially (e.g., 0 to 30, 30 to 60, 60 to 90). Skipped DPD buckets raise warnings."
LN101171,2025-12-01 00:00:00,DLQ006,Logical Delinquency Progression,loan_id;days_past_due,loan_id=LN101171;days_past_due=90,warning,"Delinquency transitions should roll sequentially (e.g., 0 to 30, 30 to 60, 60 to 90). Skipped DPD buckets raise warnings."
LN101174,2023-02-01 00:00:00,DLQ006,Logical Delinquency Progression,loan_id;days_past_due,loan_id=LN101174;days_past_due=90,warning,"Delinquency transitions should roll sequentially (e.g., 0 to 30, 30 to 60, 60 to 90). Skipped DPD buckets raise warnings."
LN101179,2018-07-01 00:00:00,DLQ006,Logical Delinquency Progression,loan_id;days_past_due,loan_id=LN101179;days_past_due=90,warning,"Delinquency transitions should roll sequentially (e.g., 0 to 30, 30 to 60, 60 to 90). Skipped DPD buckets raise warnings."
LN101180,2022-10-01 00:00:00,DLQ006,Logical Delinquency Progression,loan_id;days_past_due,loan_id=LN101180;days_past_due=90,warning,"Delinquency transitions should roll sequentially (e.g., 0 to 30, 30 to 60, 60 to 90). Skipped DPD buckets raise warnings."
LN101182,2023-06-01 00:00:00,DLQ006,Logical Delinquency Progression,loan_id;days_past_due,loan_id=LN101182;days_past_due=90,warning,"Delinquency transitions should roll sequentially (e.g., 0 to 30, 30 to 60, 60 to 90). Skipped DPD buckets raise warnings."
LN101184,2022-03-01 00:00:00,DLQ006,Logical Delinquency Progression,loan_id;days_past_due,loan_id=LN101184;days_past_due=90,warning,"Delinquency transitions should roll sequentially (e.g., 0 to 30, 30 to 60, 60 to 90). Skipped DPD buckets raise warnings."
LN101185,2021-03-01 00:00:00,DLQ006,Logical Delinquency Progression,loan_id;days_past_due,loan_id=LN101185;days_past_due=90,warning,"Delinquency transitions should roll sequentially (e.g., 0 to 30, 30 to 60, 60 to 90). Skipped DPD buckets raise warnings."
LN101188,2024-12-01 00:00:00,DLQ006,Logical Delinquency Progression,loan_id;days_past_due,loan_id=LN101188;days_past_due=90,warning,"Delinquency transitions should roll sequentially (e.g., 0 to 30, 30 to 60, 60 to 90). Skipped DPD buckets raise warnings."
LN101191,2023-06-01 00:00:00,DLQ006,Logical Delinquency Progression,loan_id;days_past_due,loan_id=LN101191;days_past_due=90,warning,"Delinquency transitions should roll sequentially (e.g., 0 to 30, 30 to 60, 60 to 90). Skipped DPD buckets raise warnings."
LN101192,2022-07-01 00:00:00,DLQ006,Logical Delinquency Progression,loan_id;days_past_due,loan_id=LN101192;days_past_due=90,warning,"Delinquency transitions should roll sequentially (e.g., 0 to 30, 30 to 60, 60 to 90). Skipped DPD buckets raise warnings."
LN101196,2023-02-01 00:00:00,DLQ006,Logical Delinquency Progression,loan_id;days_past_due,loan_id=LN101196;days_past_due=90,warning,"Delinquency transitions should roll sequentially (e.g., 0 to 30, 30 to 60, 60 to 90). Skipped DPD buckets raise warnings."
LN101197,2024-12-01 00:00:00,DLQ006,Logical Delinquency Progression,loan_id;days_past_due,loan_id=LN101197;days_past_due=90,warning,"Delinquency transitions should roll sequentially (e.g., 0 to 30, 30 to 60, 60 to 90). Skipped DPD buckets raise warnings."
LN101200,2025-08-01 00:00:00,DLQ006,Logical Delinquency Progression,loan_id;days_past_due,loan_id=LN101200;days_past_due=90,warning,"Delinquency transitions should roll sequentially (e.g., 0 to 30, 30 to 60, 60 to 90). Skipped DPD buckets raise warnings."
LN101201,2022-07-01 00:00:00,DLQ006,Logical Delinquency Progression,loan_id;days_past_due,loan_id=LN101201;days_past_due=90,warning,"Delinquency transitions should roll sequentially (e.g., 0 to 30, 30 to 60, 60 to 90). Skipped DPD buckets raise warnings."
LN101203,2025-04-01 00:00:00,DLQ006,Logical Delinquency Progression,loan_id;days_past_due,loan_id=LN101203;days_past_due=90,warning,"Delinquency transitions should roll sequentially (e.g., 0 to 30, 30 to 60, 60 to 90). Skipped DPD buckets raise warnings."
LN101204,2022-11-01 00:00:00,DLQ006,Logical Delinquency Progression,loan_id;days_past_due,loan_id=LN101204;days_past_due=90,warning,"Delinquency transitions should roll sequentially (e.g., 0 to 30, 30 to 60, 60 to 90). Skipped DPD buckets raise warnings."
LN101205,2026-01-01 00:00:00,DLQ006,Logical Delinquency Progression,loan_id;days_past_due,loan_id=LN101205;days_past_due=90,warning,"Delinquency transitions should roll sequentially (e.g., 0 to 30, 30 to 60, 60 to 90). Skipped DPD buckets raise warnings."
LN101210,2023-11-01 00:00:00,DLQ006,Logical Delinquency Progression,loan_id;days_past_due,loan_id=LN101210;days_past_due=90,warning,"Delinquency transitions should roll sequentially (e.g., 0 to 30, 30 to 60, 60 to 90). Skipped DPD buckets raise warnings."
LN101212,2024-02-01 00:00:00,DLQ006,Logical Delinquency Progression,loan_id;days_past_due,loan_id=LN101212;days_past_due=90,warning,"Delinquency transitions should roll sequentially (e.g., 0 to 30, 30 to 60, 60 to 90). Skipped DPD buckets raise warnings."
LN101220,2024-04-01 00:00:00,DLQ006,Logical Delinquency Progression,loan_id;days_past_due,loan_id=LN101220;days_past_due=90,warning,"Delinquency transitions should roll sequentially (e.g., 0 to 30, 30 to 60, 60 to 90). Skipped DPD buckets raise warnings."
LN101224,2024-08-01 00:00:00,DLQ006,Logical Delinquency Progression,loan_id;days_past_due,loan_id=LN101224;days_past_due=90,warning,"Delinquency transitions should roll sequentially (e.g., 0 to 30, 30 to 60, 60 to 90). Skipped DPD buckets raise warnings."
LN101225,2025-04-01 00:00:00,DLQ006,Logical Delinquency Progression,loan_id;days_past_due,loan_id=LN101225;days_past_due=90,warning,"Delinquency transitions should roll sequentially (e.g., 0 to 30, 30 to 60, 60 to 90). Skipped DPD buckets raise warnings."
LN101227,2025-01-01 00:00:00,DLQ006,Logical Delinquency Progression,loan_id;days_past_due,loan_id=LN101227;days_past_due=90,warning,"Delinquency transitions should roll sequentially (e.g., 0 to 30, 30 to 60, 60 to 90). Skipped DPD buckets raise warnings."
LN101228,2022-10-01 00:00:00,DLQ006,Logical Delinquency Progression,loan_id;days_past_due,loan_id=LN101228;days_past_due=90,warning,"Delinquency transitions should roll sequentially (e.g., 0 to 30, 30 to 60, 60 to 90). Skipped DPD buckets raise warnings."
LN101230,2026-01-01 00:00:00,DLQ006,Logical Delinquency Progression,loan_id;days_past_due,loan_id=LN101230;days_past_due=90,warning,"Delinquency transitions should roll sequentially (e.g., 0 to 30, 30 to 60, 60 to 90). Skipped DPD buckets raise warnings."
LN101232,2024-12-01 00:00:00,DLQ006,Logical Delinquency Progression,loan_id;days_past_due,loan_id=LN101232;days_past_due=90,warning,"Delinquency transitions should roll sequentially (e.g., 0 to 30, 30 to 60, 60 to 90). Skipped DPD buckets raise warnings."
LN101234,2024-08-01 00:00:00,DLQ006,Logical Delinquency Progression,loan_id;days_past_due,loan_id=LN101234;days_past_due=90,warning,"Delinquency transitions should roll sequentially (e.g., 0 to 30, 30 to 60, 60 to 90). Skipped DPD buckets raise warnings."
LN101236,2018-12-01 00:00:00,DLQ006,Logical Delinquency Progression,loan_id;days_past_due,loan_id=LN101236;days_past_due=90,warning,"Delinquency transitions should roll sequentially (e.g., 0 to 30, 30 to 60, 60 to 90). Skipped DPD buckets raise warnings."
LN101239,2026-01-01 00:00:00,DLQ006,Logical Delinquency Progression,loan_id;days_past_due,loan_id=LN101239;days_past_due=90,warning,"Delinquency transitions should roll sequentially (e.g., 0 to 30, 30 to 60, 60 to 90). Skipped DPD buckets raise warnings."
LN101241,2023-09-01 00:00:00,DLQ006,Logical Delinquency Progression,loan_id;days_past_due,loan_id=LN101241;days_past_due=90,warning,"Delinquency transitions should roll sequentially (e.g., 0 to 30, 30 to 60, 60 to 90). Skipped DPD buckets raise warnings."
LN101242,2026-02-01 00:00:00,DLQ006,Logical Delinquency Progression,loan_id;days_past_due,loan_id=LN101242;days_past_due=90,warning,"Delinquency transitions should roll sequentially (e.g., 0 to 30, 30 to 60, 60 to 90). Skipped DPD buckets raise warnings."
LN101243,2023-08-01 00:00:00,DLQ006,Logical Delinquency Progression,loan_id;days_past_due,loan_id=LN101243;days_past_due=90,warning,"Delinquency transitions should roll sequentially (e.g., 0 to 30, 30 to 60, 60 to 90). Skipped DPD buckets raise warnings."
LN101247,2021-07-01 00:00:00,DLQ006,Logical Delinquency Progression,loan_id;days_past_due,loan_id=LN101247;days_past_due=90,warning,"Delinquency transitions should roll sequentially (e.g., 0 to 30, 30 to 60, 60 to 90). Skipped DPD buckets raise warnings."
LN101248,2020-07-01 00:00:00,DLQ006,Logical Delinquency Progression,loan_id;days_past_due,loan_id=LN101248;days_past_due=90,warning,"Delinquency transitions should roll sequentially (e.g., 0 to 30, 30 to 60, 60 to 90). Skipped DPD buckets raise warnings."
LN101250,2020-03-01 00:00:00,DLQ006,Logical Delinquency Progression,loan_id;days_past_due,loan_id=LN101250;days_past_due=90,warning,"Delinquency transitions should roll sequentially (e.g., 0 to 30, 30 to 60, 60 to 90). Skipped DPD buckets raise warnings."
LN101251,2022-10-01 00:00:00,DLQ006,Logical Delinquency Progression,loan_id;days_past_due,loan_id=LN101251;days_past_due=90,warning,"Delinquency transitions should roll sequentially (e.g., 0 to 30, 30 to 60, 60 to 90). Skipped DPD buckets raise warnings."
LN101254,2022-09-01 00:00:00,DLQ006,Logical Delinquency Progression,loan_id;days_past_due,loan_id=LN101254;days_past_due=90,warning,"Delinquency transitions should roll sequentially (e.g., 0 to 30, 30 to 60, 60 to 90). Skipped DPD buckets raise warnings."
LN101255,2020-01-01 00:00:00,DLQ006,Logical Delinquency Progression,loan_id;days_past_due,loan_id=LN101255;days_past_due=90,warning,"Delinquency transitions should roll sequentially (e.g., 0 to 30, 30 to 60, 60 to 90). Skipped DPD buckets raise warnings."
LN101256,2024-05-01 00:00:00,DLQ006,Logical Delinquency Progression,loan_id;days_past_due,loan_id=LN101256;days_past_due=90,warning,"Delinquency transitions should roll sequentially (e.g., 0 to 30, 30 to 60, 60 to 90). Skipped DPD buckets raise warnings."
LN101258,2026-05-01 00:00:00,DLQ006,Logical Delinquency Progression,loan_id;days_past_due,loan_id=LN101258;days_past_due=90,warning,"Delinquency transitions should roll sequentially (e.g., 0 to 30, 30 to 60, 60 to 90). Skipped DPD buckets raise warnings."
LN101260,2020-06-01 00:00:00,DLQ006,Logical Delinquency Progression,loan_id;days_past_due,loan_id=LN101260;days_past_due=90,warning,"Delinquency transitions should roll sequentially (e.g., 0 to 30, 30 to 60, 60 to 90). Skipped DPD buckets raise warnings."
LN101262,2025-09-01 00:00:00,DLQ006,Logical Delinquency Progression,loan_id;days_past_due,loan_id=LN101262;days_past_due=90,warning,"Delinquency transitions should roll sequentially (e.g., 0 to 30, 30 to 60, 60 to 90). Skipped DPD buckets raise warnings."
LN101263,2024-10-01 00:00:00,DLQ006,Logical Delinquency Progression,loan_id;days_past_due,loan_id=LN101263;days_past_due=90,warning,"Delinquency transitions should roll sequentially (e.g., 0 to 30, 30 to 60, 60 to 90). Skipped DPD buckets raise warnings."
LN101265,2023-06-01 00:00:00,DLQ006,Logical Delinquency Progression,loan_id;days_past_due,loan_id=LN101265;days_past_due=90,warning,"Delinquency transitions should roll sequentially (e.g., 0 to 30, 30 to 60, 60 to 90). Skipped DPD buckets raise warnings."
LN101266,2023-12-01 00:00:00,DLQ006,Logical Delinquency Progression,loan_id;days_past_due,loan_id=LN101266;days_past_due=90,warning,"Delinquency transitions should roll sequentially (e.g., 0 to 30, 30 to 60, 60 to 90). Skipped DPD buckets raise warnings."
LN100004,2025-10-01 00:00:00,LFC005,Prepaid Balance Validation,current_status;current_balance,current_status=Prepaid;current_balance=11454.23,error,A prepaid loan must have a balance close to zero.
LN100008,2021-09-01 00:00:00,LFC005,Prepaid Balance Validation,current_status;current_balance,current_status=Prepaid;current_balance=5001.48,error,A prepaid loan must have a balance close to zero.
LN100018,2024-01-01 00:00:00,LFC005,Prepaid Balance Validation,current_status;current_balance,current_status=Prepaid;current_balance=1240.34,error,A prepaid loan must have a balance close to zero.
LN100022,2020-07-01 00:00:00,LFC005,Prepaid Balance Validation,current_status;current_balance,current_status=Prepaid;current_balance=30487.34,error,A prepaid loan must have a balance close to zero.
LN100026,2023-12-01 00:00:00,LFC005,Prepaid Balance Validation,current_status;current_balance,current_status=Prepaid;current_balance=9706.06,error,A prepaid loan must have a balance close to zero.
LN100031,2019-12-01 00:00:00,LFC005,Prepaid Balance Validation,current_status;current_balance,current_status=Prepaid;current_balance=66332.85,error,A prepaid loan must have a balance close to zero.
LN100032,2019-09-01 00:00:00,LFC005,Prepaid Balance Validation,current_status;current_balance,current_status=Prepaid;current_balance=1785.08,error,A prepaid loan must have a balance close to zero.
LN100037,2023-11-01 00:00:00,LFC005,Prepaid Balance Validation,current_status;current_balance,current_status=Prepaid;current_balance=20598.59,error,A prepaid loan must have a balance close to zero.
LN100041,2023-10-01 00:00:00,LFC005,Prepaid Balance Validation,current_status;current_balance,current_status=Prepaid;current_balance=5590.1,error,A prepaid loan must have a balance close to zero.
LN100048,2023-01-01 00:00:00,LFC005,Prepaid Balance Validation,current_status;current_balance,current_status=Prepaid;current_balance=32055.01,error,A prepaid loan must have a balance close to zero.
LN100060,2024-10-01 00:00:00,LFC005,Prepaid Balance Validation,current_status;current_balance,current_status=Prepaid;current_balance=3294.78,error,A prepaid loan must have a balance close to zero.
LN100061,2024-05-01 00:00:00,LFC005,Prepaid Balance Validation,current_status;current_balance,current_status=Prepaid;current_balance=5517.34,error,A prepaid loan must have a balance close to zero.
LN100062,2022-01-01 00:00:00,LFC005,Prepaid Balance Validation,current_status;current_balance,current_status=Prepaid;current_balance=26212.87,error,A prepaid loan must have a balance close to zero.
LN100068,2020-12-01 00:00:00,LFC005,Prepaid Balance Validation,current_status;current_balance,current_status=Prepaid;current_balance=3279.77,error,A prepaid loan must have a balance close to zero.
LN100069,2024-03-01 00:00:00,LFC005,Prepaid Balance Validation,current_status;current_balance,current_status=Prepaid;current_balance=12621.86,error,A prepaid loan must have a balance close to zero.
LN100074,2025-12-01 00:00:00,LFC005,Prepaid Balance Validation,current_status;current_balance,current_status=Prepaid;current_balance=49814.97,error,A prepaid loan must have a balance close to zero.
LN100076,2021-06-01 00:00:00,LFC005,Prepaid Balance Validation,current_status;current_balance,current_status=Prepaid;current_balance=21711.19,error,A prepaid loan must have a balance close to zero.
LN100078,2024-04-01 00:00:00,LFC005,Prepaid Balance Validation,current_status;current_balance,current_status=Prepaid;current_balance=16187.93,error,A prepaid loan must have a balance close to zero.
LN100081,2022-12-01 00:00:00,LFC005,Prepaid Balance Validation,current_status;current_balance,current_status=Prepaid;current_balance=13657.42,error,A prepaid loan must have a balance close to zero.
LN100082,2019-06-01 00:00:00,LFC005,Prepaid Balance Validation,current_status;current_balance,current_status=Prepaid;current_balance=51521.21,error,A prepaid loan must have a balance close to zero.
LN100086,2018-12-01 00:00:00,LFC005,Prepaid Balance Validation,current_status;current_balance,current_status=Prepaid;current_balance=24814.71,error,A prepaid loan must have a balance close to zero.
LN100087,2024-06-01 00:00:00,LFC005,Prepaid Balance Validation,current_status;current_balance,current_status=Prepaid;current_balance=7858.11,error,A prepaid loan must have a balance close to zero.
LN100089,2024-08-01 00:00:00,LFC005,Prepaid Balance Validation,current_status;current_balance,current_status=Prepaid;current_balance=14698.62,error,A prepaid loan must have a balance close to zero.
LN100091,2026-01-01 00:00:00,LFC005,Prepaid Balance Validation,current_status;current_balance,current_status=Prepaid;current_balance=13118.0,error,A prepaid loan must have a balance close to zero.
LN100092,2025-08-01 00:00:00,LFC005,Prepaid Balance Validation,current_status;current_balance,current_status=Prepaid;current_balance=8825.21,error,A prepaid loan must have a balance close to zero.
LN100097,2023-02-01 00:00:00,LFC005,Prepaid Balance Validation,current_status;current_balance,current_status=Prepaid;current_balance=20679.22,error,A prepaid loan must have a balance close to zero.
LN100115,2023-10-01 00:00:00,LFC005,Prepaid Balance Validation,current_status;current_balance,current_status=Prepaid;current_balance=15991.67,error,A prepaid loan must have a balance close to zero.
LN100118,2021-04-01 00:00:00,LFC005,Prepaid Balance Validation,current_status;current_balance,current_status=Prepaid;current_balance=2667.9,error,A prepaid loan must have a balance close to zero.
LN100122,2025-01-01 00:00:00,LFC005,Prepaid Balance Validation,current_status;current_balance,current_status=Prepaid;current_balance=30367.09,error,A prepaid loan must have a balance close to zero.
LN100126,2024-06-01 00:00:00,LFC005,Prepaid Balance Validation,current_status;current_balance,current_status=Prepaid;current_balance=15716.04,error,A prepaid loan must have a balance close to zero.
LN100127,2023-07-01 00:00:00,LFC005,Prepaid Balance Validation,current_status;current_balance,current_status=Prepaid;current_balance=12604.35,error,A prepaid loan must have a balance close to zero.
LN100129,2025-03-01 00:00:00,LFC005,Prepaid Balance Validation,current_status;current_balance,current_status=Prepaid;current_balance=14406.16,error,A prepaid loan must have a balance close to zero.
LN100137,2018-11-01 00:00:00,LFC005,Prepaid Balance Validation,current_status;current_balance,current_status=Prepaid;current_balance=24416.42,error,A prepaid loan must have a balance close to zero.
LN100142,2022-04-01 00:00:00,LFC005,Prepaid Balance Validation,current_status;current_balance,current_status=Prepaid;current_balance=25237.32,error,A prepaid loan must have a balance close to zero.
LN100144,2025-05-01 00:00:00,LFC005,Prepaid Balance Validation,current_status;current_balance,current_status=Prepaid;current_balance=48398.24,error,A prepaid loan must have a balance close to zero.
LN100151,2025-04-01 00:00:00,LFC005,Prepaid Balance Validation,current_status;current_balance,current_status=Prepaid;current_balance=51790.48,error,A prepaid loan must have a balance close to zero.
LN100165,2023-10-01 00:00:00,LFC005,Prepaid Balance Validation,current_status;current_balance,current_status=Prepaid;current_balance=9162.05,error,A prepaid loan must have a balance close to zero.
LN100167,2021-10-01 00:00:00,LFC005,Prepaid Balance Validation,current_status;current_balance,current_status=Prepaid;current_balance=29520.51,error,A prepaid loan must have a balance close to zero.
LN100168,2025-05-01 00:00:00,LFC005,Prepaid Balance Validation,current_status;current_balance,current_status=Prepaid;current_balance=27873.75,error,A prepaid loan must have a balance close to zero.
LN100174,2023-02-01 00:00:00,LFC005,Prepaid Balance Validation,current_status;current_balance,current_status=Prepaid;current_balance=11026.49,error,A prepaid loan must have a balance close to zero.
LN100181,2022-05-01 00:00:00,LFC005,Prepaid Balance Validation,current_status;current_balance,current_status=Prepaid;current_balance=2111.73,error,A prepaid loan must have a balance close to zero.
LN100186,2023-09-01 00:00:00,LFC005,Prepaid Balance Validation,current_status;current_balance,current_status=Prepaid;current_balance=12683.15,error,A prepaid loan must have a balance close to zero.
LN100187,2021-09-01 00:00:00,LFC005,Prepaid Balance Validation,current_status;current_balance,current_status=Prepaid;current_balance=16287.27,error,A prepaid loan must have a balance close to zero.
LN100188,2025-12-01 00:00:00,LFC005,Prepaid Balance Validation,current_status;current_balance,current_status=Prepaid;current_balance=10537.82,error,A prepaid loan must have a balance close to zero.
LN100194,2026-03-01 00:00:00,LFC005,Prepaid Balance Validation,current_status;current_balance,current_status=Prepaid;current_balance=43506.62,error,A prepaid loan must have a balance close to zero.
LN100197,2024-06-01 00:00:00,LFC005,Prepaid Balance Validation,current_status;current_balance,current_status=Prepaid;current_balance=19936.78,error,A prepaid loan must have a balance close to zero.
LN100202,2022-04-01 00:00:00,LFC005,Prepaid Balance Validation,current_status;current_balance,current_status=Prepaid;current_balance=25342.27,error,A prepaid loan must have a balance close to zero.
LN100207,2025-12-01 00:00:00,LFC005,Prepaid Balance Validation,current_status;current_balance,current_status=Prepaid;current_balance=5446.54,error,A prepaid loan must have a balance close to zero.
LN100210,2020-06-01 00:00:00,LFC005,Prepaid Balance Validation,current_status;current_balance,current_status=Prepaid;current_balance=5279.11,error,A prepaid loan must have a balance close to zero.
LN100222,2024-09-01 00:00:00,LFC005,Prepaid Balance Validation,current_status;current_balance,current_status=Prepaid;current_balance=10607.22,error,A prepaid loan must have a balance close to zero.
LN100223,2020-05-01 00:00:00,LFC005,Prepaid Balance Validation,current_status;current_balance,current_status=Prepaid;current_balance=24945.87,error,A prepaid loan must have a balance close to zero.
LN100225,2021-12-01 00:00:00,LFC005,Prepaid Balance Validation,current_status;current_balance,current_status=Prepaid;current_balance=30565.95,error,A prepaid loan must have a balance close to zero.
LN100228,2024-01-01 00:00:00,LFC005,Prepaid Balance Validation,current_status;current_balance,current_status=Prepaid;current_balance=6566.24,error,A prepaid loan must have a balance close to zero.
LN100231,2025-09-01 00:00:00,LFC005,Prepaid Balance Validation,current_status;current_balance,current_status=Prepaid;current_balance=1043.95,error,A prepaid loan must have a balance close to zero.
LN100232,2025-06-01 00:00:00,LFC005,Prepaid Balance Validation,current_status;current_balance,current_status=Prepaid;current_balance=7026.98,error,A prepaid loan must have a balance close to zero.
LN100233,2024-01-01 00:00:00,LFC005,Prepaid Balance Validation,current_status;current_balance,current_status=Prepaid;current_balance=27649.48,error,A prepaid loan must have a balance close to zero.
LN100237,2023-08-01 00:00:00,LFC005,Prepaid Balance Validation,current_status;current_balance,current_status=Prepaid;current_balance=8229.33,error,A prepaid loan must have a balance close to zero.
LN100242,2021-07-01 00:00:00,LFC005,Prepaid Balance Validation,current_status;current_balance,current_status=Prepaid;current_balance=4797.93,error,A prepaid loan must have a balance close to zero.
LN100246,2025-10-01 00:00:00,LFC005,Prepaid Balance Validation,current_status;current_balance,current_status=Prepaid;current_balance=17627.38,error,A prepaid loan must have a balance close to zero.
LN100248,2023-09-01 00:00:00,LFC005,Prepaid Balance Validation,current_status;current_balance,current_status=Prepaid;current_balance=2396.4,error,A prepaid loan must have a balance close to zero.
LN100252,2021-11-01 00:00:00,LFC005,Prepaid Balance Validation,current_status;current_balance,current_status=Prepaid;current_balance=21216.61,error,A prepaid loan must have a balance close to zero.
LN100254,2024-05-01 00:00:00,LFC005,Prepaid Balance Validation,current_status;current_balance,current_status=Prepaid;current_balance=36272.98,error,A prepaid loan must have a balance close to zero.
LN100256,2023-07-01 00:00:00,LFC005,Prepaid Balance Validation,current_status;current_balance,current_status=Prepaid;current_balance=10452.16,error,A prepaid loan must have a balance close to zero.
LN100258,2023-11-01 00:00:00,LFC005,Prepaid Balance Validation,current_status;current_balance,current_status=Prepaid;current_balance=7973.22,error,A prepaid loan must have a balance close to zero.
LN100259,2023-08-01 00:00:00,LFC005,Prepaid Balance Validation,current_status;current_balance,current_status=Prepaid;current_balance=2116.94,error,A prepaid loan must have a balance close to zero.
LN100260,2023-12-01 00:00:00,LFC005,Prepaid Balance Validation,current_status;current_balance,current_status=Prepaid;current_balance=4156.93,error,A prepaid loan must have a balance close to zero.
LN100261,2024-08-01 00:00:00,LFC005,Prepaid Balance Validation,current_status;current_balance,current_status=Prepaid;current_balance=25588.05,error,A prepaid loan must have a balance close to zero.
LN100264,2025-03-01 00:00:00,LFC005,Prepaid Balance Validation,current_status;current_balance,current_status=Prepaid;current_balance=9353.46,error,A prepaid loan must have a balance close to zero.
LN100272,2022-05-01 00:00:00,LFC005,Prepaid Balance Validation,current_status;current_balance,current_status=Prepaid;current_balance=6268.53,error,A prepaid loan must have a balance close to zero.
LN100274,2021-09-01 00:00:00,LFC005,Prepaid Balance Validation,current_status;current_balance,current_status=Prepaid;current_balance=2459.62,error,A prepaid loan must have a balance close to zero.
LN100275,2022-05-01 00:00:00,LFC005,Prepaid Balance Validation,current_status;current_balance,current_status=Prepaid;current_balance=6213.72,error,A prepaid loan must have a balance close to zero.
LN100276,2022-06-01 00:00:00,LFC005,Prepaid Balance Validation,current_status;current_balance,current_status=Prepaid;current_balance=3685.88,error,A prepaid loan must have a balance close to zero.
LN100279,2019-05-01 00:00:00,LFC005,Prepaid Balance Validation,current_status;current_balance,current_status=Prepaid;current_balance=9151.77,error,A prepaid loan must have a balance close to zero.
LN100283,2025-10-01 00:00:00,LFC005,Prepaid Balance Validation,current_status;current_balance,current_status=Prepaid;current_balance=10487.94,error,A prepaid loan must have a balance close to zero.
LN100284,2025-04-01 00:00:00,LFC005,Prepaid Balance Validation,current_status;current_balance,current_status=Prepaid;current_balance=7342.48,error,A prepaid loan must have a balance close to zero.
LN100288,2023-07-01 00:00:00,LFC005,Prepaid Balance Validation,current_status;current_balance,current_status=Prepaid;current_balance=22149.93,error,A prepaid loan must have a balance close to zero.
LN100291,2020-03-01 00:00:00,LFC005,Prepaid Balance Validation,current_status;current_balance,current_status=Prepaid;current_balance=20323.31,error,A prepaid loan must have a balance close to zero.
LN100297,2021-09-01 00:00:00,LFC005,Prepaid Balance Validation,current_status;current_balance,current_status=Prepaid;current_balance=10471.71,error,A prepaid loan must have a balance close to zero.
LN100298,2022-06-01 00:00:00,LFC005,Prepaid Balance Validation,current_status;current_balance,current_status=Prepaid;current_balance=8825.96,error,A prepaid loan must have a balance close to zero.
LN100305,2023-04-01 00:00:00,LFC005,Prepaid Balance Validation,current_status;current_balance,current_status=Prepaid;current_balance=10817.65,error,A prepaid loan must have a balance close to zero.
LN100307,2025-07-01 00:00:00,LFC005,Prepaid Balance Validation,current_status;current_balance,current_status=Prepaid;current_balance=15940.01,error,A prepaid loan must have a balance close to zero.
LN100309,2020-09-01 00:00:00,LFC005,Prepaid Balance Validation,current_status;current_balance,current_status=Prepaid;current_balance=1035.75,error,A prepaid loan must have a balance close to zero.
LN100311,2023-02-01 00:00:00,LFC005,Prepaid Balance Validation,current_status;current_balance,current_status=Prepaid;current_balance=74932.37,error,A prepaid loan must have a balance close to zero.
LN100326,2022-09-01 00:00:00,LFC005,Prepaid Balance Validation,current_status;current_balance,current_status=Prepaid;current_balance=8629.25,error,A prepaid loan must have a balance close to zero.
LN100327,2022-04-01 00:00:00,LFC005,Prepaid Balance Validation,current_status;current_balance,current_status=Prepaid;current_balance=39166.09,error,A prepaid loan must have a balance close to zero.
LN100336,2024-09-01 00:00:00,LFC005,Prepaid Balance Validation,current_status;current_balance,current_status=Prepaid;current_balance=6371.74,error,A prepaid loan must have a balance close to zero.
LN100338,2021-12-01 00:00:00,LFC005,Prepaid Balance Validation,current_status;current_balance,current_status=Prepaid;current_balance=4771.7,error,A prepaid loan must have a balance close to zero.
LN100340,2025-02-01 00:00:00,LFC005,Prepaid Balance Validation,current_status;current_balance,current_status=Prepaid;current_balance=2460.33,error,A prepaid loan must have a balance close to zero.
LN100351,2023-02-01 00:00:00,LFC005,Prepaid Balance Validation,current_status;current_balance,current_status=Prepaid;current_balance=30980.79,error,A prepaid loan must have a balance close to zero.
LN100354,2025-05-01 00:00:00,LFC005,Prepaid Balance Validation,current_status;current_balance,current_status=Prepaid;current_balance=29342.24,error,A prepaid loan must have a balance close to zero.
LN100356,2019-10-01 00:00:00,LFC005,Prepaid Balance Validation,current_status;current_balance,current_status=Prepaid;current_balance=16774.49,error,A prepaid loan must have a balance close to zero.
LN100362,2023-06-01 00:00:00,LFC005,Prepaid Balance Validation,current_status;current_balance,current_status=Prepaid;current_balance=4023.59,error,A prepaid loan must have a balance close to zero.
LN100366,2024-11-01 00:00:00,LFC005,Prepaid Balance Validation,current_status;current_balance,current_status=Prepaid;current_balance=4360.4,error,A prepaid loan must have a balance close to zero.
LN100368,2021-04-01 00:00:00,LFC005,Prepaid Balance Validation,current_status;current_balance,current_status=Prepaid;current_balance=17478.61,error,A prepaid loan must have a balance close to zero.
LN100371,2023-05-01 00:00:00,LFC005,Prepaid Balance Validation,current_status;current_balance,current_status=Prepaid;current_balance=1533.77,error,A prepaid loan must have a balance close to zero.
LN100375,2025-08-01 00:00:00,LFC005,Prepaid Balance Validation,current_status;current_balance,current_status=Prepaid;current_balance=28723.24,error,A prepaid loan must have a balance close to zero.
LN100378,2025-06-01 00:00:00,LFC005,Prepaid Balance Validation,current_status;current_balance,current_status=Prepaid;current_balance=6066.88,error,A prepaid loan must have a balance close to zero.
LN100384,2020-01-01 00:00:00,LFC005,Prepaid Balance Validation,current_status;current_balance,current_status=Prepaid;current_balance=10146.51,error,A prepaid loan must have a balance close to zero.
LN100390,2025-12-01 00:00:00,LFC005,Prepaid Balance Validation,current_status;current_balance,current_status=Prepaid;current_balance=6887.14,error,A prepaid loan must have a balance close to zero.
LN100395,2024-02-01 00:00:00,LFC005,Prepaid Balance Validation,current_status;current_balance,current_status=Prepaid;current_balance=16953.87,error,A prepaid loan must have a balance close to zero.
LN100396,2018-08-01 00:00:00,LFC005,Prepaid Balance Validation,current_status;current_balance,current_status=Prepaid;current_balance=15138.51,error,A prepaid loan must have a balance close to zero.
LN100397,2025-03-01 00:00:00,LFC005,Prepaid Balance Validation,current_status;current_balance,current_status=Prepaid;current_balance=11691.71,error,A prepaid loan must have a balance close to zero.
LN100400,2025-10-01 00:00:00,LFC005,Prepaid Balance Validation,current_status;current_balance,current_status=Prepaid;current_balance=21798.19,error,A prepaid loan must have a balance close to zero.
LN100402,2022-06-01 00:00:00,LFC005,Prepaid Balance Validation,current_status;current_balance,current_status=Prepaid;current_balance=15559.61,error,A prepaid loan must have a balance close to zero.
LN100406,2025-04-01 00:00:00,LFC005,Prepaid Balance Validation,current_status;current_balance,current_status=Prepaid;current_balance=9857.72,error,A prepaid loan must have a balance close to zero.
LN100410,2023-01-01 00:00:00,LFC005,Prepaid Balance Validation,current_status;current_balance,current_status=Prepaid;current_balance=12115.64,error,A prepaid loan must have a balance close to zero.
LN100411,2024-03-01 00:00:00,LFC005,Prepaid Balance Validation,current_status;current_balance,current_status=Prepaid;current_balance=10068.74,error,A prepaid loan must have a balance close to zero.
LN100412,2022-02-01 00:00:00,LFC005,Prepaid Balance Validation,current_status;current_balance,current_status=Prepaid;current_balance=12087.16,error,A prepaid loan must have a balance close to zero.
LN100413,2024-10-01 00:00:00,LFC005,Prepaid Balance Validation,current_status;current_balance,current_status=Prepaid;current_balance=28735.81,error,A prepaid loan must have a balance close to zero.
LN100420,2026-04-01 00:00:00,LFC005,Prepaid Balance Validation,current_status;current_balance,current_status=Prepaid;current_balance=12143.35,error,A prepaid loan must have a balance close to zero.
LN100430,2022-09-01 00:00:00,LFC005,Prepaid Balance Validation,current_status;current_balance,current_status=Prepaid;current_balance=8767.52,error,A prepaid loan must have a balance close to zero.
LN100438,2025-07-01 00:00:00,LFC005,Prepaid Balance Validation,current_status;current_balance,current_status=Prepaid;current_balance=24514.71,error,A prepaid loan must have a balance close to zero.
LN100443,2025-03-01 00:00:00,LFC005,Prepaid Balance Validation,current_status;current_balance,current_status=Prepaid;current_balance=16538.73,error,A prepaid loan must have a balance close to zero.
LN100448,2021-11-01 00:00:00,LFC005,Prepaid Balance Validation,current_status;current_balance,current_status=Prepaid;current_balance=3139.66,error,A prepaid loan must have a balance close to zero.
LN100452,2025-07-01 00:00:00,LFC005,Prepaid Balance Validation,current_status;current_balance,current_status=Prepaid;current_balance=15494.08,error,A prepaid loan must have a balance close to zero.
LN100453,2019-10-01 00:00:00,LFC005,Prepaid Balance Validation,current_status;current_balance,current_status=Prepaid;current_balance=11775.15,error,A prepaid loan must have a balance close to zero.
LN100454,2024-07-01 00:00:00,LFC005,Prepaid Balance Validation,current_status;current_balance,current_status=Prepaid;current_balance=12782.97,error,A prepaid loan must have a balance close to zero.
LN100458,2024-12-01 00:00:00,LFC005,Prepaid Balance Validation,current_status;current_balance,current_status=Prepaid;current_balance=2077.66,error,A prepaid loan must have a balance close to zero.
LN100459,2019-02-01 00:00:00,LFC005,Prepaid Balance Validation,current_status;current_balance,current_status=Prepaid;current_balance=6338.77,error,A prepaid loan must have a balance close to zero.
LN100463,2022-12-01 00:00:00,LFC005,Prepaid Balance Validation,current_status;current_balance,current_status=Prepaid;current_balance=3720.39,error,A prepaid loan must have a balance close to zero.
LN100464,2018-04-01 00:00:00,LFC005,Prepaid Balance Validation,current_status;current_balance,current_status=Prepaid;current_balance=7752.37,error,A prepaid loan must have a balance close to zero.
LN100470,2025-02-01 00:00:00,LFC005,Prepaid Balance Validation,current_status;current_balance,current_status=Prepaid;current_balance=13614.32,error,A prepaid loan must have a balance close to zero.
LN100478,2022-08-01 00:00:00,LFC005,Prepaid Balance Validation,current_status;current_balance,current_status=Prepaid;current_balance=1598.91,error,A prepaid loan must have a balance close to zero.
LN100486,2020-05-01 00:00:00,LFC005,Prepaid Balance Validation,current_status;current_balance,current_status=Prepaid;current_balance=19384.39,error,A prepaid loan must have a balance close to zero.
LN100500,2026-03-01 00:00:00,LFC005,Prepaid Balance Validation,current_status;current_balance,current_status=Prepaid;current_balance=1562.74,error,A prepaid loan must have a balance close to zero.
LN100507,2022-10-01 00:00:00,LFC005,Prepaid Balance Validation,current_status;current_balance,current_status=Prepaid;current_balance=6066.65,error,A prepaid loan must have a balance close to zero.
LN100511,2023-03-01 00:00:00,LFC005,Prepaid Balance Validation,current_status;current_balance,current_status=Prepaid;current_balance=18762.47,error,A prepaid loan must have a balance close to zero.
LN100517,2023-03-01 00:00:00,LFC005,Prepaid Balance Validation,current_status;current_balance,current_status=Prepaid;current_balance=29051.19,error,A prepaid loan must have a balance close to zero.
LN100518,2022-06-01 00:00:00,LFC005,Prepaid Balance Validation,current_status;current_balance,current_status=Prepaid;current_balance=5298.36,error,A prepaid loan must have a balance close to zero.
LN100520,2022-12-01 00:00:00,LFC005,Prepaid Balance Validation,current_status;current_balance,current_status=Prepaid;current_balance=11652.61,error,A prepaid loan must have a balance close to zero.
LN100532,2023-04-01 00:00:00,LFC005,Prepaid Balance Validation,current_status;current_balance,current_status=Prepaid;current_balance=18979.25,error,A prepaid loan must have a balance close to zero.
LN100534,2025-09-01 00:00:00,LFC005,Prepaid Balance Validation,current_status;current_balance,current_status=Prepaid;current_balance=6990.88,error,A prepaid loan must have a balance close to zero.
LN100536,2025-07-01 00:00:00,LFC005,Prepaid Balance Validation,current_status;current_balance,current_status=Prepaid;current_balance=22611.33,error,A prepaid loan must have a balance close to zero.
LN100545,2023-08-01 00:00:00,LFC005,Prepaid Balance Validation,current_status;current_balance,current_status=Prepaid;current_balance=1924.93,error,A prepaid loan must have a balance close to zero.
LN100550,2025-09-01 00:00:00,LFC005,Prepaid Balance Validation,current_status;current_balance,current_status=Prepaid;current_balance=3308.92,error,A prepaid loan must have a balance close to zero.
LN100553,2025-05-01 00:00:00,LFC005,Prepaid Balance Validation,current_status;current_balance,current_status=Prepaid;current_balance=3035.37,error,A prepaid loan must have a balance close to zero.
LN100560,2025-12-01 00:00:00,LFC005,Prepaid Balance Validation,current_status;current_balance,current_status=Prepaid;current_balance=4575.75,error,A prepaid loan must have a balance close to zero.
LN100561,2019-10-01 00:00:00,LFC005,Prepaid Balance Validation,current_status;current_balance,current_status=Prepaid;current_balance=3846.89,error,A prepaid loan must have a balance close to zero.
LN100571,2026-06-01 00:00:00,LFC005,Prepaid Balance Validation,current_status;current_balance,current_status=Prepaid;current_balance=2422.76,error,A prepaid loan must have a balance close to zero.
LN100572,2024-08-01 00:00:00,LFC005,Prepaid Balance Validation,current_status;current_balance,current_status=Prepaid;current_balance=21759.56,error,A prepaid loan must have a balance close to zero.
LN100574,2019-11-01 00:00:00,LFC005,Prepaid Balance Validation,current_status;current_balance,current_status=Prepaid;current_balance=27651.72,error,A prepaid loan must have a balance close to zero.
LN100579,2018-12-01 00:00:00,LFC005,Prepaid Balance Validation,current_status;current_balance,current_status=Prepaid;current_balance=1194.8,error,A prepaid loan must have a balance close to zero.
LN100580,2020-09-01 00:00:00,LFC005,Prepaid Balance Validation,current_status;current_balance,current_status=Prepaid;current_balance=11365.15,error,A prepaid loan must have a balance close to zero.
LN100585,2025-11-01 00:00:00,LFC005,Prepaid Balance Validation,current_status;current_balance,current_status=Prepaid;current_balance=17850.12,error,A prepaid loan must have a balance close to zero.
LN100589,2026-04-01 00:00:00,LFC005,Prepaid Balance Validation,current_status;current_balance,current_status=Prepaid;current_balance=18885.0,error,A prepaid loan must have a balance close to zero.
LN100592,2021-05-01 00:00:00,LFC005,Prepaid Balance Validation,current_status;current_balance,current_status=Prepaid;current_balance=2161.87,error,A prepaid loan must have a balance close to zero.
LN100594,2023-02-01 00:00:00,LFC005,Prepaid Balance Validation,current_status;current_balance,current_status=Prepaid;current_balance=17329.16,error,A prepaid loan must have a balance close to zero.
LN100595,2025-01-01 00:00:00,LFC005,Prepaid Balance Validation,current_status;current_balance,current_status=Prepaid;current_balance=4215.71,error,A prepaid loan must have a balance close to zero.
LN100600,2025-09-01 00:00:00,LFC005,Prepaid Balance Validation,current_status;current_balance,current_status=Prepaid;current_balance=14791.36,error,A prepaid loan must have a balance close to zero.
LN100602,2026-03-01 00:00:00,LFC005,Prepaid Balance Validation,current_status;current_balance,current_status=Prepaid;current_balance=31470.07,error,A prepaid loan must have a balance close to zero.
LN100606,2025-08-01 00:00:00,LFC005,Prepaid Balance Validation,current_status;current_balance,current_status=Prepaid;current_balance=11617.14,error,A prepaid loan must have a balance close to zero.
LN100611,2022-11-01 00:00:00,LFC005,Prepaid Balance Validation,current_status;current_balance,current_status=Prepaid;current_balance=6510.27,error,A prepaid loan must have a balance close to zero.
LN100612,2023-07-01 00:00:00,LFC005,Prepaid Balance Validation,current_status;current_balance,current_status=Prepaid;current_balance=21559.93,error,A prepaid loan must have a balance close to zero.
LN100615,2023-06-01 00:00:00,LFC005,Prepaid Balance Validation,current_status;current_balance,current_status=Prepaid;current_balance=24967.26,error,A prepaid loan must have a balance close to zero.
LN100621,2022-10-01 00:00:00,LFC005,Prepaid Balance Validation,current_status;current_balance,current_status=Prepaid;current_balance=15348.31,error,A prepaid loan must have a balance close to zero.
LN100624,2022-03-01 00:00:00,LFC005,Prepaid Balance Validation,current_status;current_balance,current_status=Prepaid;current_balance=1030.95,error,A prepaid loan must have a balance close to zero.
LN100625,2021-07-01 00:00:00,LFC005,Prepaid Balance Validation,current_status;current_balance,current_status=Prepaid;current_balance=13366.83,error,A prepaid loan must have a balance close to zero.
LN100633,2021-05-01 00:00:00,LFC005,Prepaid Balance Validation,current_status;current_balance,current_status=Prepaid;current_balance=15199.15,error,A prepaid loan must have a balance close to zero.
LN100638,2025-09-01 00:00:00,LFC005,Prepaid Balance Validation,current_status;current_balance,current_status=Prepaid;current_balance=15734.05,error,A prepaid loan must have a balance close to zero.
LN100647,2024-11-01 00:00:00,LFC005,Prepaid Balance Validation,current_status;current_balance,current_status=Prepaid;current_balance=42011.3,error,A prepaid loan must have a balance close to zero.
LN100656,2024-09-01 00:00:00,LFC005,Prepaid Balance Validation,current_status;current_balance,current_status=Prepaid;current_balance=5288.18,error,A prepaid loan must have a balance close to zero.
LN100664,2023-03-01 00:00:00,LFC005,Prepaid Balance Validation,current_status;current_balance,current_status=Prepaid;current_balance=14008.58,error,A prepaid loan must have a balance close to zero.
LN100672,2022-08-01 00:00:00,LFC005,Prepaid Balance Validation,current_status;current_balance,current_status=Prepaid;current_balance=8827.1,error,A prepaid loan must have a balance close to zero.
LN100675,2024-11-01 00:00:00,LFC005,Prepaid Balance Validation,current_status;current_balance,current_status=Prepaid;current_balance=12792.91,error,A prepaid loan must have a balance close to zero.
LN100676,2022-06-01 00:00:00,LFC005,Prepaid Balance Validation,current_status;current_balance,current_status=Prepaid;current_balance=17187.74,error,A prepaid loan must have a balance close to zero.
LN100678,2023-01-01 00:00:00,LFC005,Prepaid Balance Validation,current_status;current_balance,current_status=Prepaid;current_balance=2747.09,error,A prepaid loan must have a balance close to zero.
LN100684,2020-01-01 00:00:00,LFC005,Prepaid Balance Validation,current_status;current_balance,current_status=Prepaid;current_balance=1665.37,error,A prepaid loan must have a balance close to zero.
LN100685,2024-05-01 00:00:00,LFC005,Prepaid Balance Validation,current_status;current_balance,current_status=Prepaid;current_balance=17613.88,error,A prepaid loan must have a balance close to zero.
LN100687,2024-06-01 00:00:00,LFC005,Prepaid Balance Validation,current_status;current_balance,current_status=Prepaid;current_balance=37426.22,error,A prepaid loan must have a balance close to zero.
LN100688,2023-08-01 00:00:00,LFC005,Prepaid Balance Validation,current_status;current_balance,current_status=Prepaid;current_balance=15371.14,error,A prepaid loan must have a balance close to zero.
LN100696,2023-11-01 00:00:00,LFC005,Prepaid Balance Validation,current_status;current_balance,current_status=Prepaid;current_balance=11303.9,error,A prepaid loan must have a balance close to zero.
LN100700,2026-02-01 00:00:00,LFC005,Prepaid Balance Validation,current_status;current_balance,current_status=Prepaid;current_balance=20060.37,error,A prepaid loan must have a balance close to zero.
LN100705,2022-06-01 00:00:00,LFC005,Prepaid Balance Validation,current_status;current_balance,current_status=Prepaid;current_balance=4080.06,error,A prepaid loan must have a balance close to zero.
LN100710,2023-03-01 00:00:00,LFC005,Prepaid Balance Validation,current_status;current_balance,current_status=Prepaid;current_balance=20561.67,error,A prepaid loan must have a balance close to zero.
LN100714,2025-05-01 00:00:00,LFC005,Prepaid Balance Validation,current_status;current_balance,current_status=Prepaid;current_balance=10513.2,error,A prepaid loan must have a balance close to zero.
LN100715,2023-08-01 00:00:00,LFC005,Prepaid Balance Validation,current_status;current_balance,current_status=Prepaid;current_balance=12666.27,error,A prepaid loan must have a balance close to zero.
LN100716,2025-04-01 00:00:00,LFC005,Prepaid Balance Validation,current_status;current_balance,current_status=Prepaid;current_balance=15084.28,error,A prepaid loan must have a balance close to zero.
LN100718,2021-11-01 00:00:00,LFC005,Prepaid Balance Validation,current_status;current_balance,current_status=Prepaid;current_balance=35977.29,error,A prepaid loan must have a balance close to zero.
LN100724,2025-08-01 00:00:00,LFC005,Prepaid Balance Validation,current_status;current_balance,current_status=Prepaid;current_balance=1187.65,error,A prepaid loan must have a balance close to zero.
LN100729,2026-03-01 00:00:00,LFC005,Prepaid Balance Validation,current_status;current_balance,current_status=Prepaid;current_balance=18464.78,error,A prepaid loan must have a balance close to zero.
LN100744,2025-07-01 00:00:00,LFC005,Prepaid Balance Validation,current_status;current_balance,current_status=Prepaid;current_balance=29701.72,error,A prepaid loan must have a balance close to zero.
LN100745,2023-12-01 00:00:00,LFC005,Prepaid Balance Validation,current_status;current_balance,current_status=Prepaid;current_balance=14855.56,error,A prepaid loan must have a balance close to zero.
LN100748,2022-03-01 00:00:00,LFC005,Prepaid Balance Validation,current_status;current_balance,current_status=Prepaid;current_balance=8417.81,error,A prepaid loan must have a balance close to zero.
LN100754,2024-02-01 00:00:00,LFC005,Prepaid Balance Validation,current_status;current_balance,current_status=Prepaid;current_balance=32557.9,error,A prepaid loan must have a balance close to zero.
LN100764,2025-12-01 00:00:00,LFC005,Prepaid Balance Validation,current_status;current_balance,current_status=Prepaid;current_balance=5390.82,error,A prepaid loan must have a balance close to zero.
LN100772,2020-02-01 00:00:00,LFC005,Prepaid Balance Validation,current_status;current_balance,current_status=Prepaid;current_balance=21363.79,error,A prepaid loan must have a balance close to zero.
LN100780,2025-10-01 00:00:00,LFC005,Prepaid Balance Validation,current_status;current_balance,current_status=Prepaid;current_balance=10366.24,error,A prepaid loan must have a balance close to zero.
LN100787,2025-02-01 00:00:00,LFC005,Prepaid Balance Validation,current_status;current_balance,current_status=Prepaid;current_balance=9262.61,error,A prepaid loan must have a balance close to zero.
LN100788,2022-03-01 00:00:00,LFC005,Prepaid Balance Validation,current_status;current_balance,current_status=Prepaid;current_balance=2487.38,error,A prepaid loan must have a balance close to zero.
LN100790,2024-12-01 00:00:00,LFC005,Prepaid Balance Validation,current_status;current_balance,current_status=Prepaid;current_balance=6993.37,error,A prepaid loan must have a balance close to zero.
LN100792,2026-05-01 00:00:00,LFC005,Prepaid Balance Validation,current_status;current_balance,current_status=Prepaid;current_balance=18154.4,error,A prepaid loan must have a balance close to zero.
LN100793,2026-03-01 00:00:00,LFC005,Prepaid Balance Validation,current_status;current_balance,current_status=Prepaid;current_balance=24178.86,error,A prepaid loan must have a balance close to zero.
LN100794,2026-05-01 00:00:00,LFC005,Prepaid Balance Validation,current_status;current_balance,current_status=Prepaid;current_balance=10525.68,error,A prepaid loan must have a balance close to zero.
LN100795,2020-05-01 00:00:00,LFC005,Prepaid Balance Validation,current_status;current_balance,current_status=Prepaid;current_balance=15836.3,error,A prepaid loan must have a balance close to zero.
LN100798,2020-05-01 00:00:00,LFC005,Prepaid Balance Validation,current_status;current_balance,current_status=Prepaid;current_balance=13510.43,error,A prepaid loan must have a balance close to zero.
LN100800,2023-12-01 00:00:00,LFC005,Prepaid Balance Validation,current_status;current_balance,current_status=Prepaid;current_balance=2611.2,error,A prepaid loan must have a balance close to zero.
LN100801,2021-07-01 00:00:00,LFC005,Prepaid Balance Validation,current_status;current_balance,current_status=Prepaid;current_balance=16445.36,error,A prepaid loan must have a balance close to zero.
LN100805,2024-07-01 00:00:00,LFC005,Prepaid Balance Validation,current_status;current_balance,current_status=Prepaid;current_balance=8165.24,error,A prepaid loan must have a balance close to zero.
LN100811,2025-02-01 00:00:00,LFC005,Prepaid Balance Validation,current_status;current_balance,current_status=Prepaid;current_balance=5923.54,error,A prepaid loan must have a balance close to zero.
LN100817,2022-04-01 00:00:00,LFC005,Prepaid Balance Validation,current_status;current_balance,current_status=Prepaid;current_balance=19194.99,error,A prepaid loan must have a balance close to zero.
LN100820,2018-12-01 00:00:00,LFC005,Prepaid Balance Validation,current_status;current_balance,current_status=Prepaid;current_balance=19692.14,error,A prepaid loan must have a balance close to zero.
LN100823,2023-08-01 00:00:00,LFC005,Prepaid Balance Validation,current_status;current_balance,current_status=Prepaid;current_balance=2286.31,error,A prepaid loan must have a balance close to zero.
LN100824,2023-03-01 00:00:00,LFC005,Prepaid Balance Validation,current_status;current_balance,current_status=Prepaid;current_balance=4826.94,error,A prepaid loan must have a balance close to zero.
LN100829,2019-09-01 00:00:00,LFC005,Prepaid Balance Validation,current_status;current_balance,current_status=Prepaid;current_balance=8239.91,error,A prepaid loan must have a balance close to zero.
LN100838,2021-03-01 00:00:00,LFC005,Prepaid Balance Validation,current_status;current_balance,current_status=Prepaid;current_balance=6165.32,error,A prepaid loan must have a balance close to zero.
LN100843,2024-04-01 00:00:00,LFC005,Prepaid Balance Validation,current_status;current_balance,current_status=Prepaid;current_balance=3010.46,error,A prepaid loan must have a balance close to zero.
LN100845,2020-08-01 00:00:00,LFC005,Prepaid Balance Validation,current_status;current_balance,current_status=Prepaid;current_balance=3722.53,error,A prepaid loan must have a balance close to zero.
LN100858,2022-10-01 00:00:00,LFC005,Prepaid Balance Validation,current_status;current_balance,current_status=Prepaid;current_balance=8821.06,error,A prepaid loan must have a balance close to zero.
LN100859,2025-03-01 00:00:00,LFC005,Prepaid Balance Validation,current_status;current_balance,current_status=Prepaid;current_balance=28093.99,error,A prepaid loan must have a balance close to zero.
LN100862,2022-01-01 00:00:00,LFC005,Prepaid Balance Validation,current_status;current_balance,current_status=Prepaid;current_balance=4926.3,error,A prepaid loan must have a balance close to zero.
LN100866,2025-11-01 00:00:00,LFC005,Prepaid Balance Validation,current_status;current_balance,current_status=Prepaid;current_balance=27380.55,error,A prepaid loan must have a balance close to zero.
LN100868,2026-04-01 00:00:00,LFC005,Prepaid Balance Validation,current_status;current_balance,current_status=Prepaid;current_balance=29216.93,error,A prepaid loan must have a balance close to zero.
LN100870,2022-03-01 00:00:00,LFC005,Prepaid Balance Validation,current_status;current_balance,current_status=Prepaid;current_balance=13188.09,error,A prepaid loan must have a balance close to zero.
LN100873,2021-10-01 00:00:00,LFC005,Prepaid Balance Validation,current_status;current_balance,current_status=Prepaid;current_balance=8507.71,error,A prepaid loan must have a balance close to zero.
LN100877,2025-11-01 00:00:00,LFC005,Prepaid Balance Validation,current_status;current_balance,current_status=Prepaid;current_balance=16201.55,error,A prepaid loan must have a balance close to zero.
LN100880,2019-02-01 00:00:00,LFC005,Prepaid Balance Validation,current_status;current_balance,current_status=Prepaid;current_balance=1180.39,error,A prepaid loan must have a balance close to zero.
LN100882,2026-01-01 00:00:00,LFC005,Prepaid Balance Validation,current_status;current_balance,current_status=Prepaid;current_balance=1981.36,error,A prepaid loan must have a balance close to zero.
LN100892,2022-08-01 00:00:00,LFC005,Prepaid Balance Validation,current_status;current_balance,current_status=Prepaid;current_balance=10121.33,error,A prepaid loan must have a balance close to zero.
LN100897,2019-07-01 00:00:00,LFC005,Prepaid Balance Validation,current_status;current_balance,current_status=Prepaid;current_balance=4537.65,error,A prepaid loan must have a balance close to zero.
LN100898,2021-04-01 00:00:00,LFC005,Prepaid Balance Validation,current_status;current_balance,current_status=Prepaid;current_balance=39805.38,error,A prepaid loan must have a balance close to zero.
LN100899,2022-09-01 00:00:00,LFC005,Prepaid Balance Validation,current_status;current_balance,current_status=Prepaid;current_balance=10784.88,error,A prepaid loan must have a balance close to zero.
LN100908,2021-09-01 00:00:00,LFC005,Prepaid Balance Validation,current_status;current_balance,current_status=Prepaid;current_balance=1067.47,error,A prepaid loan must have a balance close to zero.
LN100912,2024-11-01 00:00:00,LFC005,Prepaid Balance Validation,current_status;current_balance,current_status=Prepaid;current_balance=11173.03,error,A prepaid loan must have a balance close to zero.
LN100919,2025-09-01 00:00:00,LFC005,Prepaid Balance Validation,current_status;current_balance,current_status=Prepaid;current_balance=22546.92,error,A prepaid loan must have a balance close to zero.
LN100922,2021-03-01 00:00:00,LFC005,Prepaid Balance Validation,current_status;current_balance,current_status=Prepaid;current_balance=8865.22,error,A prepaid loan must have a balance close to zero.
LN100923,2025-10-01 00:00:00,LFC005,Prepaid Balance Validation,current_status;current_balance,current_status=Prepaid;current_balance=7023.95,error,A prepaid loan must have a balance close to zero.
LN100932,2024-03-01 00:00:00,LFC005,Prepaid Balance Validation,current_status;current_balance,current_status=Prepaid;current_balance=1379.81,error,A prepaid loan must have a balance close to zero.
LN100933,2023-02-01 00:00:00,LFC005,Prepaid Balance Validation,current_status;current_balance,current_status=Prepaid;current_balance=11956.29,error,A prepaid loan must have a balance close to zero.
LN100936,2019-03-01 00:00:00,LFC005,Prepaid Balance Validation,current_status;current_balance,current_status=Prepaid;current_balance=7199.2,error,A prepaid loan must have a balance close to zero.
LN100949,2022-08-01 00:00:00,LFC005,Prepaid Balance Validation,current_status;current_balance,current_status=Prepaid;current_balance=85108.17,error,A prepaid loan must have a balance close to zero.
LN100952,2024-06-01 00:00:00,LFC005,Prepaid Balance Validation,current_status;current_balance,current_status=Prepaid;current_balance=19060.76,error,A prepaid loan must have a balance close to zero.
LN100953,2025-09-01 00:00:00,LFC005,Prepaid Balance Validation,current_status;current_balance,current_status=Prepaid;current_balance=11722.67,error,A prepaid loan must have a balance close to zero.
LN100954,2025-10-01 00:00:00,LFC005,Prepaid Balance Validation,current_status;current_balance,current_status=Prepaid;current_balance=13559.95,error,A prepaid loan must have a balance close to zero.
LN100972,2026-01-01 00:00:00,LFC005,Prepaid Balance Validation,current_status;current_balance,current_status=Prepaid;current_balance=7956.74,error,A prepaid loan must have a balance close to zero.
LN100975,2019-07-01 00:00:00,LFC005,Prepaid Balance Validation,current_status;current_balance,current_status=Prepaid;current_balance=12443.32,error,A prepaid loan must have a balance close to zero.
LN100978,2025-07-01 00:00:00,LFC005,Prepaid Balance Validation,current_status;current_balance,current_status=Prepaid;current_balance=23854.2,error,A prepaid loan must have a balance close to zero.
LN100982,2024-04-01 00:00:00,LFC005,Prepaid Balance Validation,current_status;current_balance,current_status=Prepaid;current_balance=18951.15,error,A prepaid loan must have a balance close to zero.
LN100987,2022-06-01 00:00:00,LFC005,Prepaid Balance Validation,current_status;current_balance,current_status=Prepaid;current_balance=4004.07,error,A prepaid loan must have a balance close to zero.
LN100995,2023-04-01 00:00:00,LFC005,Prepaid Balance Validation,current_status;current_balance,current_status=Prepaid;current_balance=15076.06,error,A prepaid loan must have a balance close to zero.
LN101001,2024-08-01 00:00:00,LFC005,Prepaid Balance Validation,current_status;current_balance,current_status=Prepaid;current_balance=27051.66,error,A prepaid loan must have a balance close to zero.
LN101002,2022-11-01 00:00:00,LFC005,Prepaid Balance Validation,current_status;current_balance,current_status=Prepaid;current_balance=2991.08,error,A prepaid loan must have a balance close to zero.
LN101003,2026-04-01 00:00:00,LFC005,Prepaid Balance Validation,current_status;current_balance,current_status=Prepaid;current_balance=11454.17,error,A prepaid loan must have a balance close to zero.
LN101012,2020-03-01 00:00:00,LFC005,Prepaid Balance Validation,current_status;current_balance,current_status=Prepaid;current_balance=14083.67,error,A prepaid loan must have a balance close to zero.
LN101024,2025-10-01 00:00:00,LFC005,Prepaid Balance Validation,current_status;current_balance,current_status=Prepaid;current_balance=38180.92,error,A prepaid loan must have a balance close to zero.
LN101027,2025-03-01 00:00:00,LFC005,Prepaid Balance Validation,current_status;current_balance,current_status=Prepaid;current_balance=7157.09,error,A prepaid loan must have a balance close to zero.
LN101031,2021-10-01 00:00:00,LFC005,Prepaid Balance Validation,current_status;current_balance,current_status=Prepaid;current_balance=13728.03,error,A prepaid loan must have a balance close to zero.
LN101039,2026-07-01 00:00:00,LFC005,Prepaid Balance Validation,current_status;current_balance,current_status=Prepaid;current_balance=13103.86,error,A prepaid loan must have a balance close to zero.
LN101052,2025-05-01 00:00:00,LFC005,Prepaid Balance Validation,current_status;current_balance,current_status=Prepaid;current_balance=21192.42,error,A prepaid loan must have a balance close to zero.
LN101053,2025-02-01 00:00:00,LFC005,Prepaid Balance Validation,current_status;current_balance,current_status=Prepaid;current_balance=15668.34,error,A prepaid loan must have a balance close to zero.
LN101054,2018-10-01 00:00:00,LFC005,Prepaid Balance Validation,current_status;current_balance,current_status=Prepaid;current_balance=16588.29,error,A prepaid loan must have a balance close to zero.
LN101055,2026-06-01 00:00:00,LFC005,Prepaid Balance Validation,current_status;current_balance,current_status=Prepaid;current_balance=4744.19,error,A prepaid loan must have a balance close to zero.
LN101056,2025-06-01 00:00:00,LFC005,Prepaid Balance Validation,current_status;current_balance,current_status=Prepaid;current_balance=36322.72,error,A prepaid loan must have a balance close to zero.
LN101062,2020-07-01 00:00:00,LFC005,Prepaid Balance Validation,current_status;current_balance,current_status=Prepaid;current_balance=8181.85,error,A prepaid loan must have a balance close to zero.
LN101066,2024-07-01 00:00:00,LFC005,Prepaid Balance Validation,current_status;current_balance,current_status=Prepaid;current_balance=15978.07,error,A prepaid loan must have a balance close to zero.
LN101070,2022-10-01 00:00:00,LFC005,Prepaid Balance Validation,current_status;current_balance,current_status=Prepaid;current_balance=18810.31,error,A prepaid loan must have a balance close to zero.
LN101073,2026-06-01 00:00:00,LFC005,Prepaid Balance Validation,current_status;current_balance,current_status=Prepaid;current_balance=10435.51,error,A prepaid loan must have a balance close to zero.
LN101076,2025-11-01 00:00:00,LFC005,Prepaid Balance Validation,current_status;current_balance,current_status=Prepaid;current_balance=10856.81,error,A prepaid loan must have a balance close to zero.
LN101084,2019-07-01 00:00:00,LFC005,Prepaid Balance Validation,current_status;current_balance,current_status=Prepaid;current_balance=20449.12,error,A prepaid loan must have a balance close to zero.
LN101090,2021-12-01 00:00:00,LFC005,Prepaid Balance Validation,current_status;current_balance,current_status=Prepaid;current_balance=7544.67,error,A prepaid loan must have a balance close to zero.
LN101094,2026-01-01 00:00:00,LFC005,Prepaid Balance Validation,current_status;current_balance,current_status=Prepaid;current_balance=19809.55,error,A prepaid loan must have a balance close to zero.
LN101104,2021-08-01 00:00:00,LFC005,Prepaid Balance Validation,current_status;current_balance,current_status=Prepaid;current_balance=8725.35,error,A prepaid loan must have a balance close to zero.
LN101106,2023-01-01 00:00:00,LFC005,Prepaid Balance Validation,current_status;current_balance,current_status=Prepaid;current_balance=5777.72,error,A prepaid loan must have a balance close to zero.
LN101111,2020-07-01 00:00:00,LFC005,Prepaid Balance Validation,current_status;current_balance,current_status=Prepaid;current_balance=25918.64,error,A prepaid loan must have a balance close to zero.
LN101112,2022-01-01 00:00:00,LFC005,Prepaid Balance Validation,current_status;current_balance,current_status=Prepaid;current_balance=23864.62,error,A prepaid loan must have a balance close to zero.
LN101119,2022-12-01 00:00:00,LFC005,Prepaid Balance Validation,current_status;current_balance,current_status=Prepaid;current_balance=22273.67,error,A prepaid loan must have a balance close to zero.
LN101120,2025-11-01 00:00:00,LFC005,Prepaid Balance Validation,current_status;current_balance,current_status=Prepaid;current_balance=8708.92,error,A prepaid loan must have a balance close to zero.
LN101124,2025-12-01 00:00:00,LFC005,Prepaid Balance Validation,current_status;current_balance,current_status=Prepaid;current_balance=43542.4,error,A prepaid loan must have a balance close to zero.
LN101125,2024-06-01 00:00:00,LFC005,Prepaid Balance Validation,current_status;current_balance,current_status=Prepaid;current_balance=10004.6,error,A prepaid loan must have a balance close to zero.
LN101129,2023-03-01 00:00:00,LFC005,Prepaid Balance Validation,current_status;current_balance,current_status=Prepaid;current_balance=6543.42,error,A prepaid loan must have a balance close to zero.
LN101131,2024-06-01 00:00:00,LFC005,Prepaid Balance Validation,current_status;current_balance,current_status=Prepaid;current_balance=24144.99,error,A prepaid loan must have a balance close to zero.
LN101135,2020-03-01 00:00:00,LFC005,Prepaid Balance Validation,current_status;current_balance,current_status=Prepaid;current_balance=9976.6,error,A prepaid loan must have a balance close to zero.
LN101137,2021-09-01 00:00:00,LFC005,Prepaid Balance Validation,current_status;current_balance,current_status=Prepaid;current_balance=33905.07,error,A prepaid loan must have a balance close to zero.
LN101138,2024-04-01 00:00:00,LFC005,Prepaid Balance Validation,current_status;current_balance,current_status=Prepaid;current_balance=7697.99,error,A prepaid loan must have a balance close to zero.
LN101145,2025-11-01 00:00:00,LFC005,Prepaid Balance Validation,current_status;current_balance,current_status=Prepaid;current_balance=8382.38,error,A prepaid loan must have a balance close to zero.
LN101147,2024-11-01 00:00:00,LFC005,Prepaid Balance Validation,current_status;current_balance,current_status=Prepaid;current_balance=23430.93,error,A prepaid loan must have a balance close to zero.
LN101148,2024-01-01 00:00:00,LFC005,Prepaid Balance Validation,current_status;current_balance,current_status=Prepaid;current_balance=8662.08,error,A prepaid loan must have a balance close to zero.
LN101155,2022-03-01 00:00:00,LFC005,Prepaid Balance Validation,current_status;current_balance,current_status=Prepaid;current_balance=3227.17,error,A prepaid loan must have a balance close to zero.
LN101161,2024-01-01 00:00:00,LFC005,Prepaid Balance Validation,current_status;current_balance,current_status=Prepaid;current_balance=12770.01,error,A prepaid loan must have a balance close to zero.
LN101164,2024-09-01 00:00:00,LFC005,Prepaid Balance Validation,current_status;current_balance,current_status=Prepaid;current_balance=5465.52,error,A prepaid loan must have a balance close to zero.
LN101166,2025-01-01 00:00:00,LFC005,Prepaid Balance Validation,current_status;current_balance,current_status=Prepaid;current_balance=3363.48,error,A prepaid loan must have a balance close to zero.
LN101168,2025-12-01 00:00:00,LFC005,Prepaid Balance Validation,current_status;current_balance,current_status=Prepaid;current_balance=8596.81,error,A prepaid loan must have a balance close to zero.
LN101169,2025-01-01 00:00:00,LFC005,Prepaid Balance Validation,current_status;current_balance,current_status=Prepaid;current_balance=75424.85,error,A prepaid loan must have a balance close to zero.
LN101172,2021-07-01 00:00:00,LFC005,Prepaid Balance Validation,current_status;current_balance,current_status=Prepaid;current_balance=3316.76,error,A prepaid loan must have a balance close to zero.
LN101175,2023-05-01 00:00:00,LFC005,Prepaid Balance Validation,current_status;current_balance,current_status=Prepaid;current_balance=8276.25,error,A prepaid loan must have a balance close to zero.
LN101176,2021-04-01 00:00:00,LFC005,Prepaid Balance Validation,current_status;current_balance,current_status=Prepaid;current_balance=14960.61,error,A prepaid loan must have a balance close to zero.
LN101178,2020-11-01 00:00:00,LFC005,Prepaid Balance Validation,current_status;current_balance,current_status=Prepaid;current_balance=3959.53,error,A prepaid loan must have a balance close to zero.
LN101187,2026-04-01 00:00:00,LFC005,Prepaid Balance Validation,current_status;current_balance,current_status=Prepaid;current_balance=5890.84,error,A prepaid loan must have a balance close to zero.
LN101189,2025-01-01 00:00:00,LFC005,Prepaid Balance Validation,current_status;current_balance,current_status=Prepaid;current_balance=13952.25,error,A prepaid loan must have a balance close to zero.
LN101193,2024-10-01 00:00:00,LFC005,Prepaid Balance Validation,current_status;current_balance,current_status=Prepaid;current_balance=29431.07,error,A prepaid loan must have a balance close to zero.
LN101194,2023-02-01 00:00:00,LFC005,Prepaid Balance Validation,current_status;current_balance,current_status=Prepaid;current_balance=2600.84,error,A prepaid loan must have a balance close to zero.
LN101198,2025-02-01 00:00:00,LFC005,Prepaid Balance Validation,current_status;current_balance,current_status=Prepaid;current_balance=3349.62,error,A prepaid loan must have a balance close to zero.
LN101199,2022-09-01 00:00:00,LFC005,Prepaid Balance Validation,current_status;current_balance,current_status=Prepaid;current_balance=24271.2,error,A prepaid loan must have a balance close to zero.
LN101206,2022-08-01 00:00:00,LFC005,Prepaid Balance Validation,current_status;current_balance,current_status=Prepaid;current_balance=10571.85,error,A prepaid loan must have a balance close to zero.
LN101214,2019-01-01 00:00:00,LFC005,Prepaid Balance Validation,current_status;current_balance,current_status=Prepaid;current_balance=23650.71,error,A prepaid loan must have a balance close to zero.
LN101215,2019-12-01 00:00:00,LFC005,Prepaid Balance Validation,current_status;current_balance,current_status=Prepaid;current_balance=14638.58,error,A prepaid loan must have a balance close to zero.
LN101217,2025-04-01 00:00:00,LFC005,Prepaid Balance Validation,current_status;current_balance,current_status=Prepaid;current_balance=12556.04,error,A prepaid loan must have a balance close to zero.
LN101219,2023-10-01 00:00:00,LFC005,Prepaid Balance Validation,current_status;current_balance,current_status=Prepaid;current_balance=1416.27,error,A prepaid loan must have a balance close to zero.
LN101223,2024-06-01 00:00:00,LFC005,Prepaid Balance Validation,current_status;current_balance,current_status=Prepaid;current_balance=5171.16,error,A prepaid loan must have a balance close to zero.
LN101226,2023-09-01 00:00:00,LFC005,Prepaid Balance Validation,current_status;current_balance,current_status=Prepaid;current_balance=25146.63,error,A prepaid loan must have a balance close to zero.
LN101238,2021-03-01 00:00:00,LFC005,Prepaid Balance Validation,current_status;current_balance,current_status=Prepaid;current_balance=13221.03,error,A prepaid loan must have a balance close to zero.
LN101240,2023-11-01 00:00:00,LFC005,Prepaid Balance Validation,current_status;current_balance,current_status=Prepaid;current_balance=11074.93,error,A prepaid loan must have a balance close to zero.
LN101249,2026-05-01 00:00:00,LFC005,Prepaid Balance Validation,current_status;current_balance,current_status=Prepaid;current_balance=13509.83,error,A prepaid loan must have a balance close to zero.
LN101252,2023-03-01 00:00:00,LFC005,Prepaid Balance Validation,current_status;current_balance,current_status=Prepaid;current_balance=54878.47,error,A prepaid loan must have a balance close to zero.
LN101279,2025-04-01 00:00:00,LFC005,Prepaid Balance Validation,current_status;current_balance,current_status=Prepaid;current_balance=13670.4,error,A prepaid loan must have a balance close to zero.
LN101280,2023-08-01 00:00:00,LFC005,Prepaid Balance Validation,current_status;current_balance,current_status=Prepaid;current_balance=6435.68,error,A prepaid loan must have a balance close to zero.
LN101285,2022-10-01 00:00:00,LFC005,Prepaid Balance Validation,current_status;current_balance,current_status=Prepaid;current_balance=3334.11,error,A prepaid loan must have a balance close to zero.
LN101290,2026-04-01 00:00:00,LFC005,Prepaid Balance Validation,current_status;current_balance,current_status=Prepaid;current_balance=9533.53,error,A prepaid loan must have a balance close to zero.
LN101297,2024-08-01 00:00:00,LFC005,Prepaid Balance Validation,current_status;current_balance,current_status=Prepaid;current_balance=50585.79,error,A prepaid loan must have a balance close to zero.
LN101299,2023-10-01 00:00:00,LFC005,Prepaid Balance Validation,current_status;current_balance,current_status=Prepaid;current_balance=23328.29,error,A prepaid loan must have a balance close to zero.
LN101301,2022-06-01 00:00:00,LFC005,Prepaid Balance Validation,current_status;current_balance,current_status=Prepaid;current_balance=10684.75,error,A prepaid loan must have a balance close to zero.
LN101310,2022-05-01 00:00:00,LFC005,Prepaid Balance Validation,current_status;current_balance,current_status=Prepaid;current_balance=30268.15,error,A prepaid loan must have a balance close to zero.
LN101312,2024-01-01 00:00:00,LFC005,Prepaid Balance Validation,current_status;current_balance,current_status=Prepaid;current_balance=27130.82,error,A prepaid loan must have a balance close to zero.
LN101319,2023-02-01 00:00:00,LFC005,Prepaid Balance Validation,current_status;current_balance,current_status=Prepaid;current_balance=9707.24,error,A prepaid loan must have a balance close to zero.
LN101323,2024-12-01 00:00:00,LFC005,Prepaid Balance Validation,current_status;current_balance,current_status=Prepaid;current_balance=6567.27,error,A prepaid loan must have a balance close to zero.
LN101331,2026-06-01 00:00:00,LFC005,Prepaid Balance Validation,current_status;current_balance,current_status=Prepaid;current_balance=8772.23,error,A prepaid loan must have a balance close to zero.
LN101332,2021-07-01 00:00:00,LFC005,Prepaid Balance Validation,current_status;current_balance,current_status=Prepaid;current_balance=9610.24,error,A prepaid loan must have a balance close to zero.
LN101340,2024-09-01 00:00:00,LFC005,Prepaid Balance Validation,current_status;current_balance,current_status=Prepaid;current_balance=3894.96,error,A prepaid loan must have a balance close to zero.
LN101344,2022-10-01 00:00:00,LFC005,Prepaid Balance Validation,current_status;current_balance,current_status=Prepaid;current_balance=14771.17,error,A prepaid loan must have a balance close to zero.
LN101346,2025-12-01 00:00:00,LFC005,Prepaid Balance Validation,current_status;current_balance,current_status=Prepaid;current_balance=7657.43,error,A prepaid loan must have a balance close to zero.
LN101354,2022-12-01 00:00:00,LFC005,Prepaid Balance Validation,current_status;current_balance,current_status=Prepaid;current_balance=5072.17,error,A prepaid loan must have a balance close to zero.
LN101357,2019-03-01 00:00:00,LFC005,Prepaid Balance Validation,current_status;current_balance,current_status=Prepaid;current_balance=3612.25,error,A prepaid loan must have a balance close to zero.
LN101358,2020-05-01 00:00:00,LFC005,Prepaid Balance Validation,current_status;current_balance,current_status=Prepaid;current_balance=7263.39,error,A prepaid loan must have a balance close to zero.
LN101365,2018-03-01 00:00:00,LFC005,Prepaid Balance Validation,current_status;current_balance,current_status=Prepaid;current_balance=19196.17,error,A prepaid loan must have a balance close to zero.
LN101367,2022-04-01 00:00:00,LFC005,Prepaid Balance Validation,current_status;current_balance,current_status=Prepaid;current_balance=21665.44,error,A prepaid loan must have a balance close to zero.
LN101370,2026-01-01 00:00:00,LFC005,Prepaid Balance Validation,current_status;current_balance,current_status=Prepaid;current_balance=3654.22,error,A prepaid loan must have a balance close to zero.
LN101371,2023-02-01 00:00:00,LFC005,Prepaid Balance Validation,current_status;current_balance,current_status=Prepaid;current_balance=1377.54,error,A prepaid loan must have a balance close to zero.
LN101373,2026-03-01 00:00:00,LFC005,Prepaid Balance Validation,current_status;current_balance,current_status=Prepaid;current_balance=7718.72,error,A prepaid loan must have a balance close to zero.
LN101379,2025-01-01 00:00:00,LFC005,Prepaid Balance Validation,current_status;current_balance,current_status=Prepaid;current_balance=5787.25,error,A prepaid loan must have a balance close to zero.
LN101382,2021-11-01 00:00:00,LFC005,Prepaid Balance Validation,current_status;current_balance,current_status=Prepaid;current_balance=23757.19,error,A prepaid loan must have a balance close to zero.
LN101402,2024-12-01 00:00:00,LFC005,Prepaid Balance Validation,current_status;current_balance,current_status=Prepaid;current_balance=14406.39,error,A prepaid loan must have a balance close to zero.
LN101406,2023-12-01 00:00:00,LFC005,Prepaid Balance Validation,current_status;current_balance,current_status=Prepaid;current_balance=21839.27,error,A prepaid loan must have a balance close to zero.
LN101409,2026-02-01 00:00:00,LFC005,Prepaid Balance Validation,current_status;current_balance,current_status=Prepaid;current_balance=5791.53,error,A prepaid loan must have a balance close to zero.
LN101413,2025-07-01 00:00:00,LFC005,Prepaid Balance Validation,current_status;current_balance,current_status=Prepaid;current_balance=7432.72,error,A prepaid loan must have a balance close to zero.
LN101419,2023-01-01 00:00:00,LFC005,Prepaid Balance Validation,current_status;current_balance,current_status=Prepaid;current_balance=8504.62,error,A prepaid loan must have a balance close to zero.
LN101422,2024-11-01 00:00:00,LFC005,Prepaid Balance Validation,current_status;current_balance,current_status=Prepaid;current_balance=7513.41,error,A prepaid loan must have a balance close to zero.
LN101430,2023-10-01 00:00:00,LFC005,Prepaid Balance Validation,current_status;current_balance,current_status=Prepaid;current_balance=5845.22,error,A prepaid loan must have a balance close to zero.
LN101431,2025-04-01 00:00:00,LFC005,Prepaid Balance Validation,current_status;current_balance,current_status=Prepaid;current_balance=7748.8,error,A prepaid loan must have a balance close to zero.
LN101440,2024-12-01 00:00:00,LFC005,Prepaid Balance Validation,current_status;current_balance,current_status=Prepaid;current_balance=1295.86,error,A prepaid loan must have a balance close to zero.
LN101449,2023-11-01 00:00:00,LFC005,Prepaid Balance Validation,current_status;current_balance,current_status=Prepaid;current_balance=3262.66,error,A prepaid loan must have a balance close to zero.
LN101450,2023-01-01 00:00:00,LFC005,Prepaid Balance Validation,current_status;current_balance,current_status=Prepaid;current_balance=9615.1,error,A prepaid loan must have a balance close to zero.
LN101451,2023-02-01 00:00:00,LFC005,Prepaid Balance Validation,current_status;current_balance,current_status=Prepaid;current_balance=5981.98,error,A prepaid loan must have a balance close to zero.
LN101453,2020-01-01 00:00:00,LFC005,Prepaid Balance Validation,current_status;current_balance,current_status=Prepaid;current_balance=24468.39,error,A prepaid loan must have a balance close to zero.
LN101454,2024-02-01 00:00:00,LFC005,Prepaid Balance Validation,current_status;current_balance,current_status=Prepaid;current_balance=14277.5,error,A prepaid loan must have a balance close to zero.
LN101455,2021-12-01 00:00:00,LFC005,Prepaid Balance Validation,current_status;current_balance,current_status=Prepaid;current_balance=4936.34,error,A prepaid loan must have a balance close to zero.
LN101458,2023-10-01 00:00:00,LFC005,Prepaid Balance Validation,current_status;current_balance,current_status=Prepaid;current_balance=19929.01,error,A prepaid loan must have a balance close to zero.
LN101459,2025-03-01 00:00:00,LFC005,Prepaid Balance Validation,current_status;current_balance,current_status=Prepaid;current_balance=6608.33,error,A prepaid loan must have a balance close to zero.
LN101462,2021-03-01 00:00:00,LFC005,Prepaid Balance Validation,current_status;current_balance,current_status=Prepaid;current_balance=7945.72,error,A prepaid loan must have a balance close to zero.
LN101480,2019-01-01 00:00:00,LFC005,Prepaid Balance Validation,current_status;current_balance,current_status=Prepaid;current_balance=23655.75,error,A prepaid loan must have a balance close to zero.
LN101481,2018-10-01 00:00:00,LFC005,Prepaid Balance Validation,current_status;current_balance,current_status=Prepaid;current_balance=9553.68,error,A prepaid loan must have a balance close to zero.
LN101482,2025-06-01 00:00:00,LFC005,Prepaid Balance Validation,current_status;current_balance,current_status=Prepaid;current_balance=7183.62,error,A prepaid loan must have a balance close to zero.
LN101484,2022-11-01 00:00:00,LFC005,Prepaid Balance Validation,current_status;current_balance,current_status=Prepaid;current_balance=8173.92,error,A prepaid loan must have a balance close to zero.
LN101487,2022-02-01 00:00:00,LFC005,Prepaid Balance Validation,current_status;current_balance,current_status=Prepaid;current_balance=2643.88,error,A prepaid loan must have a balance close to zero.
LN101488,2020-09-01 00:00:00,LFC005,Prepaid Balance Validation,current_status;current_balance,current_status=Prepaid;current_balance=10226.04,error,A prepaid loan must have a balance close to zero.
LN101489,2023-12-01 00:00:00,LFC005,Prepaid Balance Validation,current_status;current_balance,current_status=Prepaid;current_balance=16202.54,error,A prepaid loan must have a balance close to zero.
LN101491,2025-12-01 00:00:00,LFC005,Prepaid Balance Validation,current_status;current_balance,current_status=Prepaid;current_balance=45020.61,error,A prepaid loan must have a balance close to zero.
LN101494,2025-12-01 00:00:00,LFC005,Prepaid Balance Validation,current_status;current_balance,current_status=Prepaid;current_balance=7876.51,error,A prepaid loan must have a balance close to zero.
LN101495,2024-03-01 00:00:00,LFC005,Prepaid Balance Validation,current_status;current_balance,current_status=Prepaid;current_balance=2474.74,error,A prepaid loan must have a balance close to zero.
LN101501,2020-11-01 00:00:00,LFC005,Prepaid Balance Validation,current_status;current_balance,current_status=Prepaid;current_balance=14628.49,error,A prepaid loan must have a balance close to zero.
LN101505,2021-11-01 00:00:00,LFC005,Prepaid Balance Validation,current_status;current_balance,current_status=Prepaid;current_balance=63401.49,error,A prepaid loan must have a balance close to zero.
LN101509,2026-03-01 00:00:00,LFC005,Prepaid Balance Validation,current_status;current_balance,current_status=Prepaid;current_balance=38616.16,error,A prepaid loan must have a balance close to zero.
LN101510,2026-07-01 00:00:00,LFC005,Prepaid Balance Validation,current_status;current_balance,current_status=Prepaid;current_balance=14726.87,error,A prepaid loan must have a balance close to zero.
LN101511,2019-12-01 00:00:00,LFC005,Prepaid Balance Validation,current_status;current_balance,current_status=Prepaid;current_balance=7012.74,error,A prepaid loan must have a balance close to zero.
LN101513,2020-11-01 00:00:00,LFC005,Prepaid Balance Validation,current_status;current_balance,current_status=Prepaid;current_balance=1480.1,error,A prepaid loan must have a balance close to zero.
LN101514,2021-05-01 00:00:00,LFC005,Prepaid Balance Validation,current_status;current_balance,current_status=Prepaid;current_balance=12494.59,error,A prepaid loan must have a balance close to zero.
LN101519,2024-09-01 00:00:00,LFC005,Prepaid Balance Validation,current_status;current_balance,current_status=Prepaid;current_balance=2152.57,error,A prepaid loan must have a balance close to zero.
LN101523,2020-12-01 00:00:00,LFC005,Prepaid Balance Validation,current_status;current_balance,current_status=Prepaid;current_balance=21502.12,error,A prepaid loan must have a balance close to zero.
LN101526,2022-09-01 00:00:00,LFC005,Prepaid Balance Validation,current_status;current_balance,current_status=Prepaid;current_balance=6437.42,error,A prepaid loan must have a balance close to zero.
LN101529,2025-08-01 00:00:00,LFC005,Prepaid Balance Validation,current_status;current_balance,current_status=Prepaid;current_balance=6191.95,error,A prepaid loan must have a balance close to zero.
LN101531,2019-01-01 00:00:00,LFC005,Prepaid Balance Validation,current_status;current_balance,current_status=Prepaid;current_balance=53188.21,error,A prepaid loan must have a balance close to zero.
LN101535,2021-10-01 00:00:00,LFC005,Prepaid Balance Validation,current_status;current_balance,current_status=Prepaid;current_balance=36268.18,error,A prepaid loan must have a balance close to zero.
LN101536,2021-04-01 00:00:00,LFC005,Prepaid Balance Validation,current_status;current_balance,current_status=Prepaid;current_balance=6811.6,error,A prepaid loan must have a balance close to zero.
LN101537,2024-07-01 00:00:00,LFC005,Prepaid Balance Validation,current_status;current_balance,current_status=Prepaid;current_balance=6918.17,error,A prepaid loan must have a balance close to zero.
LN101541,2021-03-01 00:00:00,LFC005,Prepaid Balance Validation,current_status;current_balance,current_status=Prepaid;current_balance=6603.34,error,A prepaid loan must have a balance close to zero.
LN101549,2024-12-01 00:00:00,LFC005,Prepaid Balance Validation,current_status;current_balance,current_status=Prepaid;current_balance=4664.98,error,A prepaid loan must have a balance close to zero.
LN101564,2024-01-01 00:00:00,LFC005,Prepaid Balance Validation,current_status;current_balance,current_status=Prepaid;current_balance=6678.92,error,A prepaid loan must have a balance close to zero.
LN101572,2024-04-01 00:00:00,LFC005,Prepaid Balance Validation,current_status;current_balance,current_status=Prepaid;current_balance=5567.04,error,A prepaid loan must have a balance close to zero.
LN101574,2022-06-01 00:00:00,LFC005,Prepaid Balance Validation,current_status;current_balance,current_status=Prepaid;current_balance=27701.8,error,A prepaid loan must have a balance close to zero.
LN101575,2020-08-01 00:00:00,LFC005,Prepaid Balance Validation,current_status;current_balance,current_status=Prepaid;current_balance=6042.13,error,A prepaid loan must have a balance close to zero.
LN101579,2025-12-01 00:00:00,LFC005,Prepaid Balance Validation,current_status;current_balance,current_status=Prepaid;current_balance=1058.97,error,A prepaid loan must have a balance close to zero.
LN101585,2025-03-01 00:00:00,LFC005,Prepaid Balance Validation,current_status;current_balance,current_status=Prepaid;current_balance=3521.87,error,A prepaid loan must have a balance close to zero.
LN101591,2025-01-01 00:00:00,LFC005,Prepaid Balance Validation,current_status;current_balance,current_status=Prepaid;current_balance=32931.68,error,A prepaid loan must have a balance close to zero.
LN101598,2025-05-01 00:00:00,LFC005,Prepaid Balance Validation,current_status;current_balance,current_status=Prepaid;current_balance=22990.39,error,A prepaid loan must have a balance close to zero.
LN101600,2022-08-01 00:00:00,LFC005,Prepaid Balance Validation,current_status;current_balance,current_status=Prepaid;current_balance=11969.8,error,A prepaid loan must have a balance close to zero.
LN101603,2020-03-01 00:00:00,LFC005,Prepaid Balance Validation,current_status;current_balance,current_status=Prepaid;current_balance=11575.11,error,A prepaid loan must have a balance close to zero.
LN101606,2019-05-01 00:00:00,LFC005,Prepaid Balance Validation,current_status;current_balance,current_status=Prepaid;current_balance=6553.38,error,A prepaid loan must have a balance close to zero.
LN101608,2024-08-01 00:00:00,LFC005,Prepaid Balance Validation,current_status;current_balance,current_status=Prepaid;current_balance=4800.41,error,A prepaid loan must have a balance close to zero.
LN101609,2020-10-01 00:00:00,LFC005,Prepaid Balance Validation,current_status;current_balance,current_status=Prepaid;current_balance=10901.13,error,A prepaid loan must have a balance close to zero.
LN101613,2023-06-01 00:00:00,LFC005,Prepaid Balance Validation,current_status;current_balance,current_status=Prepaid;current_balance=3276.42,error,A prepaid loan must have a balance close to zero.
LN101615,2025-09-01 00:00:00,LFC005,Prepaid Balance Validation,current_status;current_balance,current_status=Prepaid;current_balance=19597.78,error,A prepaid loan must have a balance close to zero.
LN101617,2021-11-01 00:00:00,LFC005,Prepaid Balance Validation,current_status;current_balance,current_status=Prepaid;current_balance=21650.84,error,A prepaid loan must have a balance close to zero.
LN101618,2026-02-01 00:00:00,LFC005,Prepaid Balance Validation,current_status;current_balance,current_status=Prepaid;current_balance=11833.11,error,A prepaid loan must have a balance close to zero.
LN101623,2019-01-01 00:00:00,LFC005,Prepaid Balance Validation,current_status;current_balance,current_status=Prepaid;current_balance=17180.03,error,A prepaid loan must have a balance close to zero.
LN101635,2024-01-01 00:00:00,LFC005,Prepaid Balance Validation,current_status;current_balance,current_status=Prepaid;current_balance=8655.17,error,A prepaid loan must have a balance close to zero.
LN101637,2024-12-01 00:00:00,LFC005,Prepaid Balance Validation,current_status;current_balance,current_status=Prepaid;current_balance=13278.81,error,A prepaid loan must have a balance close to zero.
LN101638,2022-07-01 00:00:00,LFC005,Prepaid Balance Validation,current_status;current_balance,current_status=Prepaid;current_balance=7816.85,error,A prepaid loan must have a balance close to zero.
LN101640,2025-02-01 00:00:00,LFC005,Prepaid Balance Validation,current_status;current_balance,current_status=Prepaid;current_balance=5700.18,error,A prepaid loan must have a balance close to zero.
LN101641,2019-12-01 00:00:00,LFC005,Prepaid Balance Validation,current_status;current_balance,current_status=Prepaid;current_balance=11161.72,error,A prepaid loan must have a balance close to zero.
LN101642,2025-10-01 00:00:00,LFC005,Prepaid Balance Validation,current_status;current_balance,current_status=Prepaid;current_balance=7847.74,error,A prepaid loan must have a balance close to zero.
LN101646,2020-10-01 00:00:00,LFC005,Prepaid Balance Validation,current_status;current_balance,current_status=Prepaid;current_balance=20901.61,error,A prepaid loan must have a balance close to zero.
LN101650,2022-06-01 00:00:00,LFC005,Prepaid Balance Validation,current_status;current_balance,current_status=Prepaid;current_balance=9572.37,error,A prepaid loan must have a balance close to zero.
LN101655,2025-01-01 00:00:00,LFC005,Prepaid Balance Validation,current_status;current_balance,current_status=Prepaid;current_balance=4463.65,error,A prepaid loan must have a balance close to zero.
LN101671,2025-04-01 00:00:00,LFC005,Prepaid Balance Validation,current_status;current_balance,current_status=Prepaid;current_balance=24658.97,error,A prepaid loan must have a balance close to zero.
LN101676,2019-11-01 00:00:00,LFC005,Prepaid Balance Validation,current_status;current_balance,current_status=Prepaid;current_balance=1829.33,error,A prepaid loan must have a balance close to zero.
LN101705,2024-03-01 00:00:00,LFC005,Prepaid Balance Validation,current_status;current_balance,current_status=Prepaid;current_balance=26722.98,error,A prepaid loan must have a balance close to zero.
LN101708,2022-01-01 00:00:00,LFC005,Prepaid Balance Validation,current_status;current_balance,current_status=Prepaid;current_balance=11319.46,error,A prepaid loan must have a balance close to zero.
LN101716,2023-11-01 00:00:00,LFC005,Prepaid Balance Validation,current_status;current_balance,current_status=Prepaid;current_balance=18456.7,error,A prepaid loan must have a balance close to zero.
LN101730,2025-05-01 00:00:00,LFC005,Prepaid Balance Validation,current_status;current_balance,current_status=Prepaid;current_balance=14404.86,error,A prepaid loan must have a balance close to zero.
LN101733,2024-05-01 00:00:00,LFC005,Prepaid Balance Validation,current_status;current_balance,current_status=Prepaid;current_balance=15458.5,error,A prepaid loan must have a balance close to zero.
LN101735,2024-02-01 00:00:00,LFC005,Prepaid Balance Validation,current_status;current_balance,current_status=Prepaid;current_balance=7911.47,error,A prepaid loan must have a balance close to zero.
LN101737,2022-02-01 00:00:00,LFC005,Prepaid Balance Validation,current_status;current_balance,current_status=Prepaid;current_balance=7895.96,error,A prepaid loan must have a balance close to zero.
LN101738,2021-10-01 00:00:00,LFC005,Prepaid Balance Validation,current_status;current_balance,current_status=Prepaid;current_balance=1664.73,error,A prepaid loan must have a balance close to zero.
LN101741,2023-03-01 00:00:00,LFC005,Prepaid Balance Validation,current_status;current_balance,current_status=Prepaid;current_balance=10823.34,error,A prepaid loan must have a balance close to zero.
LN101743,2021-07-01 00:00:00,LFC005,Prepaid Balance Validation,current_status;current_balance,current_status=Prepaid;current_balance=2924.33,error,A prepaid loan must have a balance close to zero.
LN101749,2026-02-01 00:00:00,LFC005,Prepaid Balance Validation,current_status;current_balance,current_status=Prepaid;current_balance=6988.65,error,A prepaid loan must have a balance close to zero.
LN101759,2023-02-01 00:00:00,LFC005,Prepaid Balance Validation,current_status;current_balance,current_status=Prepaid;current_balance=21171.75,error,A prepaid loan must have a balance close to zero.
LN101760,2024-11-01 00:00:00,LFC005,Prepaid Balance Validation,current_status;current_balance,current_status=Prepaid;current_balance=11964.83,error,A prepaid loan must have a balance close to zero.
LN101761,2023-06-01 00:00:00,LFC005,Prepaid Balance Validation,current_status;current_balance,current_status=Prepaid;current_balance=23993.44,error,A prepaid loan must have a balance close to zero.
LN101766,2021-11-01 00:00:00,LFC005,Prepaid Balance Validation,current_status;current_balance,current_status=Prepaid;current_balance=11914.79,error,A prepaid loan must have a balance close to zero.
LN101768,2025-07-01 00:00:00,LFC005,Prepaid Balance Validation,current_status;current_balance,current_status=Prepaid;current_balance=6541.69,error,A prepaid loan must have a balance close to zero.
LN101788,2022-11-01 00:00:00,LFC005,Prepaid Balance Validation,current_status;current_balance,current_status=Prepaid;current_balance=9573.41,error,A prepaid loan must have a balance close to zero.
LN101790,2023-12-01 00:00:00,LFC005,Prepaid Balance Validation,current_status;current_balance,current_status=Prepaid;current_balance=2822.29,error,A prepaid loan must have a balance close to zero.
LN101792,2023-09-01 00:00:00,LFC005,Prepaid Balance Validation,current_status;current_balance,current_status=Prepaid;current_balance=1633.47,error,A prepaid loan must have a balance close to zero.
LN101795,2022-03-01 00:00:00,LFC005,Prepaid Balance Validation,current_status;current_balance,current_status=Prepaid;current_balance=3528.67,error,A prepaid loan must have a balance close to zero.
LN101797,2022-06-01 00:00:00,LFC005,Prepaid Balance Validation,current_status;current_balance,current_status=Prepaid;current_balance=4717.68,error,A prepaid loan must have a balance close to zero.
LN101800,2025-05-01 00:00:00,LFC005,Prepaid Balance Validation,current_status;current_balance,current_status=Prepaid;current_balance=4608.73,error,A prepaid loan must have a balance close to zero.
LN101801,2025-04-01 00:00:00,LFC005,Prepaid Balance Validation,current_status;current_balance,current_status=Prepaid;current_balance=13679.76,error,A prepaid loan must have a balance close to zero.
LN101802,2025-04-01 00:00:00,LFC005,Prepaid Balance Validation,current_status;current_balance,current_status=Prepaid;current_balance=36482.07,error,A prepaid loan must have a balance close to zero.
LN101803,2021-03-01 00:00:00,LFC005,Prepaid Balance Validation,current_status;current_balance,current_status=Prepaid;current_balance=11906.55,error,A prepaid loan must have a balance close to zero.
LN101810,2020-05-01 00:00:00,LFC005,Prepaid Balance Validation,current_status;current_balance,current_status=Prepaid;current_balance=1487.06,error,A prepaid loan must have a balance close to zero.
LN101812,2024-12-01 00:00:00,LFC005,Prepaid Balance Validation,current_status;current_balance,current_status=Prepaid;current_balance=3544.02,error,A prepaid loan must have a balance close to zero.
LN101814,2024-11-01 00:00:00,LFC005,Prepaid Balance Validation,current_status;current_balance,current_status=Prepaid;current_balance=24260.44,error,A prepaid loan must have a balance close to zero.
LN101815,2021-05-01 00:00:00,LFC005,Prepaid Balance Validation,current_status;current_balance,current_status=Prepaid;current_balance=1647.7,error,A prepaid loan must have a balance close to zero.
LN101826,2025-03-01 00:00:00,LFC005,Prepaid Balance Validation,current_status;current_balance,current_status=Prepaid;current_balance=4074.68,error,A prepaid loan must have a balance close to zero.
LN101838,2026-02-01 00:00:00,LFC005,Prepaid Balance Validation,current_status;current_balance,current_status=Prepaid;current_balance=6068.64,error,A prepaid loan must have a balance close to zero.
LN101845,2023-02-01 00:00:00,LFC005,Prepaid Balance Validation,current_status;current_balance,current_status=Prepaid;current_balance=51234.82,error,A prepaid loan must have a balance close to zero.
LN101848,2025-10-01 00:00:00,LFC005,Prepaid Balance Validation,current_status;current_balance,current_status=Prepaid;current_balance=14361.36,error,A prepaid loan must have a balance close to zero.
LN101851,2020-05-01 00:00:00,LFC005,Prepaid Balance Validation,current_status;current_balance,current_status=Prepaid;current_balance=8896.87,error,A prepaid loan must have a balance close to zero.
LN101853,2019-07-01 00:00:00,LFC005,Prepaid Balance Validation,current_status;current_balance,current_status=Prepaid;current_balance=20151.14,error,A prepaid loan must have a balance close to zero.
LN101871,2024-11-01 00:00:00,LFC005,Prepaid Balance Validation,current_status;current_balance,current_status=Prepaid;current_balance=1308.01,error,A prepaid loan must have a balance close to zero.
LN101874,2024-10-01 00:00:00,LFC005,Prepaid Balance Validation,current_status;current_balance,current_status=Prepaid;current_balance=8973.79,error,A prepaid loan must have a balance close to zero.
LN101876,2022-01-01 00:00:00,LFC005,Prepaid Balance Validation,current_status;current_balance,current_status=Prepaid;current_balance=41577.47,error,A prepaid loan must have a balance close to zero.
LN101877,2024-07-01 00:00:00,LFC005,Prepaid Balance Validation,current_status;current_balance,current_status=Prepaid;current_balance=13611.65,error,A prepaid loan must have a balance close to zero.
LN101878,2025-06-01 00:00:00,LFC005,Prepaid Balance Validation,current_status;current_balance,current_status=Prepaid;current_balance=7220.76,error,A prepaid loan must have a balance close to zero.
LN101880,2023-02-01 00:00:00,LFC005,Prepaid Balance Validation,current_status;current_balance,current_status=Prepaid;current_balance=2987.1,error,A prepaid loan must have a balance close to zero.
LN101887,2026-03-01 00:00:00,LFC005,Prepaid Balance Validation,current_status;current_balance,current_status=Prepaid;current_balance=12751.04,error,A prepaid loan must have a balance close to zero.
LN101900,2023-04-01 00:00:00,LFC005,Prepaid Balance Validation,current_status;current_balance,current_status=Prepaid;current_balance=15798.94,error,A prepaid loan must have a balance close to zero.
LN101906,2022-07-01 00:00:00,LFC005,Prepaid Balance Validation,current_status;current_balance,current_status=Prepaid;current_balance=5611.38,error,A prepaid loan must have a balance close to zero.
LN101917,2024-01-01 00:00:00,LFC005,Prepaid Balance Validation,current_status;current_balance,current_status=Prepaid;current_balance=6718.35,error,A prepaid loan must have a balance close to zero.
LN101918,2023-01-01 00:00:00,LFC005,Prepaid Balance Validation,current_status;current_balance,current_status=Prepaid;current_balance=4311.09,error,A prepaid loan must have a balance close to zero.
LN101919,2026-03-01 00:00:00,LFC005,Prepaid Balance Validation,current_status;current_balance,current_status=Prepaid;current_balance=6025.76,error,A prepaid loan must have a balance close to zero.
LN101920,2023-12-01 00:00:00,LFC005,Prepaid Balance Validation,current_status;current_balance,current_status=Prepaid;current_balance=3307.97,error,A prepaid loan must have a balance close to zero.
LN101925,2021-03-01 00:00:00,LFC005,Prepaid Balance Validation,current_status;current_balance,current_status=Prepaid;current_balance=16065.86,error,A prepaid loan must have a balance close to zero.
LN101926,2021-04-01 00:00:00,LFC005,Prepaid Balance Validation,current_status;current_balance,current_status=Prepaid;current_balance=3650.34,error,A prepaid loan must have a balance close to zero.
LN101928,2023-08-01 00:00:00,LFC005,Prepaid Balance Validation,current_status;current_balance,current_status=Prepaid;current_balance=5525.74,error,A prepaid loan must have a balance close to zero.
LN101936,2026-06-01 00:00:00,LFC005,Prepaid Balance Validation,current_status;current_balance,current_status=Prepaid;current_balance=12987.25,error,A prepaid loan must have a balance close to zero.
LN101944,2021-12-01 00:00:00,LFC005,Prepaid Balance Validation,current_status;current_balance,current_status=Prepaid;current_balance=40343.87,error,A prepaid loan must have a balance close to zero.
LN101952,2020-06-01 00:00:00,LFC005,Prepaid Balance Validation,current_status;current_balance,current_status=Prepaid;current_balance=1710.18,error,A prepaid loan must have a balance close to zero.
LN101958,2024-11-01 00:00:00,LFC005,Prepaid Balance Validation,current_status;current_balance,current_status=Prepaid;current_balance=9660.59,error,A prepaid loan must have a balance close to zero.
LN101959,2019-08-01 00:00:00,LFC005,Prepaid Balance Validation,current_status;current_balance,current_status=Prepaid;current_balance=29082.61,error,A prepaid loan must have a balance close to zero.
LN101961,2026-02-01 00:00:00,LFC005,Prepaid Balance Validation,current_status;current_balance,current_status=Prepaid;current_balance=1525.76,error,A prepaid loan must have a balance close to zero.
LN101964,2025-08-01 00:00:00,LFC005,Prepaid Balance Validation,current_status;current_balance,current_status=Prepaid;current_balance=19852.21,error,A prepaid loan must have a balance close to zero.
LN101967,2023-09-01 00:00:00,LFC005,Prepaid Balance Validation,current_status;current_balance,current_status=Prepaid;current_balance=6746.72,error,A prepaid loan must have a balance close to zero.
LN101970,2026-03-01 00:00:00,LFC005,Prepaid Balance Validation,current_status;current_balance,current_status=Prepaid;current_balance=40359.41,error,A prepaid loan must have a balance close to zero.
LN101977,2020-06-01 00:00:00,LFC005,Prepaid Balance Validation,current_status;current_balance,current_status=Prepaid;current_balance=5689.64,error,A prepaid loan must have a balance close to zero.
LN101987,2021-03-01 00:00:00,LFC005,Prepaid Balance Validation,current_status;current_balance,current_status=Prepaid;current_balance=41232.77,error,A prepaid loan must have a balance close to zero.
LN101988,2026-03-01 00:00:00,LFC005,Prepaid Balance Validation,current_status;current_balance,current_status=Prepaid;current_balance=9473.75,error,A prepaid loan must have a balance close to zero.
LN101995,2018-01-01 00:00:00,LFC005,Prepaid Balance Validation,current_status;current_balance,current_status=Prepaid;current_balance=14952.01,error,A prepaid loan must have a balance close to zero.
LN100006,2018-08-01 00:00:00,FLG004,Modification Delinquency Requirement,modification_flag;days_past_due,modification_flag=1;days_past_due=0,warning,Loan modifications normally occur for delinquent accounts (DPD >= 60). Modifications on current/mildly delinquent loans trigger a warning.
LN100006,2018-12-01 00:00:00,FLG004,Modification Delinquency Requirement,modification_flag;days_past_due,modification_flag=1;days_past_due=0,warning,Loan modifications normally occur for delinquent accounts (DPD >= 60). Modifications on current/mildly delinquent loans trigger a warning.
LN100007,2026-04-01 00:00:00,FLG004,Modification Delinquency Requirement,modification_flag;days_past_due,modification_flag=1;days_past_due=0,warning,Loan modifications normally occur for delinquent accounts (DPD >= 60). Modifications on current/mildly delinquent loans trigger a warning.
LN100008,2019-11-01 00:00:00,FLG004,Modification Delinquency Requirement,modification_flag;days_past_due,modification_flag=1;days_past_due=0,warning,Loan modifications normally occur for delinquent accounts (DPD >= 60). Modifications on current/mildly delinquent loans trigger a warning.
LN100011,2025-11-01 00:00:00,FLG004,Modification Delinquency Requirement,modification_flag;days_past_due,modification_flag=1;days_past_due=0,warning,Loan modifications normally occur for delinquent accounts (DPD >= 60). Modifications on current/mildly delinquent loans trigger a warning.
LN100012,2026-07-01 00:00:00,FLG004,Modification Delinquency Requirement,modification_flag;days_past_due,modification_flag=1;days_past_due=0,warning,Loan modifications normally occur for delinquent accounts (DPD >= 60). Modifications on current/mildly delinquent loans trigger a warning.
LN100015,2025-08-01 00:00:00,FLG004,Modification Delinquency Requirement,modification_flag;days_past_due,modification_flag=1;days_past_due=0,warning,Loan modifications normally occur for delinquent accounts (DPD >= 60). Modifications on current/mildly delinquent loans trigger a warning.
LN100016,2022-11-01 00:00:00,FLG004,Modification Delinquency Requirement,modification_flag;days_past_due,modification_flag=1;days_past_due=0,warning,Loan modifications normally occur for delinquent accounts (DPD >= 60). Modifications on current/mildly delinquent loans trigger a warning.
LN100017,2019-04-01 00:00:00,FLG004,Modification Delinquency Requirement,modification_flag;days_past_due,modification_flag=1;days_past_due=0,warning,Loan modifications normally occur for delinquent accounts (DPD >= 60). Modifications on current/mildly delinquent loans trigger a warning.
LN100017,2022-03-01 00:00:00,FLG004,Modification Delinquency Requirement,modification_flag;days_past_due,modification_flag=1;days_past_due=0,warning,Loan modifications normally occur for delinquent accounts (DPD >= 60). Modifications on current/mildly delinquent loans trigger a warning.
LN100017,2024-10-01 00:00:00,FLG004,Modification Delinquency Requirement,modification_flag;days_past_due,modification_flag=1;days_past_due=0,warning,Loan modifications normally occur for delinquent accounts (DPD >= 60). Modifications on current/mildly delinquent loans trigger a warning.
LN100021,2023-01-01 00:00:00,FLG004,Modification Delinquency Requirement,modification_flag;days_past_due,modification_flag=1;days_past_due=0,warning,Loan modifications normally occur for delinquent accounts (DPD >= 60). Modifications on current/mildly delinquent loans trigger a warning.
LN100021,2025-06-01 00:00:00,FLG004,Modification Delinquency Requirement,modification_flag;days_past_due,modification_flag=1;days_past_due=0,warning,Loan modifications normally occur for delinquent accounts (DPD >= 60). Modifications on current/mildly delinquent loans trigger a warning.
LN100021,2025-08-01 00:00:00,FLG004,Modification Delinquency Requirement,modification_flag;days_past_due,modification_flag=1;days_past_due=0,warning,Loan modifications normally occur for delinquent accounts (DPD >= 60). Modifications on current/mildly delinquent loans trigger a warning.
LN100021,2026-06-01 00:00:00,FLG004,Modification Delinquency Requirement,modification_flag;days_past_due,modification_flag=1;days_past_due=0,warning,Loan modifications normally occur for delinquent accounts (DPD >= 60). Modifications on current/mildly delinquent loans trigger a warning.
LN100022,2020-05-01 00:00:00,FLG004,Modification Delinquency Requirement,modification_flag;days_past_due,modification_flag=1;days_past_due=0,warning,Loan modifications normally occur for delinquent accounts (DPD >= 60). Modifications on current/mildly delinquent loans trigger a warning.
LN100025,2022-08-01 00:00:00,FLG004,Modification Delinquency Requirement,modification_flag;days_past_due,modification_flag=1;days_past_due=30,warning,Loan modifications normally occur for delinquent accounts (DPD >= 60). Modifications on current/mildly delinquent loans trigger a warning.
LN100026,2021-04-01 00:00:00,FLG004,Modification Delinquency Requirement,modification_flag;days_past_due,modification_flag=1;days_past_due=0,warning,Loan modifications normally occur for delinquent accounts (DPD >= 60). Modifications on current/mildly delinquent loans trigger a warning.
LN100026,2021-08-01 00:00:00,FLG004,Modification Delinquency Requirement,modification_flag;days_past_due,modification_flag=1;days_past_due=0,warning,Loan modifications normally occur for delinquent accounts (DPD >= 60). Modifications on current/mildly delinquent loans trigger a warning.
LN100028,2026-02-01 00:00:00,FLG004,Modification Delinquency Requirement,modification_flag;days_past_due,modification_flag=1;days_past_due=0,warning,Loan modifications normally occur for delinquent accounts (DPD >= 60). Modifications on current/mildly delinquent loans trigger a warning.
LN100029,2021-12-01 00:00:00,FLG004,Modification Delinquency Requirement,modification_flag;days_past_due,modification_flag=1;days_past_due=0,warning,Loan modifications normally occur for delinquent accounts (DPD >= 60). Modifications on current/mildly delinquent loans trigger a warning.
LN100030,2021-03-01 00:00:00,FLG004,Modification Delinquency Requirement,modification_flag;days_past_due,modification_flag=1;days_past_due=30,warning,Loan modifications normally occur for delinquent accounts (DPD >= 60). Modifications on current/mildly delinquent loans trigger a warning.
LN100033,2021-11-01 00:00:00,FLG004,Modification Delinquency Requirement,modification_flag;days_past_due,modification_flag=1;days_past_due=0,warning,Loan modifications normally occur for delinquent accounts (DPD >= 60). Modifications on current/mildly delinquent loans trigger a warning.
LN100034,2024-11-01 00:00:00,FLG004,Modification Delinquency Requirement,modification_flag;days_past_due,modification_flag=1;days_past_due=30,warning,Loan modifications normally occur for delinquent accounts (DPD >= 60). Modifications on current/mildly delinquent loans trigger a warning.
LN100036,2024-01-01 00:00:00,FLG004,Modification Delinquency Requirement,modification_flag;days_past_due,modification_flag=1;days_past_due=0,warning,Loan modifications normally occur for delinquent accounts (DPD >= 60). Modifications on current/mildly delinquent loans trigger a warning.
LN100040,2024-07-01 00:00:00,FLG004,Modification Delinquency Requirement,modification_flag;days_past_due,modification_flag=1;days_past_due=0,warning,Loan modifications normally occur for delinquent accounts (DPD >= 60). Modifications on current/mildly delinquent loans trigger a warning.
LN100040,2024-11-01 00:00:00,FLG004,Modification Delinquency Requirement,modification_flag;days_past_due,modification_flag=1;days_past_due=0,warning,Loan modifications normally occur for delinquent accounts (DPD >= 60). Modifications on current/mildly delinquent loans trigger a warning.
LN100045,2025-04-01 00:00:00,FLG004,Modification Delinquency Requirement,modification_flag;days_past_due,modification_flag=1;days_past_due=0,warning,Loan modifications normally occur for delinquent accounts (DPD >= 60). Modifications on current/mildly delinquent loans trigger a warning.
LN100046,2021-08-01 00:00:00,FLG004,Modification Delinquency Requirement,modification_flag;days_past_due,modification_flag=1;days_past_due=0,warning,Loan modifications normally occur for delinquent accounts (DPD >= 60). Modifications on current/mildly delinquent loans trigger a warning.
LN100047,2025-09-01 00:00:00,FLG004,Modification Delinquency Requirement,modification_flag;days_past_due,modification_flag=1;days_past_due=0,warning,Loan modifications normally occur for delinquent accounts (DPD >= 60). Modifications on current/mildly delinquent loans trigger a warning.
LN100050,2024-10-01 00:00:00,FLG004,Modification Delinquency Requirement,modification_flag;days_past_due,modification_flag=1;days_past_due=0,warning,Loan modifications normally occur for delinquent accounts (DPD >= 60). Modifications on current/mildly delinquent loans trigger a warning.
LN100051,2020-04-01 00:00:00,FLG004,Modification Delinquency Requirement,modification_flag;days_past_due,modification_flag=1;days_past_due=0,warning,Loan modifications normally occur for delinquent accounts (DPD >= 60). Modifications on current/mildly delinquent loans trigger a warning.
LN100053,2022-02-01 00:00:00,FLG004,Modification Delinquency Requirement,modification_flag;days_past_due,modification_flag=1;days_past_due=30,warning,Loan modifications normally occur for delinquent accounts (DPD >= 60). Modifications on current/mildly delinquent loans trigger a warning.
LN100055,2018-10-01 00:00:00,FLG004,Modification Delinquency Requirement,modification_flag;days_past_due,modification_flag=1;days_past_due=0,warning,Loan modifications normally occur for delinquent accounts (DPD >= 60). Modifications on current/mildly delinquent loans trigger a warning.
LN100057,2022-09-01 00:00:00,FLG004,Modification Delinquency Requirement,modification_flag;days_past_due,modification_flag=1;days_past_due=0,warning,Loan modifications normally occur for delinquent accounts (DPD >= 60). Modifications on current/mildly delinquent loans trigger a warning.
LN100057,2022-12-01 00:00:00,FLG004,Modification Delinquency Requirement,modification_flag;days_past_due,modification_flag=1;days_past_due=0,warning,Loan modifications normally occur for delinquent accounts (DPD >= 60). Modifications on current/mildly delinquent loans trigger a warning.
LN100058,2024-01-01 00:00:00,FLG004,Modification Delinquency Requirement,modification_flag;days_past_due,modification_flag=1;days_past_due=0,warning,Loan modifications normally occur for delinquent accounts (DPD >= 60). Modifications on current/mildly delinquent loans trigger a warning.
LN100062,2021-02-01 00:00:00,FLG004,Modification Delinquency Requirement,modification_flag;days_past_due,modification_flag=1;days_past_due=0,warning,Loan modifications normally occur for delinquent accounts (DPD >= 60). Modifications on current/mildly delinquent loans trigger a warning.
LN100065,2023-09-01 00:00:00,FLG004,Modification Delinquency Requirement,modification_flag;days_past_due,modification_flag=1;days_past_due=0,warning,Loan modifications normally occur for delinquent accounts (DPD >= 60). Modifications on current/mildly delinquent loans trigger a warning.
LN100068,2019-12-01 00:00:00,FLG004,Modification Delinquency Requirement,modification_flag;days_past_due,modification_flag=1;days_past_due=0,warning,Loan modifications normally occur for delinquent accounts (DPD >= 60). Modifications on current/mildly delinquent loans trigger a warning.
LN100073,2020-06-01 00:00:00,FLG004,Modification Delinquency Requirement,modification_flag;days_past_due,modification_flag=1;days_past_due=0,warning,Loan modifications normally occur for delinquent accounts (DPD >= 60). Modifications on current/mildly delinquent loans trigger a warning.
LN100074,2025-07-01 00:00:00,FLG004,Modification Delinquency Requirement,modification_flag;days_past_due,modification_flag=1;days_past_due=0,warning,Loan modifications normally occur for delinquent accounts (DPD >= 60). Modifications on current/mildly delinquent loans trigger a warning.
LN100075,2021-05-01 00:00:00,FLG004,Modification Delinquency Requirement,modification_flag;days_past_due,modification_flag=1;days_past_due=0,warning,Loan modifications normally occur for delinquent accounts (DPD >= 60). Modifications on current/mildly delinquent loans trigger a warning.
LN100076,2020-08-01 00:00:00,FLG004,Modification Delinquency Requirement,modification_flag;days_past_due,modification_flag=1;days_past_due=0,warning,Loan modifications normally occur for delinquent accounts (DPD >= 60). Modifications on current/mildly delinquent loans trigger a warning.
LN100081,2021-03-01 00:00:00,FLG004,Modification Delinquency Requirement,modification_flag;days_past_due,modification_flag=1;days_past_due=0,warning,Loan modifications normally occur for delinquent accounts (DPD >= 60). Modifications on current/mildly delinquent loans trigger a warning.
LN100081,2021-10-01 00:00:00,FLG004,Modification Delinquency Requirement,modification_flag;days_past_due,modification_flag=1;days_past_due=0,warning,Loan modifications normally occur for delinquent accounts (DPD >= 60). Modifications on current/mildly delinquent loans trigger a warning.
LN100090,2022-12-01 00:00:00,FLG004,Modification Delinquency Requirement,modification_flag;days_past_due,modification_flag=1;days_past_due=0,warning,Loan modifications normally occur for delinquent accounts (DPD >= 60). Modifications on current/mildly delinquent loans trigger a warning.
LN100091,2024-12-01 00:00:00,FLG004,Modification Delinquency Requirement,modification_flag;days_past_due,modification_flag=1;days_past_due=0,warning,Loan modifications normally occur for delinquent accounts (DPD >= 60). Modifications on current/mildly delinquent loans trigger a warning.
LN100093,2022-08-01 00:00:00,FLG004,Modification Delinquency Requirement,modification_flag;days_past_due,modification_flag=1;days_past_due=0,warning,Loan modifications normally occur for delinquent accounts (DPD >= 60). Modifications on current/mildly delinquent loans trigger a warning.
LN100094,2024-07-01 00:00:00,FLG004,Modification Delinquency Requirement,modification_flag;days_past_due,modification_flag=1;days_past_due=0,warning,Loan modifications normally occur for delinquent accounts (DPD >= 60). Modifications on current/mildly delinquent loans trigger a warning.
LN100094,2024-08-01 00:00:00,FLG004,Modification Delinquency Requirement,modification_flag;days_past_due,modification_flag=1;days_past_due=0,warning,Loan modifications normally occur for delinquent accounts (DPD >= 60). Modifications on current/mildly delinquent loans trigger a warning.
LN100095,2024-05-01 00:00:00,FLG004,Modification Delinquency Requirement,modification_flag;days_past_due,modification_flag=1;days_past_due=0,warning,Loan modifications normally occur for delinquent accounts (DPD >= 60). Modifications on current/mildly delinquent loans trigger a warning.
LN100096,2022-01-01 00:00:00,FLG004,Modification Delinquency Requirement,modification_flag;days_past_due,modification_flag=1;days_past_due=0,warning,Loan modifications normally occur for delinquent accounts (DPD >= 60). Modifications on current/mildly delinquent loans trigger a warning.
LN100098,2024-10-01 00:00:00,FLG004,Modification Delinquency Requirement,modification_flag;days_past_due,modification_flag=1;days_past_due=0,warning,Loan modifications normally occur for delinquent accounts (DPD >= 60). Modifications on current/mildly delinquent loans trigger a warning.
LN100099,2019-02-01 00:00:00,FLG004,Modification Delinquency Requirement,modification_flag;days_past_due,modification_flag=1;days_past_due=0,warning,Loan modifications normally occur for delinquent accounts (DPD >= 60). Modifications on current/mildly delinquent loans trigger a warning.
LN100099,2022-01-01 00:00:00,FLG004,Modification Delinquency Requirement,modification_flag;days_past_due,modification_flag=1;days_past_due=0,warning,Loan modifications normally occur for delinquent accounts (DPD >= 60). Modifications on current/mildly delinquent loans trigger a warning.
LN100099,2022-05-01 00:00:00,FLG004,Modification Delinquency Requirement,modification_flag;days_past_due,modification_flag=1;days_past_due=0,warning,Loan modifications normally occur for delinquent accounts (DPD >= 60). Modifications on current/mildly delinquent loans trigger a warning.
LN100101,2019-05-01 00:00:00,FLG004,Modification Delinquency Requirement,modification_flag;days_past_due,modification_flag=1;days_past_due=0,warning,Loan modifications normally occur for delinquent accounts (DPD >= 60). Modifications on current/mildly delinquent loans trigger a warning.
LN100103,2018-06-01 00:00:00,FLG004,Modification Delinquency Requirement,modification_flag;days_past_due,modification_flag=1;days_past_due=0,warning,Loan modifications normally occur for delinquent accounts (DPD >= 60). Modifications on current/mildly delinquent loans trigger a warning.
LN100105,2024-11-01 00:00:00,FLG004,Modification Delinquency Requirement,modification_flag;days_past_due,modification_flag=1;days_past_due=0,warning,Loan modifications normally occur for delinquent accounts (DPD >= 60). Modifications on current/mildly delinquent loans trigger a warning.
LN100105,2025-04-01 00:00:00,FLG004,Modification Delinquency Requirement,modification_flag;days_past_due,modification_flag=1;days_past_due=0,warning,Loan modifications normally occur for delinquent accounts (DPD >= 60). Modifications on current/mildly delinquent loans trigger a warning.
LN100105,2025-05-01 00:00:00,FLG004,Modification Delinquency Requirement,modification_flag;days_past_due,modification_flag=1;days_past_due=0,warning,Loan modifications normally occur for delinquent accounts (DPD >= 60). Modifications on current/mildly delinquent loans trigger a warning.
LN100105,2026-04-01 00:00:00,FLG004,Modification Delinquency Requirement,modification_flag;days_past_due,modification_flag=1;days_past_due=0,warning,Loan modifications normally occur for delinquent accounts (DPD >= 60). Modifications on current/mildly delinquent loans trigger a warning.
LN100107,2025-01-01 00:00:00,FLG004,Modification Delinquency Requirement,modification_flag;days_past_due,modification_flag=1;days_past_due=0,warning,Loan modifications normally occur for delinquent accounts (DPD >= 60). Modifications on current/mildly delinquent loans trigger a warning.
LN100109,2023-11-01 00:00:00,FLG004,Modification Delinquency Requirement,modification_flag;days_past_due,modification_flag=1;days_past_due=0,warning,Loan modifications normally occur for delinquent accounts (DPD >= 60). Modifications on current/mildly delinquent loans trigger a warning.
LN100114,2023-03-01 00:00:00,FLG004,Modification Delinquency Requirement,modification_flag;days_past_due,modification_flag=1;days_past_due=0,warning,Loan modifications normally occur for delinquent accounts (DPD >= 60). Modifications on current/mildly delinquent loans trigger a warning.
LN100117,2026-01-01 00:00:00,FLG004,Modification Delinquency Requirement,modification_flag;days_past_due,modification_flag=1;days_past_due=0,warning,Loan modifications normally occur for delinquent accounts (DPD >= 60). Modifications on current/mildly delinquent loans trigger a warning.
LN100119,2020-05-01 00:00:00,FLG004,Modification Delinquency Requirement,modification_flag;days_past_due,modification_flag=1;days_past_due=0,warning,Loan modifications normally occur for delinquent accounts (DPD >= 60). Modifications on current/mildly delinquent loans trigger a warning.
LN100122,2023-02-01 00:00:00,FLG004,Modification Delinquency Requirement,modification_flag;days_past_due,modification_flag=1;days_past_due=0,warning,Loan modifications normally occur for delinquent accounts (DPD >= 60). Modifications on current/mildly delinquent loans trigger a warning.
LN100122,2023-03-01 00:00:00,FLG004,Modification Delinquency Requirement,modification_flag;days_past_due,modification_flag=1;days_past_due=0,warning,Loan modifications normally occur for delinquent accounts (DPD >= 60). Modifications on current/mildly delinquent loans trigger a warning.
LN100122,2023-09-01 00:00:00,FLG004,Modification Delinquency Requirement,modification_flag;days_past_due,modification_flag=1;days_past_due=0,warning,Loan modifications normally occur for delinquent accounts (DPD >= 60). Modifications on current/mildly delinquent loans trigger a warning.
LN100123,2021-06-01 00:00:00,FLG004,Modification Delinquency Requirement,modification_flag;days_past_due,modification_flag=1;days_past_due=0,warning,Loan modifications normally occur for delinquent accounts (DPD >= 60). Modifications on current/mildly delinquent loans trigger a warning.
LN100123,2021-10-01 00:00:00,FLG004,Modification Delinquency Requirement,modification_flag;days_past_due,modification_flag=1;days_past_due=0,warning,Loan modifications normally occur for delinquent accounts (DPD >= 60). Modifications on current/mildly delinquent loans trigger a warning.
LN100124,2024-05-01 00:00:00,FLG004,Modification Delinquency Requirement,modification_flag;days_past_due,modification_flag=1;days_past_due=0,warning,Loan modifications normally occur for delinquent accounts (DPD >= 60). Modifications on current/mildly delinquent loans trigger a warning.
LN100125,2023-04-01 00:00:00,FLG004,Modification Delinquency Requirement,modification_flag;days_past_due,modification_flag=1;days_past_due=0,warning,Loan modifications normally occur for delinquent accounts (DPD >= 60). Modifications on current/mildly delinquent loans trigger a warning.
LN100126,2019-12-01 00:00:00,FLG004,Modification Delinquency Requirement,modification_flag;days_past_due,modification_flag=1;days_past_due=0,warning,Loan modifications normally occur for delinquent accounts (DPD >= 60). Modifications on current/mildly delinquent loans trigger a warning.
LN100126,2021-03-01 00:00:00,FLG004,Modification Delinquency Requirement,modification_flag;days_past_due,modification_flag=1;days_past_due=0,warning,Loan modifications normally occur for delinquent accounts (DPD >= 60). Modifications on current/mildly delinquent loans trigger a warning.
LN100126,2021-12-01 00:00:00,FLG004,Modification Delinquency Requirement,modification_flag;days_past_due,modification_flag=1;days_past_due=0,warning,Loan modifications normally occur for delinquent accounts (DPD >= 60). Modifications on current/mildly delinquent loans trigger a warning.
LN100129,2024-10-01 00:00:00,FLG004,Modification Delinquency Requirement,modification_flag;days_past_due,modification_flag=1;days_past_due=0,warning,Loan modifications normally occur for delinquent accounts (DPD >= 60). Modifications on current/mildly delinquent loans trigger a warning.
LN100131,2025-09-01 00:00:00,FLG004,Modification Delinquency Requirement,modification_flag;days_past_due,modification_flag=1;days_past_due=0,warning,Loan modifications normally occur for delinquent accounts (DPD >= 60). Modifications on current/mildly delinquent loans trigger a warning.
LN100131,2026-01-01 00:00:00,FLG004,Modification Delinquency Requirement,modification_flag;days_past_due,modification_flag=1;days_past_due=30,warning,Loan modifications normally occur for delinquent accounts (DPD >= 60). Modifications on current/mildly delinquent loans trigger a warning.
LN100133,2022-01-01 00:00:00,FLG004,Modification Delinquency Requirement,modification_flag;days_past_due,modification_flag=1;days_past_due=0,warning,Loan modifications normally occur for delinquent accounts (DPD >= 60). Modifications on current/mildly delinquent loans trigger a warning.
LN100134,2024-04-01 00:00:00,FLG004,Modification Delinquency Requirement,modification_flag;days_past_due,modification_flag=1;days_past_due=0,warning,Loan modifications normally occur for delinquent accounts (DPD >= 60). Modifications on current/mildly delinquent loans trigger a warning.
LN100135,2020-04-01 00:00:00,FLG004,Modification Delinquency Requirement,modification_flag;days_past_due,modification_flag=1;days_past_due=0,warning,Loan modifications normally occur for delinquent accounts (DPD >= 60). Modifications on current/mildly delinquent loans trigger a warning.
LN100135,2021-04-01 00:00:00,FLG004,Modification Delinquency Requirement,modification_flag;days_past_due,modification_flag=1;days_past_due=0,warning,Loan modifications normally occur for delinquent accounts (DPD >= 60). Modifications on current/mildly delinquent loans trigger a warning.
LN100135,2021-06-01 00:00:00,FLG004,Modification Delinquency Requirement,modification_flag;days_past_due,modification_flag=1;days_past_due=0,warning,Loan modifications normally occur for delinquent accounts (DPD >= 60). Modifications on current/mildly delinquent loans trigger a warning.
LN100137,2018-04-01 00:00:00,FLG004,Modification Delinquency Requirement,modification_flag;days_past_due,modification_flag=1;days_past_due=0,warning,Loan modifications normally occur for delinquent accounts (DPD >= 60). Modifications on current/mildly delinquent loans trigger a warning.
LN100137,2018-09-01 00:00:00,FLG004,Modification Delinquency Requirement,modification_flag;days_past_due,modification_flag=1;days_past_due=0,warning,Loan modifications normally occur for delinquent accounts (DPD >= 60). Modifications on current/mildly delinquent loans trigger a warning.
LN100139,2024-08-01 00:00:00,FLG004,Modification Delinquency Requirement,modification_flag;days_past_due,modification_flag=1;days_past_due=0,warning,Loan modifications normally occur for delinquent accounts (DPD >= 60). Modifications on current/mildly delinquent loans trigger a warning.
LN100141,2021-04-01 00:00:00,FLG004,Modification Delinquency Requirement,modification_flag;days_past_due,modification_flag=1;days_past_due=0,warning,Loan modifications normally occur for delinquent accounts (DPD >= 60). Modifications on current/mildly delinquent loans trigger a warning.
LN100143,2024-04-01 00:00:00,FLG004,Modification Delinquency Requirement,modification_flag;days_past_due,modification_flag=1;days_past_due=0,warning,Loan modifications normally occur for delinquent accounts (DPD >= 60). Modifications on current/mildly delinquent loans trigger a warning.
LN100145,2025-04-01 00:00:00,FLG004,Modification Delinquency Requirement,modification_flag;days_past_due,modification_flag=1;days_past_due=0,warning,Loan modifications normally occur for delinquent accounts (DPD >= 60). Modifications on current/mildly delinquent loans trigger a warning.
LN100147,2020-02-01 00:00:00,FLG004,Modification Delinquency Requirement,modification_flag;days_past_due,modification_flag=1;days_past_due=0,warning,Loan modifications normally occur for delinquent accounts (DPD >= 60). Modifications on current/mildly delinquent loans trigger a warning.
LN100149,2018-10-01 00:00:00,FLG004,Modification Delinquency Requirement,modification_flag;days_past_due,modification_flag=1;days_past_due=0,warning,Loan modifications normally occur for delinquent accounts (DPD >= 60). Modifications on current/mildly delinquent loans trigger a warning.
LN100151,2020-03-01 00:00:00,FLG004,Modification Delinquency Requirement,modification_flag;days_past_due,modification_flag=1;days_past_due=0,warning,Loan modifications normally occur for delinquent accounts (DPD >= 60). Modifications on current/mildly delinquent loans trigger a warning.
LN100153,2024-11-01 00:00:00,FLG004,Modification Delinquency Requirement,modification_flag;days_past_due,modification_flag=1;days_past_due=0,warning,Loan modifications normally occur for delinquent accounts (DPD >= 60). Modifications on current/mildly delinquent loans trigger a warning.
LN100154,2021-12-01 00:00:00,FLG004,Modification Delinquency Requirement,modification_flag;days_past_due,modification_flag=1;days_past_due=0,warning,Loan modifications normally occur for delinquent accounts (DPD >= 60). Modifications on current/mildly delinquent loans trigger a warning.
LN100155,2025-06-01 00:00:00,FLG004,Modification Delinquency Requirement,modification_flag;days_past_due,modification_flag=1;days_past_due=0,warning,Loan modifications normally occur for delinquent accounts (DPD >= 60). Modifications on current/mildly delinquent loans trigger a warning.
LN100156,2019-03-01 00:00:00,FLG004,Modification Delinquency Requirement,modification_flag;days_past_due,modification_flag=1;days_past_due=0,warning,Loan modifications normally occur for delinquent accounts (DPD >= 60). Modifications on current/mildly delinquent loans trigger a warning.
LN100156,2020-12-01 00:00:00,FLG004,Modification Delinquency Requirement,modification_flag;days_past_due,modification_flag=1;days_past_due=0,warning,Loan modifications normally occur for delinquent accounts (DPD >= 60). Modifications on current/mildly delinquent loans trigger a warning.
LN100156,2023-04-01 00:00:00,FLG004,Modification Delinquency Requirement,modification_flag;days_past_due,modification_flag=1;days_past_due=0,warning,Loan modifications normally occur for delinquent accounts (DPD >= 60). Modifications on current/mildly delinquent loans trigger a warning.
LN100156,2024-07-01 00:00:00,FLG004,Modification Delinquency Requirement,modification_flag;days_past_due,modification_flag=1;days_past_due=0,warning,Loan modifications normally occur for delinquent accounts (DPD >= 60). Modifications on current/mildly delinquent loans trigger a warning.
LN100157,2023-01-01 00:00:00,FLG004,Modification Delinquency Requirement,modification_flag;days_past_due,modification_flag=1;days_past_due=0,warning,Loan modifications normally occur for delinquent accounts (DPD >= 60). Modifications on current/mildly delinquent loans trigger a warning.
LN100158,2022-08-01 00:00:00,FLG004,Modification Delinquency Requirement,modification_flag;days_past_due,modification_flag=1;days_past_due=0,warning,Loan modifications normally occur for delinquent accounts (DPD >= 60). Modifications on current/mildly delinquent loans trigger a warning.
LN100158,2023-03-01 00:00:00,FLG004,Modification Delinquency Requirement,modification_flag;days_past_due,modification_flag=1;days_past_due=0,warning,Loan modifications normally occur for delinquent accounts (DPD >= 60). Modifications on current/mildly delinquent loans trigger a warning.
LN100160,2025-07-01 00:00:00,FLG004,Modification Delinquency Requirement,modification_flag;days_past_due,modification_flag=1;days_past_due=0,warning,Loan modifications normally occur for delinquent accounts (DPD >= 60). Modifications on current/mildly delinquent loans trigger a warning.
LN100161,2023-08-01 00:00:00,FLG004,Modification Delinquency Requirement,modification_flag;days_past_due,modification_flag=1;days_past_due=0,warning,Loan modifications normally occur for delinquent accounts (DPD >= 60). Modifications on current/mildly delinquent loans trigger a warning.
LN100161,2025-06-01 00:00:00,FLG004,Modification Delinquency Requirement,modification_flag;days_past_due,modification_flag=1;days_past_due=0,warning,Loan modifications normally occur for delinquent accounts (DPD >= 60). Modifications on current/mildly delinquent loans trigger a warning.
LN100163,2025-06-01 00:00:00,FLG004,Modification Delinquency Requirement,modification_flag;days_past_due,modification_flag=1;days_past_due=0,warning,Loan modifications normally occur for delinquent accounts (DPD >= 60). Modifications on current/mildly delinquent loans trigger a warning.
LN100164,2024-03-01 00:00:00,FLG004,Modification Delinquency Requirement,modification_flag;days_past_due,modification_flag=1;days_past_due=0,warning,Loan modifications normally occur for delinquent accounts (DPD >= 60). Modifications on current/mildly delinquent loans trigger a warning.
LN100169,2019-07-01 00:00:00,FLG004,Modification Delinquency Requirement,modification_flag;days_past_due,modification_flag=1;days_past_due=0,warning,Loan modifications normally occur for delinquent accounts (DPD >= 60). Modifications on current/mildly delinquent loans trigger a warning.
LN100172,2023-12-01 00:00:00,FLG004,Modification Delinquency Requirement,modification_flag;days_past_due,modification_flag=1;days_past_due=0,warning,Loan modifications normally occur for delinquent accounts (DPD >= 60). Modifications on current/mildly delinquent loans trigger a warning.
LN100176,2023-06-01 00:00:00,FLG004,Modification Delinquency Requirement,modification_flag;days_past_due,modification_flag=1;days_past_due=0,warning,Loan modifications normally occur for delinquent accounts (DPD >= 60). Modifications on current/mildly delinquent loans trigger a warning.
LN100177,2020-01-01 00:00:00,FLG004,Modification Delinquency Requirement,modification_flag;days_past_due,modification_flag=1;days_past_due=0,warning,Loan modifications normally occur for delinquent accounts (DPD >= 60). Modifications on current/mildly delinquent loans trigger a warning.
LN100180,2025-07-01 00:00:00,FLG004,Modification Delinquency Requirement,modification_flag;days_past_due,modification_flag=1;days_past_due=0,warning,Loan modifications normally occur for delinquent accounts (DPD >= 60). Modifications on current/mildly delinquent loans trigger a warning.
LN100181,2020-06-01 00:00:00,FLG004,Modification Delinquency Requirement,modification_flag;days_past_due,modification_flag=1;days_past_due=0,warning,Loan modifications normally occur for delinquent accounts (DPD >= 60). Modifications on current/mildly delinquent loans trigger a warning.
LN100185,2022-01-01 00:00:00,FLG004,Modification Delinquency Requirement,modification_flag;days_past_due,modification_flag=1;days_past_due=0,warning,Loan modifications normally occur for delinquent accounts (DPD >= 60). Modifications on current/mildly delinquent loans trigger a warning.
LN100185,2024-02-01 00:00:00,FLG004,Modification Delinquency Requirement,modification_flag;days_past_due,modification_flag=1;days_past_due=0,warning,Loan modifications normally occur for delinquent accounts (DPD >= 60). Modifications on current/mildly delinquent loans trigger a warning.
LN100185,2024-07-01 00:00:00,FLG004,Modification Delinquency Requirement,modification_flag;days_past_due,modification_flag=1;days_past_due=0,warning,Loan modifications normally occur for delinquent accounts (DPD >= 60). Modifications on current/mildly delinquent loans trigger a warning.
LN100185,2026-02-01 00:00:00,FLG004,Modification Delinquency Requirement,modification_flag;days_past_due,modification_flag=1;days_past_due=0,warning,Loan modifications normally occur for delinquent accounts (DPD >= 60). Modifications on current/mildly delinquent loans trigger a warning.
LN100187,2021-06-01 00:00:00,FLG004,Modification Delinquency Requirement,modification_flag;days_past_due,modification_flag=1;days_past_due=0,warning,Loan modifications normally occur for delinquent accounts (DPD >= 60). Modifications on current/mildly delinquent loans trigger a warning.
LN100188,2022-07-01 00:00:00,FLG004,Modification Delinquency Requirement,modification_flag;days_past_due,modification_flag=1;days_past_due=0,warning,Loan modifications normally occur for delinquent accounts (DPD >= 60). Modifications on current/mildly delinquent loans trigger a warning.
LN100188,2024-02-01 00:00:00,FLG004,Modification Delinquency Requirement,modification_flag;days_past_due,modification_flag=1;days_past_due=0,warning,Loan modifications normally occur for delinquent accounts (DPD >= 60). Modifications on current/mildly delinquent loans trigger a warning.
LN100189,2023-01-01 00:00:00,FLG004,Modification Delinquency Requirement,modification_flag;days_past_due,modification_flag=1;days_past_due=0,warning,Loan modifications normally occur for delinquent accounts (DPD >= 60). Modifications on current/mildly delinquent loans trigger a warning.
LN100190,2025-06-01 00:00:00,FLG004,Modification Delinquency Requirement,modification_flag;days_past_due,modification_flag=1;days_past_due=0,warning,Loan modifications normally occur for delinquent accounts (DPD >= 60). Modifications on current/mildly delinquent loans trigger a warning.
LN100194,2024-10-01 00:00:00,FLG004,Modification Delinquency Requirement,modification_flag;days_past_due,modification_flag=1;days_past_due=0,warning,Loan modifications normally occur for delinquent accounts (DPD >= 60). Modifications on current/mildly delinquent loans trigger a warning.
LN100195,2024-02-01 00:00:00,FLG004,Modification Delinquency Requirement,modification_flag;days_past_due,modification_flag=1;days_past_due=0,warning,Loan modifications normally occur for delinquent accounts (DPD >= 60). Modifications on current/mildly delinquent loans trigger a warning.
LN100198,2020-06-01 00:00:00,FLG004,Modification Delinquency Requirement,modification_flag;days_past_due,modification_flag=1;days_past_due=0,warning,Loan modifications normally occur for delinquent accounts (DPD >= 60). Modifications on current/mildly delinquent loans trigger a warning.
LN100198,2023-12-01 00:00:00,FLG004,Modification Delinquency Requirement,modification_flag;days_past_due,modification_flag=1;days_past_due=0,warning,Loan modifications normally occur for delinquent accounts (DPD >= 60). Modifications on current/mildly delinquent loans trigger a warning.
LN100200,2021-04-01 00:00:00,FLG004,Modification Delinquency Requirement,modification_flag;days_past_due,modification_flag=1;days_past_due=0,warning,Loan modifications normally occur for delinquent accounts (DPD >= 60). Modifications on current/mildly delinquent loans trigger a warning.
LN100200,2023-12-01 00:00:00,FLG004,Modification Delinquency Requirement,modification_flag;days_past_due,modification_flag=1;days_past_due=30,warning,Loan modifications normally occur for delinquent accounts (DPD >= 60). Modifications on current/mildly delinquent loans trigger a warning.
LN100201,2025-11-01 00:00:00,FLG004,Modification Delinquency Requirement,modification_flag;days_past_due,modification_flag=1;days_past_due=0,warning,Loan modifications normally occur for delinquent accounts (DPD >= 60). Modifications on current/mildly delinquent loans trigger a warning.
LN100204,2021-03-01 00:00:00,FLG004,Modification Delinquency Requirement,modification_flag;days_past_due,modification_flag=1;days_past_due=0,warning,Loan modifications normally occur for delinquent accounts (DPD >= 60). Modifications on current/mildly delinquent loans trigger a warning.
LN100209,2023-11-01 00:00:00,FLG004,Modification Delinquency Requirement,modification_flag;days_past_due,modification_flag=1;days_past_due=0,warning,Loan modifications normally occur for delinquent accounts (DPD >= 60). Modifications on current/mildly delinquent loans trigger a warning.
LN100211,2023-02-01 00:00:00,FLG004,Modification Delinquency Requirement,modification_flag;days_past_due,modification_flag=1;days_past_due=0,warning,Loan modifications normally occur for delinquent accounts (DPD >= 60). Modifications on current/mildly delinquent loans trigger a warning.
LN100213,2022-08-01 00:00:00,FLG004,Modification Delinquency Requirement,modification_flag;days_past_due,modification_flag=1;days_past_due=0,warning,Loan modifications normally occur for delinquent accounts (DPD >= 60). Modifications on current/mildly delinquent loans trigger a warning.
LN100215,2020-01-01 00:00:00,FLG004,Modification Delinquency Requirement,modification_flag;days_past_due,modification_flag=1;days_past_due=0,warning,Loan modifications normally occur for delinquent accounts (DPD >= 60). Modifications on current/mildly delinquent loans trigger a warning.
LN100217,2020-04-01 00:00:00,FLG004,Modification Delinquency Requirement,modification_flag;days_past_due,modification_flag=1;days_past_due=0,warning,Loan modifications normally occur for delinquent accounts (DPD >= 60). Modifications on current/mildly delinquent loans trigger a warning.
LN100218,2023-12-01 00:00:00,FLG004,Modification Delinquency Requirement,modification_flag;days_past_due,modification_flag=1;days_past_due=0,warning,Loan modifications normally occur for delinquent accounts (DPD >= 60). Modifications on current/mildly delinquent loans trigger a warning.
LN100218,2024-02-01 00:00:00,FLG004,Modification Delinquency Requirement,modification_flag;days_past_due,modification_flag=1;days_past_due=0,warning,Loan modifications normally occur for delinquent accounts (DPD >= 60). Modifications on current/mildly delinquent loans trigger a warning.
LN100222,2022-12-01 00:00:00,FLG004,Modification Delinquency Requirement,modification_flag;days_past_due,modification_flag=1;days_past_due=0,warning,Loan modifications normally occur for delinquent accounts (DPD >= 60). Modifications on current/mildly delinquent loans trigger a warning.
LN100222,2023-06-01 00:00:00,FLG004,Modification Delinquency Requirement,modification_flag;days_past_due,modification_flag=1;days_past_due=0,warning,Loan modifications normally occur for delinquent accounts (DPD >= 60). Modifications on current/mildly delinquent loans trigger a warning.
LN100226,2025-07-01 00:00:00,FLG004,Modification Delinquency Requirement,modification_flag;days_past_due,modification_flag=1;days_past_due=0,warning,Loan modifications normally occur for delinquent accounts (DPD >= 60). Modifications on current/mildly delinquent loans trigger a warning.
LN100229,2022-04-01 00:00:00,FLG004,Modification Delinquency Requirement,modification_flag;days_past_due,modification_flag=1;days_past_due=0,warning,Loan modifications normally occur for delinquent accounts (DPD >= 60). Modifications on current/mildly delinquent loans trigger a warning.
LN100229,2023-11-01 00:00:00,FLG004,Modification Delinquency Requirement,modification_flag;days_past_due,modification_flag=1;days_past_due=0,warning,Loan modifications normally occur for delinquent accounts (DPD >= 60). Modifications on current/mildly delinquent loans trigger a warning.
LN100235,2025-07-01 00:00:00,FLG004,Modification Delinquency Requirement,modification_flag;days_past_due,modification_flag=1;days_past_due=0,warning,Loan modifications normally occur for delinquent accounts (DPD >= 60). Modifications on current/mildly delinquent loans trigger a warning.
LN100237,2021-12-01 00:00:00,FLG004,Modification Delinquency Requirement,modification_flag;days_past_due,modification_flag=1;days_past_due=0,warning,Loan modifications normally occur for delinquent accounts (DPD >= 60). Modifications on current/mildly delinquent loans trigger a warning.
LN100238,2022-02-01 00:00:00,FLG004,Modification Delinquency Requirement,modification_flag;days_past_due,modification_flag=1;days_past_due=0,warning,Loan modifications normally occur for delinquent accounts (DPD >= 60). Modifications on current/mildly delinquent loans trigger a warning.
LN100238,2025-11-01 00:00:00,FLG004,Modification Delinquency Requirement,modification_flag;days_past_due,modification_flag=1;days_past_due=0,warning,Loan modifications normally occur for delinquent accounts (DPD >= 60). Modifications on current/mildly delinquent loans trigger a warning.
LN100242,2019-05-01 00:00:00,FLG004,Modification Delinquency Requirement,modification_flag;days_past_due,modification_flag=1;days_past_due=0,warning,Loan modifications normally occur for delinquent accounts (DPD >= 60). Modifications on current/mildly delinquent loans trigger a warning.
LN100243,2025-01-01 00:00:00,FLG004,Modification Delinquency Requirement,modification_flag;days_past_due,modification_flag=1;days_past_due=0,warning,Loan modifications normally occur for delinquent accounts (DPD >= 60). Modifications on current/mildly delinquent loans trigger a warning.
LN100245,2020-11-01 00:00:00,FLG004,Modification Delinquency Requirement,modification_flag;days_past_due,modification_flag=1;days_past_due=30,warning,Loan modifications normally occur for delinquent accounts (DPD >= 60). Modifications on current/mildly delinquent loans trigger a warning.
LN100246,2025-08-01 00:00:00,FLG004,Modification Delinquency Requirement,modification_flag;days_past_due,modification_flag=1;days_past_due=0,warning,Loan modifications normally occur for delinquent accounts (DPD >= 60). Modifications on current/mildly delinquent loans trigger a warning.
LN100247,2021-03-01 00:00:00,FLG004,Modification Delinquency Requirement,modification_flag;days_past_due,modification_flag=1;days_past_due=0,warning,Loan modifications normally occur for delinquent accounts (DPD >= 60). Modifications on current/mildly delinquent loans trigger a warning.
LN100247,2022-04-01 00:00:00,FLG004,Modification Delinquency Requirement,modification_flag;days_past_due,modification_flag=1;days_past_due=0,warning,Loan modifications normally occur for delinquent accounts (DPD >= 60). Modifications on current/mildly delinquent loans trigger a warning.
LN100251,2021-12-01 00:00:00,FLG004,Modification Delinquency Requirement,modification_flag;days_past_due,modification_flag=1;days_past_due=0,warning,Loan modifications normally occur for delinquent accounts (DPD >= 60). Modifications on current/mildly delinquent loans trigger a warning.
LN100255,2021-06-01 00:00:00,FLG004,Modification Delinquency Requirement,modification_flag;days_past_due,modification_flag=1;days_past_due=0,warning,Loan modifications normally occur for delinquent accounts (DPD >= 60). Modifications on current/mildly delinquent loans trigger a warning.
LN100255,2022-05-01 00:00:00,FLG004,Modification Delinquency Requirement,modification_flag;days_past_due,modification_flag=1;days_past_due=0,warning,Loan modifications normally occur for delinquent accounts (DPD >= 60). Modifications on current/mildly delinquent loans trigger a warning.
LN100258,2019-05-01 00:00:00,FLG004,Modification Delinquency Requirement,modification_flag;days_past_due,modification_flag=1;days_past_due=0,warning,Loan modifications normally occur for delinquent accounts (DPD >= 60). Modifications on current/mildly delinquent loans trigger a warning.
LN100258,2020-07-01 00:00:00,FLG004,Modification Delinquency Requirement,modification_flag;days_past_due,modification_flag=1;days_past_due=0,warning,Loan modifications normally occur for delinquent accounts (DPD >= 60). Modifications on current/mildly delinquent loans trigger a warning.
LN100258,2022-12-01 00:00:00,FLG004,Modification Delinquency Requirement,modification_flag;days_past_due,modification_flag=1;days_past_due=0,warning,Loan modifications normally occur for delinquent accounts (DPD >= 60). Modifications on current/mildly delinquent loans trigger a warning.
LN100258,2023-02-01 00:00:00,FLG004,Modification Delinquency Requirement,modification_flag;days_past_due,modification_flag=1;days_past_due=0,warning,Loan modifications normally occur for delinquent accounts (DPD >= 60). Modifications on current/mildly delinquent loans trigger a warning.
LN100261,2022-05-01 00:00:00,FLG004,Modification Delinquency Requirement,modification_flag;days_past_due,modification_flag=1;days_past_due=0,warning,Loan modifications normally occur for delinquent accounts (DPD >= 60). Modifications on current/mildly delinquent loans trigger a warning.
LN100262,2020-10-01 00:00:00,FLG004,Modification Delinquency Requirement,modification_flag;days_past_due,modification_flag=1;days_past_due=0,warning,Loan modifications normally occur for delinquent accounts (DPD >= 60). Modifications on current/mildly delinquent loans trigger a warning.
LN100265,2024-10-01 00:00:00,FLG004,Modification Delinquency Requirement,modification_flag;days_past_due,modification_flag=1;days_past_due=0,warning,Loan modifications normally occur for delinquent accounts (DPD >= 60). Modifications on current/mildly delinquent loans trigger a warning.
LN100268,2022-05-01 00:00:00,FLG004,Modification Delinquency Requirement,modification_flag;days_past_due,modification_flag=1;days_past_due=30,warning,Loan modifications normally occur for delinquent accounts (DPD >= 60). Modifications on current/mildly delinquent loans trigger a warning.
LN100269,2026-05-01 00:00:00,FLG004,Modification Delinquency Requirement,modification_flag;days_past_due,modification_flag=1;days_past_due=0,warning,Loan modifications normally occur for delinquent accounts (DPD >= 60). Modifications on current/mildly delinquent loans trigger a warning.
LN100270,2022-10-01 00:00:00,FLG004,Modification Delinquency Requirement,modification_flag;days_past_due,modification_flag=1;days_past_due=0,warning,Loan modifications normally occur for delinquent accounts (DPD >= 60). Modifications on current/mildly delinquent loans trigger a warning.
LN100274,2021-06-01 00:00:00,FLG004,Modification Delinquency Requirement,modification_flag;days_past_due,modification_flag=1;days_past_due=0,warning,Loan modifications normally occur for delinquent accounts (DPD >= 60). Modifications on current/mildly delinquent loans trigger a warning.
LN100275,2021-10-01 00:00:00,FLG004,Modification Delinquency Requirement,modification_flag;days_past_due,modification_flag=1;days_past_due=0,warning,Loan modifications normally occur for delinquent accounts (DPD >= 60). Modifications on current/mildly delinquent loans trigger a warning.
LN100276,2021-06-01 00:00:00,FLG004,Modification Delinquency Requirement,modification_flag;days_past_due,modification_flag=1;days_past_due=0,warning,Loan modifications normally occur for delinquent accounts (DPD >= 60). Modifications on current/mildly delinquent loans trigger a warning.
LN100278,2020-05-01 00:00:00,FLG004,Modification Delinquency Requirement,modification_flag;days_past_due,modification_flag=1;days_past_due=0,warning,Loan modifications normally occur for delinquent accounts (DPD >= 60). Modifications on current/mildly delinquent loans trigger a warning.
LN100281,2021-06-01 00:00:00,FLG004,Modification Delinquency Requirement,modification_flag;days_past_due,modification_flag=1;days_past_due=0,warning,Loan modifications normally occur for delinquent accounts (DPD >= 60). Modifications on current/mildly delinquent loans trigger a warning.
LN100282,2024-08-01 00:00:00,FLG004,Modification Delinquency Requirement,modification_flag;days_past_due,modification_flag=1;days_past_due=0,warning,Loan modifications normally occur for delinquent accounts (DPD >= 60). Modifications on current/mildly delinquent loans trigger a warning.
LN100283,2022-02-01 00:00:00,FLG004,Modification Delinquency Requirement,modification_flag;days_past_due,modification_flag=1;days_past_due=0,warning,Loan modifications normally occur for delinquent accounts (DPD >= 60). Modifications on current/mildly delinquent loans trigger a warning.
LN100283,2025-02-01 00:00:00,FLG004,Modification Delinquency Requirement,modification_flag;days_past_due,modification_flag=1;days_past_due=0,warning,Loan modifications normally occur for delinquent accounts (DPD >= 60). Modifications on current/mildly delinquent loans trigger a warning.
LN100286,2019-07-01 00:00:00,FLG004,Modification Delinquency Requirement,modification_flag;days_past_due,modification_flag=1;days_past_due=0,warning,Loan modifications normally occur for delinquent accounts (DPD >= 60). Modifications on current/mildly delinquent loans trigger a warning.
LN100286,2019-11-01 00:00:00,FLG004,Modification Delinquency Requirement,modification_flag;days_past_due,modification_flag=1;days_past_due=0,warning,Loan modifications normally occur for delinquent accounts (DPD >= 60). Modifications on current/mildly delinquent loans trigger a warning.
LN100286,2020-04-01 00:00:00,FLG004,Modification Delinquency Requirement,modification_flag;days_past_due,modification_flag=1;days_past_due=0,warning,Loan modifications normally occur for delinquent accounts (DPD >= 60). Modifications on current/mildly delinquent loans trigger a warning.
LN100286,2021-10-01 00:00:00,FLG004,Modification Delinquency Requirement,modification_flag;days_past_due,modification_flag=1;days_past_due=0,warning,Loan modifications normally occur for delinquent accounts (DPD >= 60). Modifications on current/mildly delinquent loans trigger a warning.
LN100287,2022-05-01 00:00:00,FLG004,Modification Delinquency Requirement,modification_flag;days_past_due,modification_flag=1;days_past_due=0,warning,Loan modifications normally occur for delinquent accounts (DPD >= 60). Modifications on current/mildly delinquent loans trigger a warning.
LN100289,2023-01-01 00:00:00,FLG004,Modification Delinquency Requirement,modification_flag;days_past_due,modification_flag=1;days_past_due=0,warning,Loan modifications normally occur for delinquent accounts (DPD >= 60). Modifications on current/mildly delinquent loans trigger a warning.
LN100294,2022-02-01 00:00:00,FLG004,Modification Delinquency Requirement,modification_flag;days_past_due,modification_flag=1;days_past_due=0,warning,Loan modifications normally occur for delinquent accounts (DPD >= 60). Modifications on current/mildly delinquent loans trigger a warning.
LN100298,2020-03-01 00:00:00,FLG004,Modification Delinquency Requirement,modification_flag;days_past_due,modification_flag=1;days_past_due=0,warning,Loan modifications normally occur for delinquent accounts (DPD >= 60). Modifications on current/mildly delinquent loans trigger a warning.
LN100298,2021-10-01 00:00:00,FLG004,Modification Delinquency Requirement,modification_flag;days_past_due,modification_flag=1;days_past_due=0,warning,Loan modifications normally occur for delinquent accounts (DPD >= 60). Modifications on current/mildly delinquent loans trigger a warning.
LN100298,2022-04-01 00:00:00,FLG004,Modification Delinquency Requirement,modification_flag;days_past_due,modification_flag=1;days_past_due=0,warning,Loan modifications normally occur for delinquent accounts (DPD >= 60). Modifications on current/mildly delinquent loans trigger a warning.
LN100303,2024-07-01 00:00:00,FLG004,Modification Delinquency Requirement,modification_flag;days_past_due,modification_flag=1;days_past_due=0,warning,Loan modifications normally occur for delinquent accounts (DPD >= 60). Modifications on current/mildly delinquent loans trigger a warning.
LN100303,2026-01-01 00:00:00,FLG004,Modification Delinquency Requirement,modification_flag;days_past_due,modification_flag=1;days_past_due=30,warning,Loan modifications normally occur for delinquent accounts (DPD >= 60). Modifications on current/mildly delinquent loans trigger a warning.
LN100303,2026-02-01 00:00:00,FLG004,Modification Delinquency Requirement,modification_flag;days_past_due,modification_flag=1;days_past_due=0,warning,Loan modifications normally occur for delinquent accounts (DPD >= 60). Modifications on current/mildly delinquent loans trigger a warning.
LN100304,2023-03-01 00:00:00,FLG004,Modification Delinquency Requirement,modification_flag;days_past_due,modification_flag=1;days_past_due=0,warning,Loan modifications normally occur for delinquent accounts (DPD >= 60). Modifications on current/mildly delinquent loans trigger a warning.
LN100304,2023-05-01 00:00:00,FLG004,Modification Delinquency Requirement,modification_flag;days_past_due,modification_flag=1;days_past_due=0,warning,Loan modifications normally occur for delinquent accounts (DPD >= 60). Modifications on current/mildly delinquent loans trigger a warning.
LN100304,2024-08-01 00:00:00,FLG004,Modification Delinquency Requirement,modification_flag;days_past_due,modification_flag=1;days_past_due=0,warning,Loan modifications normally occur for delinquent accounts (DPD >= 60). Modifications on current/mildly delinquent loans trigger a warning.
LN100305,2019-12-01 00:00:00,FLG004,Modification Delinquency Requirement,modification_flag;days_past_due,modification_flag=1;days_past_due=0,warning,Loan modifications normally occur for delinquent accounts (DPD >= 60). Modifications on current/mildly delinquent loans trigger a warning.
LN100307,2022-01-01 00:00:00,FLG004,Modification Delinquency Requirement,modification_flag;days_past_due,modification_flag=1;days_past_due=0,warning,Loan modifications normally occur for delinquent accounts (DPD >= 60). Modifications on current/mildly delinquent loans trigger a warning.
LN100307,2025-06-01 00:00:00,FLG004,Modification Delinquency Requirement,modification_flag;days_past_due,modification_flag=1;days_past_due=0,warning,Loan modifications normally occur for delinquent accounts (DPD >= 60). Modifications on current/mildly delinquent loans trigger a warning.
LN100310,2023-01-01 00:00:00,FLG004,Modification Delinquency Requirement,modification_flag;days_past_due,modification_flag=1;days_past_due=0,warning,Loan modifications normally occur for delinquent accounts (DPD >= 60). Modifications on current/mildly delinquent loans trigger a warning.
LN100314,2020-05-01 00:00:00,FLG004,Modification Delinquency Requirement,modification_flag;days_past_due,modification_flag=1;days_past_due=0,warning,Loan modifications normally occur for delinquent accounts (DPD >= 60). Modifications on current/mildly delinquent loans trigger a warning.
LN100315,2023-12-01 00:00:00,FLG004,Modification Delinquency Requirement,modification_flag;days_past_due,modification_flag=1;days_past_due=0,warning,Loan modifications normally occur for delinquent accounts (DPD >= 60). Modifications on current/mildly delinquent loans trigger a warning.
LN100316,2024-02-01 00:00:00,FLG004,Modification Delinquency Requirement,modification_flag;days_past_due,modification_flag=1;days_past_due=0,warning,Loan modifications normally occur for delinquent accounts (DPD >= 60). Modifications on current/mildly delinquent loans trigger a warning.
LN100316,2025-05-01 00:00:00,FLG004,Modification Delinquency Requirement,modification_flag;days_past_due,modification_flag=1;days_past_due=30,warning,Loan modifications normally occur for delinquent accounts (DPD >= 60). Modifications on current/mildly delinquent loans trigger a warning.
LN100320,2023-01-01 00:00:00,FLG004,Modification Delinquency Requirement,modification_flag;days_past_due,modification_flag=1;days_past_due=0,warning,Loan modifications normally occur for delinquent accounts (DPD >= 60). Modifications on current/mildly delinquent loans trigger a warning.
LN100320,2024-06-01 00:00:00,FLG004,Modification Delinquency Requirement,modification_flag;days_past_due,modification_flag=1;days_past_due=0,warning,Loan modifications normally occur for delinquent accounts (DPD >= 60). Modifications on current/mildly delinquent loans trigger a warning.
LN100320,2024-10-01 00:00:00,FLG004,Modification Delinquency Requirement,modification_flag;days_past_due,modification_flag=1;days_past_due=0,warning,Loan modifications normally occur for delinquent accounts (DPD >= 60). Modifications on current/mildly delinquent loans trigger a warning.
LN100320,2025-02-01 00:00:00,FLG004,Modification Delinquency Requirement,modification_flag;days_past_due,modification_flag=1;days_past_due=0,warning,Loan modifications normally occur for delinquent accounts (DPD >= 60). Modifications on current/mildly delinquent loans trigger a warning.
LN100321,2021-11-01 00:00:00,FLG004,Modification Delinquency Requirement,modification_flag;days_past_due,modification_flag=1;days_past_due=0,warning,Loan modifications normally occur for delinquent accounts (DPD >= 60). Modifications on current/mildly delinquent loans trigger a warning.
LN100323,2025-09-01 00:00:00,FLG004,Modification Delinquency Requirement,modification_flag;days_past_due,modification_flag=1;days_past_due=0,warning,Loan modifications normally occur for delinquent accounts (DPD >= 60). Modifications on current/mildly delinquent loans trigger a warning.
LN100325,2020-12-01 00:00:00,FLG004,Modification Delinquency Requirement,modification_flag;days_past_due,modification_flag=1;days_past_due=0,warning,Loan modifications normally occur for delinquent accounts (DPD >= 60). Modifications on current/mildly delinquent loans trigger a warning.
LN100326,2022-01-01 00:00:00,FLG004,Modification Delinquency Requirement,modification_flag;days_past_due,modification_flag=1;days_past_due=0,warning,Loan modifications normally occur for delinquent accounts (DPD >= 60). Modifications on current/mildly delinquent loans trigger a warning.
LN100329,2025-02-01 00:00:00,FLG004,Modification Delinquency Requirement,modification_flag;days_past_due,modification_flag=1;days_past_due=0,warning,Loan modifications normally occur for delinquent accounts (DPD >= 60). Modifications on current/mildly delinquent loans trigger a warning.
LN100333,2024-06-01 00:00:00,FLG004,Modification Delinquency Requirement,modification_flag;days_past_due,modification_flag=1;days_past_due=0,warning,Loan modifications normally occur for delinquent accounts (DPD >= 60). Modifications on current/mildly delinquent loans trigger a warning.
LN100334,2023-06-01 00:00:00,FLG004,Modification Delinquency Requirement,modification_flag;days_past_due,modification_flag=1;days_past_due=0,warning,Loan modifications normally occur for delinquent accounts (DPD >= 60). Modifications on current/mildly delinquent loans trigger a warning.
LN100334,2025-12-01 00:00:00,FLG004,Modification Delinquency Requirement,modification_flag;days_past_due,modification_flag=1;days_past_due=0,warning,Loan modifications normally occur for delinquent accounts (DPD >= 60). Modifications on current/mildly delinquent loans trigger a warning.
LN100337,2020-10-01 00:00:00,FLG004,Modification Delinquency Requirement,modification_flag;days_past_due,modification_flag=1;days_past_due=0,warning,Loan modifications normally occur for delinquent accounts (DPD >= 60). Modifications on current/mildly delinquent loans trigger a warning.
LN100343,2023-07-01 00:00:00,FLG004,Modification Delinquency Requirement,modification_flag;days_past_due,modification_flag=1;days_past_due=0,warning,Loan modifications normally occur for delinquent accounts (DPD >= 60). Modifications on current/mildly delinquent loans trigger a warning.
LN100345,2022-10-01 00:00:00,FLG004,Modification Delinquency Requirement,modification_flag;days_past_due,modification_flag=1;days_past_due=0,warning,Loan modifications normally occur for delinquent accounts (DPD >= 60). Modifications on current/mildly delinquent loans trigger a warning.
LN100350,2022-02-01 00:00:00,FLG004,Modification Delinquency Requirement,modification_flag;days_past_due,modification_flag=1;days_past_due=0,warning,Loan modifications normally occur for delinquent accounts (DPD >= 60). Modifications on current/mildly delinquent loans trigger a warning.
LN100350,2023-05-01 00:00:00,FLG004,Modification Delinquency Requirement,modification_flag;days_past_due,modification_flag=1;days_past_due=0,warning,Loan modifications normally occur for delinquent accounts (DPD >= 60). Modifications on current/mildly delinquent loans trigger a warning.
LN100353,2024-10-01 00:00:00,FLG004,Modification Delinquency Requirement,modification_flag;days_past_due,modification_flag=1;days_past_due=0,warning,Loan modifications normally occur for delinquent accounts (DPD >= 60). Modifications on current/mildly delinquent loans trigger a warning.
LN100355,2025-08-01 00:00:00,FLG004,Modification Delinquency Requirement,modification_flag;days_past_due,modification_flag=1;days_past_due=0,warning,Loan modifications normally occur for delinquent accounts (DPD >= 60). Modifications on current/mildly delinquent loans trigger a warning.
LN100362,2022-08-01 00:00:00,FLG004,Modification Delinquency Requirement,modification_flag;days_past_due,modification_flag=1;days_past_due=0,warning,Loan modifications normally occur for delinquent accounts (DPD >= 60). Modifications on current/mildly delinquent loans trigger a warning.
LN100364,2018-12-01 00:00:00,FLG004,Modification Delinquency Requirement,modification_flag;days_past_due,modification_flag=1;days_past_due=0,warning,Loan modifications normally occur for delinquent accounts (DPD >= 60). Modifications on current/mildly delinquent loans trigger a warning.
LN100367,2021-09-01 00:00:00,FLG004,Modification Delinquency Requirement,modification_flag;days_past_due,modification_flag=1;days_past_due=0,warning,Loan modifications normally occur for delinquent accounts (DPD >= 60). Modifications on current/mildly delinquent loans trigger a warning.
LN100368,2020-02-01 00:00:00,FLG004,Modification Delinquency Requirement,modification_flag;days_past_due,modification_flag=1;days_past_due=0,warning,Loan modifications normally occur for delinquent accounts (DPD >= 60). Modifications on current/mildly delinquent loans trigger a warning.
LN100370,2023-12-01 00:00:00,FLG004,Modification Delinquency Requirement,modification_flag;days_past_due,modification_flag=1;days_past_due=0,warning,Loan modifications normally occur for delinquent accounts (DPD >= 60). Modifications on current/mildly delinquent loans trigger a warning.
LN100370,2025-02-01 00:00:00,FLG004,Modification Delinquency Requirement,modification_flag;days_past_due,modification_flag=1;days_past_due=30,warning,Loan modifications normally occur for delinquent accounts (DPD >= 60). Modifications on current/mildly delinquent loans trigger a warning.
LN100372,2022-02-01 00:00:00,FLG004,Modification Delinquency Requirement,modification_flag;days_past_due,modification_flag=1;days_past_due=0,warning,Loan modifications normally occur for delinquent accounts (DPD >= 60). Modifications on current/mildly delinquent loans trigger a warning.
LN100372,2022-04-01 00:00:00,FLG004,Modification Delinquency Requirement,modification_flag;days_past_due,modification_flag=1;days_past_due=0,warning,Loan modifications normally occur for delinquent accounts (DPD >= 60). Modifications on current/mildly delinquent loans trigger a warning.
LN100373,2020-09-01 00:00:00,FLG004,Modification Delinquency Requirement,modification_flag;days_past_due,modification_flag=1;days_past_due=0,warning,Loan modifications normally occur for delinquent accounts (DPD >= 60). Modifications on current/mildly delinquent loans trigger a warning.
LN100375,2019-02-01 00:00:00,FLG004,Modification Delinquency Requirement,modification_flag;days_past_due,modification_flag=1;days_past_due=30,warning,Loan modifications normally occur for delinquent accounts (DPD >= 60). Modifications on current/mildly delinquent loans trigger a warning.
LN100375,2020-12-01 00:00:00,FLG004,Modification Delinquency Requirement,modification_flag;days_past_due,modification_flag=1;days_past_due=0,warning,Loan modifications normally occur for delinquent accounts (DPD >= 60). Modifications on current/mildly delinquent loans trigger a warning.
LN100378,2024-04-01 00:00:00,FLG004,Modification Delinquency Requirement,modification_flag;days_past_due,modification_flag=1;days_past_due=0,warning,Loan modifications normally occur for delinquent accounts (DPD >= 60). Modifications on current/mildly delinquent loans trigger a warning.
LN100378,2024-10-01 00:00:00,FLG004,Modification Delinquency Requirement,modification_flag;days_past_due,modification_flag=1;days_past_due=0,warning,Loan modifications normally occur for delinquent accounts (DPD >= 60). Modifications on current/mildly delinquent loans trigger a warning.
LN100383,2023-10-01 00:00:00,FLG004,Modification Delinquency Requirement,modification_flag;days_past_due,modification_flag=1;days_past_due=0,warning,Loan modifications normally occur for delinquent accounts (DPD >= 60). Modifications on current/mildly delinquent loans trigger a warning.
LN100383,2025-01-01 00:00:00,FLG004,Modification Delinquency Requirement,modification_flag;days_past_due,modification_flag=1;days_past_due=0,warning,Loan modifications normally occur for delinquent accounts (DPD >= 60). Modifications on current/mildly delinquent loans trigger a warning.
LN100386,2022-03-01 00:00:00,FLG004,Modification Delinquency Requirement,modification_flag;days_past_due,modification_flag=1;days_past_due=0,warning,Loan modifications normally occur for delinquent accounts (DPD >= 60). Modifications on current/mildly delinquent loans trigger a warning.
LN100388,2024-12-01 00:00:00,FLG004,Modification Delinquency Requirement,modification_flag;days_past_due,modification_flag=1;days_past_due=0,warning,Loan modifications normally occur for delinquent accounts (DPD >= 60). Modifications on current/mildly delinquent loans trigger a warning.
LN100390,2023-05-01 00:00:00,FLG004,Modification Delinquency Requirement,modification_flag;days_past_due,modification_flag=1;days_past_due=0,warning,Loan modifications normally occur for delinquent accounts (DPD >= 60). Modifications on current/mildly delinquent loans trigger a warning.
LN100391,2022-05-01 00:00:00,FLG004,Modification Delinquency Requirement,modification_flag;days_past_due,modification_flag=1;days_past_due=0,warning,Loan modifications normally occur for delinquent accounts (DPD >= 60). Modifications on current/mildly delinquent loans trigger a warning.
LN100393,2025-04-01 00:00:00,FLG004,Modification Delinquency Requirement,modification_flag;days_past_due,modification_flag=1;days_past_due=0,warning,Loan modifications normally occur for delinquent accounts (DPD >= 60). Modifications on current/mildly delinquent loans trigger a warning.
LN100393,2025-08-01 00:00:00,FLG004,Modification Delinquency Requirement,modification_flag;days_past_due,modification_flag=1;days_past_due=0,warning,Loan modifications normally occur for delinquent accounts (DPD >= 60). Modifications on current/mildly delinquent loans trigger a warning.
LN100393,2025-10-01 00:00:00,FLG004,Modification Delinquency Requirement,modification_flag;days_past_due,modification_flag=1;days_past_due=0,warning,Loan modifications normally occur for delinquent accounts (DPD >= 60). Modifications on current/mildly delinquent loans trigger a warning.
LN100401,2023-11-01 00:00:00,FLG004,Modification Delinquency Requirement,modification_flag;days_past_due,modification_flag=1;days_past_due=30,warning,Loan modifications normally occur for delinquent accounts (DPD >= 60). Modifications on current/mildly delinquent loans trigger a warning.
LN100401,2024-09-01 00:00:00,FLG004,Modification Delinquency Requirement,modification_flag;days_past_due,modification_flag=1;days_past_due=0,warning,Loan modifications normally occur for delinquent accounts (DPD >= 60). Modifications on current/mildly delinquent loans trigger a warning.
LN100408,2025-04-01 00:00:00,FLG004,Modification Delinquency Requirement,modification_flag;days_past_due,modification_flag=1;days_past_due=0,warning,Loan modifications normally occur for delinquent accounts (DPD >= 60). Modifications on current/mildly delinquent loans trigger a warning.
LN100410,2022-08-01 00:00:00,FLG004,Modification Delinquency Requirement,modification_flag;days_past_due,modification_flag=1;days_past_due=0,warning,Loan modifications normally occur for delinquent accounts (DPD >= 60). Modifications on current/mildly delinquent loans trigger a warning.
LN100411,2019-10-01 00:00:00,FLG004,Modification Delinquency Requirement,modification_flag;days_past_due,modification_flag=1;days_past_due=0,warning,Loan modifications normally occur for delinquent accounts (DPD >= 60). Modifications on current/mildly delinquent loans trigger a warning.
LN100412,2020-11-01 00:00:00,FLG004,Modification Delinquency Requirement,modification_flag;days_past_due,modification_flag=1;days_past_due=0,warning,Loan modifications normally occur for delinquent accounts (DPD >= 60). Modifications on current/mildly delinquent loans trigger a warning.
LN100412,2021-09-01 00:00:00,FLG004,Modification Delinquency Requirement,modification_flag;days_past_due,modification_flag=1;days_past_due=0,warning,Loan modifications normally occur for delinquent accounts (DPD >= 60). Modifications on current/mildly delinquent loans trigger a warning.
LN100413,2019-11-01 00:00:00,FLG004,Modification Delinquency Requirement,modification_flag;days_past_due,modification_flag=1;days_past_due=0,warning,Loan modifications normally occur for delinquent accounts (DPD >= 60). Modifications on current/mildly delinquent loans trigger a warning.
LN100413,2021-08-01 00:00:00,FLG004,Modification Delinquency Requirement,modification_flag;days_past_due,modification_flag=1;days_past_due=0,warning,Loan modifications normally occur for delinquent accounts (DPD >= 60). Modifications on current/mildly delinquent loans trigger a warning.
LN100413,2023-06-01 00:00:00,FLG004,Modification Delinquency Requirement,modification_flag;days_past_due,modification_flag=1;days_past_due=0,warning,Loan modifications normally occur for delinquent accounts (DPD >= 60). Modifications on current/mildly delinquent loans trigger a warning.
LN100414,2020-04-01 00:00:00,FLG004,Modification Delinquency Requirement,modification_flag;days_past_due,modification_flag=1;days_past_due=0,warning,Loan modifications normally occur for delinquent accounts (DPD >= 60). Modifications on current/mildly delinquent loans trigger a warning.
LN100415,2026-05-01 00:00:00,FLG004,Modification Delinquency Requirement,modification_flag;days_past_due,modification_flag=1;days_past_due=0,warning,Loan modifications normally occur for delinquent accounts (DPD >= 60). Modifications on current/mildly delinquent loans trigger a warning.
LN100417,2021-10-01 00:00:00,FLG004,Modification Delinquency Requirement,modification_flag;days_past_due,modification_flag=1;days_past_due=0,warning,Loan modifications normally occur for delinquent accounts (DPD >= 60). Modifications on current/mildly delinquent loans trigger a warning.
LN100417,2022-05-01 00:00:00,FLG004,Modification Delinquency Requirement,modification_flag;days_past_due,modification_flag=1;days_past_due=30,warning,Loan modifications normally occur for delinquent accounts (DPD >= 60). Modifications on current/mildly delinquent loans trigger a warning.
LN100419,2022-01-01 00:00:00,FLG004,Modification Delinquency Requirement,modification_flag;days_past_due,modification_flag=1;days_past_due=0,warning,Loan modifications normally occur for delinquent accounts (DPD >= 60). Modifications on current/mildly delinquent loans trigger a warning.
LN100419,2023-08-01 00:00:00,FLG004,Modification Delinquency Requirement,modification_flag;days_past_due,modification_flag=1;days_past_due=0,warning,Loan modifications normally occur for delinquent accounts (DPD >= 60). Modifications on current/mildly delinquent loans trigger a warning.
LN100420,2024-11-01 00:00:00,FLG004,Modification Delinquency Requirement,modification_flag;days_past_due,modification_flag=1;days_past_due=0,warning,Loan modifications normally occur for delinquent accounts (DPD >= 60). Modifications on current/mildly delinquent loans trigger a warning.
LN100420,2025-07-01 00:00:00,FLG004,Modification Delinquency Requirement,modification_flag;days_past_due,modification_flag=1;days_past_due=0,warning,Loan modifications normally occur for delinquent accounts (DPD >= 60). Modifications on current/mildly delinquent loans trigger a warning.
LN100421,2025-10-01 00:00:00,FLG004,Modification Delinquency Requirement,modification_flag;days_past_due,modification_flag=1;days_past_due=0,warning,Loan modifications normally occur for delinquent accounts (DPD >= 60). Modifications on current/mildly delinquent loans trigger a warning.
LN100422,2024-11-01 00:00:00,FLG004,Modification Delinquency Requirement,modification_flag;days_past_due,modification_flag=1;days_past_due=0,warning,Loan modifications normally occur for delinquent accounts (DPD >= 60). Modifications on current/mildly delinquent loans trigger a warning.
LN100424,2022-02-01 00:00:00,FLG004,Modification Delinquency Requirement,modification_flag;days_past_due,modification_flag=1;days_past_due=0,warning,Loan modifications normally occur for delinquent accounts (DPD >= 60). Modifications on current/mildly delinquent loans trigger a warning.
LN100424,2025-06-01 00:00:00,FLG004,Modification Delinquency Requirement,modification_flag;days_past_due,modification_flag=1;days_past_due=0,warning,Loan modifications normally occur for delinquent accounts (DPD >= 60). Modifications on current/mildly delinquent loans trigger a warning.
LN100425,2025-09-01 00:00:00,FLG004,Modification Delinquency Requirement,modification_flag;days_past_due,modification_flag=1;days_past_due=0,warning,Loan modifications normally occur for delinquent accounts (DPD >= 60). Modifications on current/mildly delinquent loans trigger a warning.
LN100429,2023-09-01 00:00:00,FLG004,Modification Delinquency Requirement,modification_flag;days_past_due,modification_flag=1;days_past_due=0,warning,Loan modifications normally occur for delinquent accounts (DPD >= 60). Modifications on current/mildly delinquent loans trigger a warning.
LN100430,2019-07-01 00:00:00,FLG004,Modification Delinquency Requirement,modification_flag;days_past_due,modification_flag=1;days_past_due=0,warning,Loan modifications normally occur for delinquent accounts (DPD >= 60). Modifications on current/mildly delinquent loans trigger a warning.
LN100431,2023-06-01 00:00:00,FLG004,Modification Delinquency Requirement,modification_flag;days_past_due,modification_flag=1;days_past_due=0,warning,Loan modifications normally occur for delinquent accounts (DPD >= 60). Modifications on current/mildly delinquent loans trigger a warning.
LN100431,2024-12-01 00:00:00,FLG004,Modification Delinquency Requirement,modification_flag;days_past_due,modification_flag=1;days_past_due=0,warning,Loan modifications normally occur for delinquent accounts (DPD >= 60). Modifications on current/mildly delinquent loans trigger a warning.
LN100431,2026-03-01 00:00:00,FLG004,Modification Delinquency Requirement,modification_flag;days_past_due,modification_flag=1;days_past_due=0,warning,Loan modifications normally occur for delinquent accounts (DPD >= 60). Modifications on current/mildly delinquent loans trigger a warning.
LN100431,2026-07-01 00:00:00,FLG004,Modification Delinquency Requirement,modification_flag;days_past_due,modification_flag=1;days_past_due=30,warning,Loan modifications normally occur for delinquent accounts (DPD >= 60). Modifications on current/mildly delinquent loans trigger a warning.
LN100432,2023-12-01 00:00:00,FLG004,Modification Delinquency Requirement,modification_flag;days_past_due,modification_flag=1;days_past_due=0,warning,Loan modifications normally occur for delinquent accounts (DPD >= 60). Modifications on current/mildly delinquent loans trigger a warning.
LN100433,2021-10-01 00:00:00,FLG004,Modification Delinquency Requirement,modification_flag;days_past_due,modification_flag=1;days_past_due=30,warning,Loan modifications normally occur for delinquent accounts (DPD >= 60). Modifications on current/mildly delinquent loans trigger a warning.
LN100436,2025-11-01 00:00:00,FLG004,Modification Delinquency Requirement,modification_flag;days_past_due,modification_flag=1;days_past_due=0,warning,Loan modifications normally occur for delinquent accounts (DPD >= 60). Modifications on current/mildly delinquent loans trigger a warning.
LN100439,2023-09-01 00:00:00,FLG004,Modification Delinquency Requirement,modification_flag;days_past_due,modification_flag=1;days_past_due=0,warning,Loan modifications normally occur for delinquent accounts (DPD >= 60). Modifications on current/mildly delinquent loans trigger a warning.
LN100439,2023-11-01 00:00:00,FLG004,Modification Delinquency Requirement,modification_flag;days_past_due,modification_flag=1;days_past_due=0,warning,Loan modifications normally occur for delinquent accounts (DPD >= 60). Modifications on current/mildly delinquent loans trigger a warning.
LN100441,2022-05-01 00:00:00,FLG004,Modification Delinquency Requirement,modification_flag;days_past_due,modification_flag=1;days_past_due=0,warning,Loan modifications normally occur for delinquent accounts (DPD >= 60). Modifications on current/mildly delinquent loans trigger a warning.
LN100442,2019-06-01 00:00:00,FLG004,Modification Delinquency Requirement,modification_flag;days_past_due,modification_flag=1;days_past_due=0,warning,Loan modifications normally occur for delinquent accounts (DPD >= 60). Modifications on current/mildly delinquent loans trigger a warning.
LN100446,2025-06-01 00:00:00,FLG004,Modification Delinquency Requirement,modification_flag;days_past_due,modification_flag=1;days_past_due=0,warning,Loan modifications normally occur for delinquent accounts (DPD >= 60). Modifications on current/mildly delinquent loans trigger a warning.
LN100449,2025-06-01 00:00:00,FLG004,Modification Delinquency Requirement,modification_flag;days_past_due,modification_flag=1;days_past_due=0,warning,Loan modifications normally occur for delinquent accounts (DPD >= 60). Modifications on current/mildly delinquent loans trigger a warning.
LN100451,2024-09-01 00:00:00,FLG004,Modification Delinquency Requirement,modification_flag;days_past_due,modification_flag=1;days_past_due=0,warning,Loan modifications normally occur for delinquent accounts (DPD >= 60). Modifications on current/mildly delinquent loans trigger a warning.
LN100451,2026-01-01 00:00:00,FLG004,Modification Delinquency Requirement,modification_flag;days_past_due,modification_flag=1;days_past_due=0,warning,Loan modifications normally occur for delinquent accounts (DPD >= 60). Modifications on current/mildly delinquent loans trigger a warning.
LN100452,2024-10-01 00:00:00,FLG004,Modification Delinquency Requirement,modification_flag;days_past_due,modification_flag=1;days_past_due=0,warning,Loan modifications normally occur for delinquent accounts (DPD >= 60). Modifications on current/mildly delinquent loans trigger a warning.
LN100453,2018-05-01 00:00:00,FLG004,Modification Delinquency Requirement,modification_flag;days_past_due,modification_flag=1;days_past_due=0,warning,Loan modifications normally occur for delinquent accounts (DPD >= 60). Modifications on current/mildly delinquent loans trigger a warning.
LN100453,2019-09-01 00:00:00,FLG004,Modification Delinquency Requirement,modification_flag;days_past_due,modification_flag=1;days_past_due=0,warning,Loan modifications normally occur for delinquent accounts (DPD >= 60). Modifications on current/mildly delinquent loans trigger a warning.
LN100456,2019-05-01 00:00:00,FLG004,Modification Delinquency Requirement,modification_flag;days_past_due,modification_flag=1;days_past_due=0,warning,Loan modifications normally occur for delinquent accounts (DPD >= 60). Modifications on current/mildly delinquent loans trigger a warning.
LN100457,2023-11-01 00:00:00,FLG004,Modification Delinquency Requirement,modification_flag;days_past_due,modification_flag=1;days_past_due=0,warning,Loan modifications normally occur for delinquent accounts (DPD >= 60). Modifications on current/mildly delinquent loans trigger a warning.
LN100457,2026-04-01 00:00:00,FLG004,Modification Delinquency Requirement,modification_flag;days_past_due,modification_flag=1;days_past_due=0,warning,Loan modifications normally occur for delinquent accounts (DPD >= 60). Modifications on current/mildly delinquent loans trigger a warning.
LN100462,2024-05-01 00:00:00,FLG004,Modification Delinquency Requirement,modification_flag;days_past_due,modification_flag=1;days_past_due=30,warning,Loan modifications normally occur for delinquent accounts (DPD >= 60). Modifications on current/mildly delinquent loans trigger a warning.
LN100466,2020-03-01 00:00:00,FLG004,Modification Delinquency Requirement,modification_flag;days_past_due,modification_flag=1;days_past_due=0,warning,Loan modifications normally occur for delinquent accounts (DPD >= 60). Modifications on current/mildly delinquent loans trigger a warning.
LN100466,2020-09-01 00:00:00,FLG004,Modification Delinquency Requirement,modification_flag;days_past_due,modification_flag=1;days_past_due=0,warning,Loan modifications normally occur for delinquent accounts (DPD >= 60). Modifications on current/mildly delinquent loans trigger a warning.
LN100467,2023-07-01 00:00:00,FLG004,Modification Delinquency Requirement,modification_flag;days_past_due,modification_flag=1;days_past_due=0,warning,Loan modifications normally occur for delinquent accounts (DPD >= 60). Modifications on current/mildly delinquent loans trigger a warning.
LN100467,2025-03-01 00:00:00,FLG004,Modification Delinquency Requirement,modification_flag;days_past_due,modification_flag=1;days_past_due=0,warning,Loan modifications normally occur for delinquent accounts (DPD >= 60). Modifications on current/mildly delinquent loans trigger a warning.
LN100468,2019-10-01 00:00:00,FLG004,Modification Delinquency Requirement,modification_flag;days_past_due,modification_flag=1;days_past_due=0,warning,Loan modifications normally occur for delinquent accounts (DPD >= 60). Modifications on current/mildly delinquent loans trigger a warning.
LN100468,2024-08-01 00:00:00,FLG004,Modification Delinquency Requirement,modification_flag;days_past_due,modification_flag=1;days_past_due=30,warning,Loan modifications normally occur for delinquent accounts (DPD >= 60). Modifications on current/mildly delinquent loans trigger a warning.
LN100469,2025-01-01 00:00:00,FLG004,Modification Delinquency Requirement,modification_flag;days_past_due,modification_flag=1;days_past_due=0,warning,Loan modifications normally occur for delinquent accounts (DPD >= 60). Modifications on current/mildly delinquent loans trigger a warning.
LN100471,2024-05-01 00:00:00,FLG004,Modification Delinquency Requirement,modification_flag;days_past_due,modification_flag=1;days_past_due=0,warning,Loan modifications normally occur for delinquent accounts (DPD >= 60). Modifications on current/mildly delinquent loans trigger a warning.
LN100474,2023-02-01 00:00:00,FLG004,Modification Delinquency Requirement,modification_flag;days_past_due,modification_flag=1;days_past_due=0,warning,Loan modifications normally occur for delinquent accounts (DPD >= 60). Modifications on current/mildly delinquent loans trigger a warning.
LN100474,2024-11-01 00:00:00,FLG004,Modification Delinquency Requirement,modification_flag;days_past_due,modification_flag=1;days_past_due=0,warning,Loan modifications normally occur for delinquent accounts (DPD >= 60). Modifications on current/mildly delinquent loans trigger a warning.
LN100474,2026-02-01 00:00:00,FLG004,Modification Delinquency Requirement,modification_flag;days_past_due,modification_flag=1;days_past_due=0,warning,Loan modifications normally occur for delinquent accounts (DPD >= 60). Modifications on current/mildly delinquent loans trigger a warning.
LN100477,2018-10-01 00:00:00,FLG004,Modification Delinquency Requirement,modification_flag;days_past_due,modification_flag=1;days_past_due=0,warning,Loan modifications normally occur for delinquent accounts (DPD >= 60). Modifications on current/mildly delinquent loans trigger a warning.
LN100479,2024-04-01 00:00:00,FLG004,Modification Delinquency Requirement,modification_flag;days_past_due,modification_flag=1;days_past_due=0,warning,Loan modifications normally occur for delinquent accounts (DPD >= 60). Modifications on current/mildly delinquent loans trigger a warning.
LN100480,2020-04-01 00:00:00,FLG004,Modification Delinquency Requirement,modification_flag;days_past_due,modification_flag=1;days_past_due=0,warning,Loan modifications normally occur for delinquent accounts (DPD >= 60). Modifications on current/mildly delinquent loans trigger a warning.
LN100482,2020-07-01 00:00:00,FLG004,Modification Delinquency Requirement,modification_flag;days_past_due,modification_flag=1;days_past_due=0,warning,Loan modifications normally occur for delinquent accounts (DPD >= 60). Modifications on current/mildly delinquent loans trigger a warning.
LN100482,2021-06-01 00:00:00,FLG004,Modification Delinquency Requirement,modification_flag;days_past_due,modification_flag=1;days_past_due=0,warning,Loan modifications normally occur for delinquent accounts (DPD >= 60). Modifications on current/mildly delinquent loans trigger a warning.
LN100491,2026-01-01 00:00:00,FLG004,Modification Delinquency Requirement,modification_flag;days_past_due,modification_flag=1;days_past_due=0,warning,Loan modifications normally occur for delinquent accounts (DPD >= 60). Modifications on current/mildly delinquent loans trigger a warning.
LN100496,2023-12-01 00:00:00,FLG004,Modification Delinquency Requirement,modification_flag;days_past_due,modification_flag=1;days_past_due=0,warning,Loan modifications normally occur for delinquent accounts (DPD >= 60). Modifications on current/mildly delinquent loans trigger a warning.
LN100497,2021-03-01 00:00:00,FLG004,Modification Delinquency Requirement,modification_flag;days_past_due,modification_flag=1;days_past_due=0,warning,Loan modifications normally occur for delinquent accounts (DPD >= 60). Modifications on current/mildly delinquent loans trigger a warning.
LN100498,2025-07-01 00:00:00,FLG004,Modification Delinquency Requirement,modification_flag;days_past_due,modification_flag=1;days_past_due=0,warning,Loan modifications normally occur for delinquent accounts (DPD >= 60). Modifications on current/mildly delinquent loans trigger a warning.
LN100500,2021-11-01 00:00:00,FLG004,Modification Delinquency Requirement,modification_flag;days_past_due,modification_flag=1;days_past_due=0,warning,Loan modifications normally occur for delinquent accounts (DPD >= 60). Modifications on current/mildly delinquent loans trigger a warning.
LN100508,2019-11-01 00:00:00,FLG004,Modification Delinquency Requirement,modification_flag;days_past_due,modification_flag=1;days_past_due=30,warning,Loan modifications normally occur for delinquent accounts (DPD >= 60). Modifications on current/mildly delinquent loans trigger a warning.
LN100513,2026-05-01 00:00:00,FLG004,Modification Delinquency Requirement,modification_flag;days_past_due,modification_flag=1;days_past_due=30,warning,Loan modifications normally occur for delinquent accounts (DPD >= 60). Modifications on current/mildly delinquent loans trigger a warning.
LN100516,2024-04-01 00:00:00,FLG004,Modification Delinquency Requirement,modification_flag;days_past_due,modification_flag=1;days_past_due=0,warning,Loan modifications normally occur for delinquent accounts (DPD >= 60). Modifications on current/mildly delinquent loans trigger a warning.
LN100517,2020-12-01 00:00:00,FLG004,Modification Delinquency Requirement,modification_flag;days_past_due,modification_flag=1;days_past_due=0,warning,Loan modifications normally occur for delinquent accounts (DPD >= 60). Modifications on current/mildly delinquent loans trigger a warning.
LN100521,2020-10-01 00:00:00,FLG004,Modification Delinquency Requirement,modification_flag;days_past_due,modification_flag=1;days_past_due=0,warning,Loan modifications normally occur for delinquent accounts (DPD >= 60). Modifications on current/mildly delinquent loans trigger a warning.
LN100521,2021-08-01 00:00:00,FLG004,Modification Delinquency Requirement,modification_flag;days_past_due,modification_flag=1;days_past_due=0,warning,Loan modifications normally occur for delinquent accounts (DPD >= 60). Modifications on current/mildly delinquent loans trigger a warning.
LN100521,2022-01-01 00:00:00,FLG004,Modification Delinquency Requirement,modification_flag;days_past_due,modification_flag=1;days_past_due=0,warning,Loan modifications normally occur for delinquent accounts (DPD >= 60). Modifications on current/mildly delinquent loans trigger a warning.
LN100521,2022-07-01 00:00:00,FLG004,Modification Delinquency Requirement,modification_flag;days_past_due,modification_flag=1;days_past_due=0,warning,Loan modifications normally occur for delinquent accounts (DPD >= 60). Modifications on current/mildly delinquent loans trigger a warning.
LN100523,2025-11-01 00:00:00,FLG004,Modification Delinquency Requirement,modification_flag;days_past_due,modification_flag=1;days_past_due=0,warning,Loan modifications normally occur for delinquent accounts (DPD >= 60). Modifications on current/mildly delinquent loans trigger a warning.
LN100524,2021-01-01 00:00:00,FLG004,Modification Delinquency Requirement,modification_flag;days_past_due,modification_flag=1;days_past_due=0,warning,Loan modifications normally occur for delinquent accounts (DPD >= 60). Modifications on current/mildly delinquent loans trigger a warning.
LN100526,2025-03-01 00:00:00,FLG004,Modification Delinquency Requirement,modification_flag;days_past_due,modification_flag=1;days_past_due=0,warning,Loan modifications normally occur for delinquent accounts (DPD >= 60). Modifications on current/mildly delinquent loans trigger a warning.
LN100531,2020-02-01 00:00:00,FLG004,Modification Delinquency Requirement,modification_flag;days_past_due,modification_flag=1;days_past_due=0,warning,Loan modifications normally occur for delinquent accounts (DPD >= 60). Modifications on current/mildly delinquent loans trigger a warning.
LN100531,2022-03-01 00:00:00,FLG004,Modification Delinquency Requirement,modification_flag;days_past_due,modification_flag=1;days_past_due=0,warning,Loan modifications normally occur for delinquent accounts (DPD >= 60). Modifications on current/mildly delinquent loans trigger a warning.
LN100532,2019-11-01 00:00:00,FLG004,Modification Delinquency Requirement,modification_flag;days_past_due,modification_flag=1;days_past_due=0,warning,Loan modifications normally occur for delinquent accounts (DPD >= 60). Modifications on current/mildly delinquent loans trigger a warning.
LN100532,2021-12-01 00:00:00,FLG004,Modification Delinquency Requirement,modification_flag;days_past_due,modification_flag=1;days_past_due=0,warning,Loan modifications normally occur for delinquent accounts (DPD >= 60). Modifications on current/mildly delinquent loans trigger a warning.
LN100534,2023-07-01 00:00:00,FLG004,Modification Delinquency Requirement,modification_flag;days_past_due,modification_flag=1;days_past_due=0,warning,Loan modifications normally occur for delinquent accounts (DPD >= 60). Modifications on current/mildly delinquent loans trigger a warning.
LN100534,2024-11-01 00:00:00,FLG004,Modification Delinquency Requirement,modification_flag;days_past_due,modification_flag=1;days_past_due=0,warning,Loan modifications normally occur for delinquent accounts (DPD >= 60). Modifications on current/mildly delinquent loans trigger a warning.
LN100535,2020-04-01 00:00:00,FLG004,Modification Delinquency Requirement,modification_flag;days_past_due,modification_flag=1;days_past_due=0,warning,Loan modifications normally occur for delinquent accounts (DPD >= 60). Modifications on current/mildly delinquent loans trigger a warning.
LN100536,2022-05-01 00:00:00,FLG004,Modification Delinquency Requirement,modification_flag;days_past_due,modification_flag=1;days_past_due=0,warning,Loan modifications normally occur for delinquent accounts (DPD >= 60). Modifications on current/mildly delinquent loans trigger a warning.
LN100536,2023-03-01 00:00:00,FLG004,Modification Delinquency Requirement,modification_flag;days_past_due,modification_flag=1;days_past_due=0,warning,Loan modifications normally occur for delinquent accounts (DPD >= 60). Modifications on current/mildly delinquent loans trigger a warning.
LN100536,2023-11-01 00:00:00,FLG004,Modification Delinquency Requirement,modification_flag;days_past_due,modification_flag=1;days_past_due=0,warning,Loan modifications normally occur for delinquent accounts (DPD >= 60). Modifications on current/mildly delinquent loans trigger a warning.
LN100537,2019-07-01 00:00:00,FLG004,Modification Delinquency Requirement,modification_flag;days_past_due,modification_flag=1;days_past_due=0,warning,Loan modifications normally occur for delinquent accounts (DPD >= 60). Modifications on current/mildly delinquent loans trigger a warning.
LN100537,2020-02-01 00:00:00,FLG004,Modification Delinquency Requirement,modification_flag;days_past_due,modification_flag=1;days_past_due=0,warning,Loan modifications normally occur for delinquent accounts (DPD >= 60). Modifications on current/mildly delinquent loans trigger a warning.
LN100538,2022-01-01 00:00:00,FLG004,Modification Delinquency Requirement,modification_flag;days_past_due,modification_flag=1;days_past_due=0,warning,Loan modifications normally occur for delinquent accounts (DPD >= 60). Modifications on current/mildly delinquent loans trigger a warning.
LN100538,2025-04-01 00:00:00,FLG004,Modification Delinquency Requirement,modification_flag;days_past_due,modification_flag=1;days_past_due=0,warning,Loan modifications normally occur for delinquent accounts (DPD >= 60). Modifications on current/mildly delinquent loans trigger a warning.
LN100541,2023-08-01 00:00:00,FLG004,Modification Delinquency Requirement,modification_flag;days_past_due,modification_flag=1;days_past_due=0,warning,Loan modifications normally occur for delinquent accounts (DPD >= 60). Modifications on current/mildly delinquent loans trigger a warning.
LN100541,2023-09-01 00:00:00,FLG004,Modification Delinquency Requirement,modification_flag;days_past_due,modification_flag=1;days_past_due=0,warning,Loan modifications normally occur for delinquent accounts (DPD >= 60). Modifications on current/mildly delinquent loans trigger a warning.
LN100542,2021-06-01 00:00:00,FLG004,Modification Delinquency Requirement,modification_flag;days_past_due,modification_flag=1;days_past_due=0,warning,Loan modifications normally occur for delinquent accounts (DPD >= 60). Modifications on current/mildly delinquent loans trigger a warning.
LN100542,2021-12-01 00:00:00,FLG004,Modification Delinquency Requirement,modification_flag;days_past_due,modification_flag=1;days_past_due=0,warning,Loan modifications normally occur for delinquent accounts (DPD >= 60). Modifications on current/mildly delinquent loans trigger a warning.
LN100542,2025-10-01 00:00:00,FLG004,Modification Delinquency Requirement,modification_flag;days_past_due,modification_flag=1;days_past_due=0,warning,Loan modifications normally occur for delinquent accounts (DPD >= 60). Modifications on current/mildly delinquent loans trigger a warning.
LN100545,2019-02-01 00:00:00,FLG004,Modification Delinquency Requirement,modification_flag;days_past_due,modification_flag=1;days_past_due=0,warning,Loan modifications normally occur for delinquent accounts (DPD >= 60). Modifications on current/mildly delinquent loans trigger a warning.
LN100545,2020-10-01 00:00:00,FLG004,Modification Delinquency Requirement,modification_flag;days_past_due,modification_flag=1;days_past_due=0,warning,Loan modifications normally occur for delinquent accounts (DPD >= 60). Modifications on current/mildly delinquent loans trigger a warning.
LN100545,2021-04-01 00:00:00,FLG004,Modification Delinquency Requirement,modification_flag;days_past_due,modification_flag=1;days_past_due=0,warning,Loan modifications normally occur for delinquent accounts (DPD >= 60). Modifications on current/mildly delinquent loans trigger a warning.
LN100546,2021-04-01 00:00:00,FLG004,Modification Delinquency Requirement,modification_flag;days_past_due,modification_flag=1;days_past_due=0,warning,Loan modifications normally occur for delinquent accounts (DPD >= 60). Modifications on current/mildly delinquent loans trigger a warning.
LN100546,2021-11-01 00:00:00,FLG004,Modification Delinquency Requirement,modification_flag;days_past_due,modification_flag=1;days_past_due=0,warning,Loan modifications normally occur for delinquent accounts (DPD >= 60). Modifications on current/mildly delinquent loans trigger a warning.
LN100546,2022-04-01 00:00:00,FLG004,Modification Delinquency Requirement,modification_flag;days_past_due,modification_flag=1;days_past_due=0,warning,Loan modifications normally occur for delinquent accounts (DPD >= 60). Modifications on current/mildly delinquent loans trigger a warning.
LN100547,2022-05-01 00:00:00,FLG004,Modification Delinquency Requirement,modification_flag;days_past_due,modification_flag=1;days_past_due=0,warning,Loan modifications normally occur for delinquent accounts (DPD >= 60). Modifications on current/mildly delinquent loans trigger a warning.
LN100547,2023-06-01 00:00:00,FLG004,Modification Delinquency Requirement,modification_flag;days_past_due,modification_flag=1;days_past_due=30,warning,Loan modifications normally occur for delinquent accounts (DPD >= 60). Modifications on current/mildly delinquent loans trigger a warning.
LN100551,2021-09-01 00:00:00,FLG004,Modification Delinquency Requirement,modification_flag;days_past_due,modification_flag=1;days_past_due=0,warning,Loan modifications normally occur for delinquent accounts (DPD >= 60). Modifications on current/mildly delinquent loans trigger a warning.
LN100553,2020-11-01 00:00:00,FLG004,Modification Delinquency Requirement,modification_flag;days_past_due,modification_flag=1;days_past_due=0,warning,Loan modifications normally occur for delinquent accounts (DPD >= 60). Modifications on current/mildly delinquent loans trigger a warning.
LN100553,2021-05-01 00:00:00,FLG004,Modification Delinquency Requirement,modification_flag;days_past_due,modification_flag=1;days_past_due=0,warning,Loan modifications normally occur for delinquent accounts (DPD >= 60). Modifications on current/mildly delinquent loans trigger a warning.
LN100555,2023-10-01 00:00:00,FLG004,Modification Delinquency Requirement,modification_flag;days_past_due,modification_flag=1;days_past_due=0,warning,Loan modifications normally occur for delinquent accounts (DPD >= 60). Modifications on current/mildly delinquent loans trigger a warning.
LN100555,2024-08-01 00:00:00,FLG004,Modification Delinquency Requirement,modification_flag;days_past_due,modification_flag=1;days_past_due=0,warning,Loan modifications normally occur for delinquent accounts (DPD >= 60). Modifications on current/mildly delinquent loans trigger a warning.
LN100555,2025-04-01 00:00:00,FLG004,Modification Delinquency Requirement,modification_flag;days_past_due,modification_flag=1;days_past_due=0,warning,Loan modifications normally occur for delinquent accounts (DPD >= 60). Modifications on current/mildly delinquent loans trigger a warning.
LN100555,2025-05-01 00:00:00,FLG004,Modification Delinquency Requirement,modification_flag;days_past_due,modification_flag=1;days_past_due=0,warning,Loan modifications normally occur for delinquent accounts (DPD >= 60). Modifications on current/mildly delinquent loans trigger a warning.
LN100556,2025-09-01 00:00:00,FLG004,Modification Delinquency Requirement,modification_flag;days_past_due,modification_flag=1;days_past_due=0,warning,Loan modifications normally occur for delinquent accounts (DPD >= 60). Modifications on current/mildly delinquent loans trigger a warning.
LN100560,2024-01-01 00:00:00,FLG004,Modification Delinquency Requirement,modification_flag;days_past_due,modification_flag=1;days_past_due=0,warning,Loan modifications normally occur for delinquent accounts (DPD >= 60). Modifications on current/mildly delinquent loans trigger a warning.
LN100563,2019-12-01 00:00:00,FLG004,Modification Delinquency Requirement,modification_flag;days_past_due,modification_flag=1;days_past_due=0,warning,Loan modifications normally occur for delinquent accounts (DPD >= 60). Modifications on current/mildly delinquent loans trigger a warning.
LN100565,2021-01-01 00:00:00,FLG004,Modification Delinquency Requirement,modification_flag;days_past_due,modification_flag=1;days_past_due=0,warning,Loan modifications normally occur for delinquent accounts (DPD >= 60). Modifications on current/mildly delinquent loans trigger a warning.
LN100565,2022-12-01 00:00:00,FLG004,Modification Delinquency Requirement,modification_flag;days_past_due,modification_flag=1;days_past_due=0,warning,Loan modifications normally occur for delinquent accounts (DPD >= 60). Modifications on current/mildly delinquent loans trigger a warning.
LN100566,2024-04-01 00:00:00,FLG004,Modification Delinquency Requirement,modification_flag;days_past_due,modification_flag=1;days_past_due=0,warning,Loan modifications normally occur for delinquent accounts (DPD >= 60). Modifications on current/mildly delinquent loans trigger a warning.
LN100569,2025-04-01 00:00:00,FLG004,Modification Delinquency Requirement,modification_flag;days_past_due,modification_flag=1;days_past_due=0,warning,Loan modifications normally occur for delinquent accounts (DPD >= 60). Modifications on current/mildly delinquent loans trigger a warning.
LN100571,2023-12-01 00:00:00,FLG004,Modification Delinquency Requirement,modification_flag;days_past_due,modification_flag=1;days_past_due=0,warning,Loan modifications normally occur for delinquent accounts (DPD >= 60). Modifications on current/mildly delinquent loans trigger a warning.
LN100571,2026-04-01 00:00:00,FLG004,Modification Delinquency Requirement,modification_flag;days_past_due,modification_flag=1;days_past_due=0,warning,Loan modifications normally occur for delinquent accounts (DPD >= 60). Modifications on current/mildly delinquent loans trigger a warning.
LN100573,2023-02-01 00:00:00,FLG004,Modification Delinquency Requirement,modification_flag;days_past_due,modification_flag=1;days_past_due=0,warning,Loan modifications normally occur for delinquent accounts (DPD >= 60). Modifications on current/mildly delinquent loans trigger a warning.
LN100576,2025-09-01 00:00:00,FLG004,Modification Delinquency Requirement,modification_flag;days_past_due,modification_flag=1;days_past_due=0,warning,Loan modifications normally occur for delinquent accounts (DPD >= 60). Modifications on current/mildly delinquent loans trigger a warning.
LN100582,2022-01-01 00:00:00,FLG004,Modification Delinquency Requirement,modification_flag;days_past_due,modification_flag=1;days_past_due=0,warning,Loan modifications normally occur for delinquent accounts (DPD >= 60). Modifications on current/mildly delinquent loans trigger a warning.
LN100583,2022-01-01 00:00:00,FLG004,Modification Delinquency Requirement,modification_flag;days_past_due,modification_flag=1;days_past_due=0,warning,Loan modifications normally occur for delinquent accounts (DPD >= 60). Modifications on current/mildly delinquent loans trigger a warning.
LN100583,2022-03-01 00:00:00,FLG004,Modification Delinquency Requirement,modification_flag;days_past_due,modification_flag=1;days_past_due=0,warning,Loan modifications normally occur for delinquent accounts (DPD >= 60). Modifications on current/mildly delinquent loans trigger a warning.
LN100583,2022-10-01 00:00:00,FLG004,Modification Delinquency Requirement,modification_flag;days_past_due,modification_flag=1;days_past_due=0,warning,Loan modifications normally occur for delinquent accounts (DPD >= 60). Modifications on current/mildly delinquent loans trigger a warning.
LN100584,2021-01-01 00:00:00,FLG004,Modification Delinquency Requirement,modification_flag;days_past_due,modification_flag=1;days_past_due=0,warning,Loan modifications normally occur for delinquent accounts (DPD >= 60). Modifications on current/mildly delinquent loans trigger a warning.
LN100584,2021-05-01 00:00:00,FLG004,Modification Delinquency Requirement,modification_flag;days_past_due,modification_flag=1;days_past_due=0,warning,Loan modifications normally occur for delinquent accounts (DPD >= 60). Modifications on current/mildly delinquent loans trigger a warning.
LN100584,2022-01-01 00:00:00,FLG004,Modification Delinquency Requirement,modification_flag;days_past_due,modification_flag=1;days_past_due=0,warning,Loan modifications normally occur for delinquent accounts (DPD >= 60). Modifications on current/mildly delinquent loans trigger a warning.
LN100584,2023-11-01 00:00:00,FLG004,Modification Delinquency Requirement,modification_flag;days_past_due,modification_flag=1;days_past_due=0,warning,Loan modifications normally occur for delinquent accounts (DPD >= 60). Modifications on current/mildly delinquent loans trigger a warning.
LN100589,2025-03-01 00:00:00,FLG004,Modification Delinquency Requirement,modification_flag;days_past_due,modification_flag=1;days_past_due=0,warning,Loan modifications normally occur for delinquent accounts (DPD >= 60). Modifications on current/mildly delinquent loans trigger a warning.
LN100596,2024-02-01 00:00:00,FLG004,Modification Delinquency Requirement,modification_flag;days_past_due,modification_flag=1;days_past_due=0,warning,Loan modifications normally occur for delinquent accounts (DPD >= 60). Modifications on current/mildly delinquent loans trigger a warning.
LN100598,2025-04-01 00:00:00,FLG004,Modification Delinquency Requirement,modification_flag;days_past_due,modification_flag=1;days_past_due=0,warning,Loan modifications normally occur for delinquent accounts (DPD >= 60). Modifications on current/mildly delinquent loans trigger a warning.
LN100603,2019-12-01 00:00:00,FLG004,Modification Delinquency Requirement,modification_flag;days_past_due,modification_flag=1;days_past_due=0,warning,Loan modifications normally occur for delinquent accounts (DPD >= 60). Modifications on current/mildly delinquent loans trigger a warning.
LN100604,2026-06-01 00:00:00,FLG004,Modification Delinquency Requirement,modification_flag;days_past_due,modification_flag=1;days_past_due=0,warning,Loan modifications normally occur for delinquent accounts (DPD >= 60). Modifications on current/mildly delinquent loans trigger a warning.
LN100605,2022-08-01 00:00:00,FLG004,Modification Delinquency Requirement,modification_flag;days_past_due,modification_flag=1;days_past_due=0,warning,Loan modifications normally occur for delinquent accounts (DPD >= 60). Modifications on current/mildly delinquent loans trigger a warning.
LN100605,2023-08-01 00:00:00,FLG004,Modification Delinquency Requirement,modification_flag;days_past_due,modification_flag=1;days_past_due=0,warning,Loan modifications normally occur for delinquent accounts (DPD >= 60). Modifications on current/mildly delinquent loans trigger a warning.
LN100606,2023-09-01 00:00:00,FLG004,Modification Delinquency Requirement,modification_flag;days_past_due,modification_flag=1;days_past_due=0,warning,Loan modifications normally occur for delinquent accounts (DPD >= 60). Modifications on current/mildly delinquent loans trigger a warning.
LN100606,2025-07-01 00:00:00,FLG004,Modification Delinquency Requirement,modification_flag;days_past_due,modification_flag=1;days_past_due=0,warning,Loan modifications normally occur for delinquent accounts (DPD >= 60). Modifications on current/mildly delinquent loans trigger a warning.
LN100611,2022-04-01 00:00:00,FLG004,Modification Delinquency Requirement,modification_flag;days_past_due,modification_flag=1;days_past_due=0,warning,Loan modifications normally occur for delinquent accounts (DPD >= 60). Modifications on current/mildly delinquent loans trigger a warning.
LN100616,2020-05-01 00:00:00,FLG004,Modification Delinquency Requirement,modification_flag;days_past_due,modification_flag=1;days_past_due=0,warning,Loan modifications normally occur for delinquent accounts (DPD >= 60). Modifications on current/mildly delinquent loans trigger a warning.
LN100616,2020-06-01 00:00:00,FLG004,Modification Delinquency Requirement,modification_flag;days_past_due,modification_flag=1;days_past_due=0,warning,Loan modifications normally occur for delinquent accounts (DPD >= 60). Modifications on current/mildly delinquent loans trigger a warning.
LN100617,2019-12-01 00:00:00,FLG004,Modification Delinquency Requirement,modification_flag;days_past_due,modification_flag=1;days_past_due=30,warning,Loan modifications normally occur for delinquent accounts (DPD >= 60). Modifications on current/mildly delinquent loans trigger a warning.
LN100618,2018-09-01 00:00:00,FLG004,Modification Delinquency Requirement,modification_flag;days_past_due,modification_flag=1;days_past_due=0,warning,Loan modifications normally occur for delinquent accounts (DPD >= 60). Modifications on current/mildly delinquent loans trigger a warning.
LN100618,2023-03-01 00:00:00,FLG004,Modification Delinquency Requirement,modification_flag;days_past_due,modification_flag=1;days_past_due=30,warning,Loan modifications normally occur for delinquent accounts (DPD >= 60). Modifications on current/mildly delinquent loans trigger a warning.
LN100619,2019-01-01 00:00:00,FLG004,Modification Delinquency Requirement,modification_flag;days_past_due,modification_flag=1;days_past_due=30,warning,Loan modifications normally occur for delinquent accounts (DPD >= 60). Modifications on current/mildly delinquent loans trigger a warning.
LN100619,2020-03-01 00:00:00,FLG004,Modification Delinquency Requirement,modification_flag;days_past_due,modification_flag=1;days_past_due=0,warning,Loan modifications normally occur for delinquent accounts (DPD >= 60). Modifications on current/mildly delinquent loans trigger a warning.
LN100620,2025-12-01 00:00:00,FLG004,Modification Delinquency Requirement,modification_flag;days_past_due,modification_flag=1;days_past_due=0,warning,Loan modifications normally occur for delinquent accounts (DPD >= 60). Modifications on current/mildly delinquent loans trigger a warning.
LN100625,2021-03-01 00:00:00,FLG004,Modification Delinquency Requirement,modification_flag;days_past_due,modification_flag=1;days_past_due=0,warning,Loan modifications normally occur for delinquent accounts (DPD >= 60). Modifications on current/mildly delinquent loans trigger a warning.
LN100626,2022-10-01 00:00:00,FLG004,Modification Delinquency Requirement,modification_flag;days_past_due,modification_flag=1;days_past_due=0,warning,Loan modifications normally occur for delinquent accounts (DPD >= 60). Modifications on current/mildly delinquent loans trigger a warning.
LN100626,2024-03-01 00:00:00,FLG004,Modification Delinquency Requirement,modification_flag;days_past_due,modification_flag=1;days_past_due=0,warning,Loan modifications normally occur for delinquent accounts (DPD >= 60). Modifications on current/mildly delinquent loans trigger a warning.
LN100626,2026-06-01 00:00:00,FLG004,Modification Delinquency Requirement,modification_flag;days_past_due,modification_flag=1;days_past_due=0,warning,Loan modifications normally occur for delinquent accounts (DPD >= 60). Modifications on current/mildly delinquent loans trigger a warning.
LN100628,2021-07-01 00:00:00,FLG004,Modification Delinquency Requirement,modification_flag;days_past_due,modification_flag=1;days_past_due=0,warning,Loan modifications normally occur for delinquent accounts (DPD >= 60). Modifications on current/mildly delinquent loans trigger a warning.
LN100628,2023-02-01 00:00:00,FLG004,Modification Delinquency Requirement,modification_flag;days_past_due,modification_flag=1;days_past_due=0,warning,Loan modifications normally occur for delinquent accounts (DPD >= 60). Modifications on current/mildly delinquent loans trigger a warning.
LN100629,2022-01-01 00:00:00,FLG004,Modification Delinquency Requirement,modification_flag;days_past_due,modification_flag=1;days_past_due=0,warning,Loan modifications normally occur for delinquent accounts (DPD >= 60). Modifications on current/mildly delinquent loans trigger a warning.
LN100632,2022-06-01 00:00:00,FLG004,Modification Delinquency Requirement,modification_flag;days_past_due,modification_flag=1;days_past_due=0,warning,Loan modifications normally occur for delinquent accounts (DPD >= 60). Modifications on current/mildly delinquent loans trigger a warning.
LN100633,2021-04-01 00:00:00,FLG004,Modification Delinquency Requirement,modification_flag;days_past_due,modification_flag=1;days_past_due=0,warning,Loan modifications normally occur for delinquent accounts (DPD >= 60). Modifications on current/mildly delinquent loans trigger a warning.
LN100634,2022-06-01 00:00:00,FLG004,Modification Delinquency Requirement,modification_flag;days_past_due,modification_flag=1;days_past_due=0,warning,Loan modifications normally occur for delinquent accounts (DPD >= 60). Modifications on current/mildly delinquent loans trigger a warning.
LN100635,2026-02-01 00:00:00,FLG004,Modification Delinquency Requirement,modification_flag;days_past_due,modification_flag=1;days_past_due=0,warning,Loan modifications normally occur for delinquent accounts (DPD >= 60). Modifications on current/mildly delinquent loans trigger a warning.
LN100636,2021-07-01 00:00:00,FLG004,Modification Delinquency Requirement,modification_flag;days_past_due,modification_flag=1;days_past_due=0,warning,Loan modifications normally occur for delinquent accounts (DPD >= 60). Modifications on current/mildly delinquent loans trigger a warning.
LN100636,2022-02-01 00:00:00,FLG004,Modification Delinquency Requirement,modification_flag;days_past_due,modification_flag=1;days_past_due=0,warning,Loan modifications normally occur for delinquent accounts (DPD >= 60). Modifications on current/mildly delinquent loans trigger a warning.
LN100638,2023-08-01 00:00:00,FLG004,Modification Delinquency Requirement,modification_flag;days_past_due,modification_flag=1;days_past_due=0,warning,Loan modifications normally occur for delinquent accounts (DPD >= 60). Modifications on current/mildly delinquent loans trigger a warning.
LN100638,2025-06-01 00:00:00,FLG004,Modification Delinquency Requirement,modification_flag;days_past_due,modification_flag=1;days_past_due=0,warning,Loan modifications normally occur for delinquent accounts (DPD >= 60). Modifications on current/mildly delinquent loans trigger a warning.
LN100642,2023-12-01 00:00:00,FLG004,Modification Delinquency Requirement,modification_flag;days_past_due,modification_flag=1;days_past_due=30,warning,Loan modifications normally occur for delinquent accounts (DPD >= 60). Modifications on current/mildly delinquent loans trigger a warning.
LN100642,2024-06-01 00:00:00,FLG004,Modification Delinquency Requirement,modification_flag;days_past_due,modification_flag=1;days_past_due=0,warning,Loan modifications normally occur for delinquent accounts (DPD >= 60). Modifications on current/mildly delinquent loans trigger a warning.
LN100642,2025-06-01 00:00:00,FLG004,Modification Delinquency Requirement,modification_flag;days_past_due,modification_flag=1;days_past_due=0,warning,Loan modifications normally occur for delinquent accounts (DPD >= 60). Modifications on current/mildly delinquent loans trigger a warning.
LN100642,2026-03-01 00:00:00,FLG004,Modification Delinquency Requirement,modification_flag;days_past_due,modification_flag=1;days_past_due=0,warning,Loan modifications normally occur for delinquent accounts (DPD >= 60). Modifications on current/mildly delinquent loans trigger a warning.
LN100642,2026-06-01 00:00:00,FLG004,Modification Delinquency Requirement,modification_flag;days_past_due,modification_flag=1;days_past_due=0,warning,Loan modifications normally occur for delinquent accounts (DPD >= 60). Modifications on current/mildly delinquent loans trigger a warning.
LN100643,2021-10-01 00:00:00,FLG004,Modification Delinquency Requirement,modification_flag;days_past_due,modification_flag=1;days_past_due=0,warning,Loan modifications normally occur for delinquent accounts (DPD >= 60). Modifications on current/mildly delinquent loans trigger a warning.
LN100645,2021-04-01 00:00:00,FLG004,Modification Delinquency Requirement,modification_flag;days_past_due,modification_flag=1;days_past_due=0,warning,Loan modifications normally occur for delinquent accounts (DPD >= 60). Modifications on current/mildly delinquent loans trigger a warning.
LN100645,2022-10-01 00:00:00,FLG004,Modification Delinquency Requirement,modification_flag;days_past_due,modification_flag=1;days_past_due=0,warning,Loan modifications normally occur for delinquent accounts (DPD >= 60). Modifications on current/mildly delinquent loans trigger a warning.
LN100647,2022-04-01 00:00:00,FLG004,Modification Delinquency Requirement,modification_flag;days_past_due,modification_flag=1;days_past_due=0,warning,Loan modifications normally occur for delinquent accounts (DPD >= 60). Modifications on current/mildly delinquent loans trigger a warning.
LN100652,2020-12-01 00:00:00,FLG004,Modification Delinquency Requirement,modification_flag;days_past_due,modification_flag=1;days_past_due=0,warning,Loan modifications normally occur for delinquent accounts (DPD >= 60). Modifications on current/mildly delinquent loans trigger a warning.
LN100654,2024-03-01 00:00:00,FLG004,Modification Delinquency Requirement,modification_flag;days_past_due,modification_flag=1;days_past_due=0,warning,Loan modifications normally occur for delinquent accounts (DPD >= 60). Modifications on current/mildly delinquent loans trigger a warning.
LN100655,2021-09-01 00:00:00,FLG004,Modification Delinquency Requirement,modification_flag;days_past_due,modification_flag=1;days_past_due=0,warning,Loan modifications normally occur for delinquent accounts (DPD >= 60). Modifications on current/mildly delinquent loans trigger a warning.
LN100660,2021-02-01 00:00:00,FLG004,Modification Delinquency Requirement,modification_flag;days_past_due,modification_flag=1;days_past_due=0,warning,Loan modifications normally occur for delinquent accounts (DPD >= 60). Modifications on current/mildly delinquent loans trigger a warning.
LN100660,2022-07-01 00:00:00,FLG004,Modification Delinquency Requirement,modification_flag;days_past_due,modification_flag=1;days_past_due=0,warning,Loan modifications normally occur for delinquent accounts (DPD >= 60). Modifications on current/mildly delinquent loans trigger a warning.
LN100665,2024-03-01 00:00:00,FLG004,Modification Delinquency Requirement,modification_flag;days_past_due,modification_flag=1;days_past_due=0,warning,Loan modifications normally occur for delinquent accounts (DPD >= 60). Modifications on current/mildly delinquent loans trigger a warning.
LN100666,2023-08-01 00:00:00,FLG004,Modification Delinquency Requirement,modification_flag;days_past_due,modification_flag=1;days_past_due=0,warning,Loan modifications normally occur for delinquent accounts (DPD >= 60). Modifications on current/mildly delinquent loans trigger a warning.
LN100667,2024-02-01 00:00:00,FLG004,Modification Delinquency Requirement,modification_flag;days_past_due,modification_flag=1;days_past_due=0,warning,Loan modifications normally occur for delinquent accounts (DPD >= 60). Modifications on current/mildly delinquent loans trigger a warning.
LN100669,2022-08-01 00:00:00,FLG004,Modification Delinquency Requirement,modification_flag;days_past_due,modification_flag=1;days_past_due=0,warning,Loan modifications normally occur for delinquent accounts (DPD >= 60). Modifications on current/mildly delinquent loans trigger a warning.
LN100669,2025-09-01 00:00:00,FLG004,Modification Delinquency Requirement,modification_flag;days_past_due,modification_flag=1;days_past_due=0,warning,Loan modifications normally occur for delinquent accounts (DPD >= 60). Modifications on current/mildly delinquent loans trigger a warning.
LN100670,2024-09-01 00:00:00,FLG004,Modification Delinquency Requirement,modification_flag;days_past_due,modification_flag=1;days_past_due=0,warning,Loan modifications normally occur for delinquent accounts (DPD >= 60). Modifications on current/mildly delinquent loans trigger a warning.
LN100671,2022-05-01 00:00:00,FLG004,Modification Delinquency Requirement,modification_flag;days_past_due,modification_flag=1;days_past_due=0,warning,Loan modifications normally occur for delinquent accounts (DPD >= 60). Modifications on current/mildly delinquent loans trigger a warning.
LN100671,2024-07-01 00:00:00,FLG004,Modification Delinquency Requirement,modification_flag;days_past_due,modification_flag=1;days_past_due=0,warning,Loan modifications normally occur for delinquent accounts (DPD >= 60). Modifications on current/mildly delinquent loans trigger a warning.
LN100671,2025-10-01 00:00:00,FLG004,Modification Delinquency Requirement,modification_flag;days_past_due,modification_flag=1;days_past_due=0,warning,Loan modifications normally occur for delinquent accounts (DPD >= 60). Modifications on current/mildly delinquent loans trigger a warning.
LN100674,2022-05-01 00:00:00,FLG004,Modification Delinquency Requirement,modification_flag;days_past_due,modification_flag=1;days_past_due=0,warning,Loan modifications normally occur for delinquent accounts (DPD >= 60). Modifications on current/mildly delinquent loans trigger a warning.
LN100677,2021-05-01 00:00:00,FLG004,Modification Delinquency Requirement,modification_flag;days_past_due,modification_flag=1;days_past_due=0,warning,Loan modifications normally occur for delinquent accounts (DPD >= 60). Modifications on current/mildly delinquent loans trigger a warning.
LN100677,2024-09-01 00:00:00,FLG004,Modification Delinquency Requirement,modification_flag;days_past_due,modification_flag=1;days_past_due=0,warning,Loan modifications normally occur for delinquent accounts (DPD >= 60). Modifications on current/mildly delinquent loans trigger a warning.
LN100677,2024-10-01 00:00:00,FLG004,Modification Delinquency Requirement,modification_flag;days_past_due,modification_flag=1;days_past_due=0,warning,Loan modifications normally occur for delinquent accounts (DPD >= 60). Modifications on current/mildly delinquent loans trigger a warning.
LN100677,2024-11-01 00:00:00,FLG004,Modification Delinquency Requirement,modification_flag;days_past_due,modification_flag=1;days_past_due=0,warning,Loan modifications normally occur for delinquent accounts (DPD >= 60). Modifications on current/mildly delinquent loans trigger a warning.
LN100678,2022-09-01 00:00:00,FLG004,Modification Delinquency Requirement,modification_flag;days_past_due,modification_flag=1;days_past_due=0,warning,Loan modifications normally occur for delinquent accounts (DPD >= 60). Modifications on current/mildly delinquent loans trigger a warning.
LN100681,2020-01-01 00:00:00,FLG004,Modification Delinquency Requirement,modification_flag;days_past_due,modification_flag=1;days_past_due=0,warning,Loan modifications normally occur for delinquent accounts (DPD >= 60). Modifications on current/mildly delinquent loans trigger a warning.
LN100682,2026-02-01 00:00:00,FLG004,Modification Delinquency Requirement,modification_flag;days_past_due,modification_flag=1;days_past_due=0,warning,Loan modifications normally occur for delinquent accounts (DPD >= 60). Modifications on current/mildly delinquent loans trigger a warning.
LN100686,2020-12-01 00:00:00,FLG004,Modification Delinquency Requirement,modification_flag;days_past_due,modification_flag=1;days_past_due=0,warning,Loan modifications normally occur for delinquent accounts (DPD >= 60). Modifications on current/mildly delinquent loans trigger a warning.
LN100688,2022-08-01 00:00:00,FLG004,Modification Delinquency Requirement,modification_flag;days_past_due,modification_flag=1;days_past_due=0,warning,Loan modifications normally occur for delinquent accounts (DPD >= 60). Modifications on current/mildly delinquent loans trigger a warning.
LN100689,2023-11-01 00:00:00,FLG004,Modification Delinquency Requirement,modification_flag;days_past_due,modification_flag=1;days_past_due=0,warning,Loan modifications normally occur for delinquent accounts (DPD >= 60). Modifications on current/mildly delinquent loans trigger a warning.
LN100692,2025-09-01 00:00:00,FLG004,Modification Delinquency Requirement,modification_flag;days_past_due,modification_flag=1;days_past_due=0,warning,Loan modifications normally occur for delinquent accounts (DPD >= 60). Modifications on current/mildly delinquent loans trigger a warning.
LN100695,2019-12-01 00:00:00,FLG004,Modification Delinquency Requirement,modification_flag;days_past_due,modification_flag=1;days_past_due=0,warning,Loan modifications normally occur for delinquent accounts (DPD >= 60). Modifications on current/mildly delinquent loans trigger a warning.
LN100696,2023-05-01 00:00:00,FLG004,Modification Delinquency Requirement,modification_flag;days_past_due,modification_flag=1;days_past_due=0,warning,Loan modifications normally occur for delinquent accounts (DPD >= 60). Modifications on current/mildly delinquent loans trigger a warning.
LN100696,2023-10-01 00:00:00,FLG004,Modification Delinquency Requirement,modification_flag;days_past_due,modification_flag=1;days_past_due=0,warning,Loan modifications normally occur for delinquent accounts (DPD >= 60). Modifications on current/mildly delinquent loans trigger a warning.
LN100697,2024-10-01 00:00:00,FLG004,Modification Delinquency Requirement,modification_flag;days_past_due,modification_flag=1;days_past_due=0,warning,Loan modifications normally occur for delinquent accounts (DPD >= 60). Modifications on current/mildly delinquent loans trigger a warning.
LN100698,2025-01-01 00:00:00,FLG004,Modification Delinquency Requirement,modification_flag;days_past_due,modification_flag=1;days_past_due=0,warning,Loan modifications normally occur for delinquent accounts (DPD >= 60). Modifications on current/mildly delinquent loans trigger a warning.
LN100701,2022-08-01 00:00:00,FLG004,Modification Delinquency Requirement,modification_flag;days_past_due,modification_flag=1;days_past_due=0,warning,Loan modifications normally occur for delinquent accounts (DPD >= 60). Modifications on current/mildly delinquent loans trigger a warning.
LN100702,2019-07-01 00:00:00,FLG004,Modification Delinquency Requirement,modification_flag;days_past_due,modification_flag=1;days_past_due=0,warning,Loan modifications normally occur for delinquent accounts (DPD >= 60). Modifications on current/mildly delinquent loans trigger a warning.
LN100702,2022-08-01 00:00:00,FLG004,Modification Delinquency Requirement,modification_flag;days_past_due,modification_flag=1;days_past_due=0,warning,Loan modifications normally occur for delinquent accounts (DPD >= 60). Modifications on current/mildly delinquent loans trigger a warning.
LN100702,2025-06-01 00:00:00,FLG004,Modification Delinquency Requirement,modification_flag;days_past_due,modification_flag=1;days_past_due=0,warning,Loan modifications normally occur for delinquent accounts (DPD >= 60). Modifications on current/mildly delinquent loans trigger a warning.
LN100705,2022-03-01 00:00:00,FLG004,Modification Delinquency Requirement,modification_flag;days_past_due,modification_flag=1;days_past_due=0,warning,Loan modifications normally occur for delinquent accounts (DPD >= 60). Modifications on current/mildly delinquent loans trigger a warning.
LN100705,2022-04-01 00:00:00,FLG004,Modification Delinquency Requirement,modification_flag;days_past_due,modification_flag=1;days_past_due=0,warning,Loan modifications normally occur for delinquent accounts (DPD >= 60). Modifications on current/mildly delinquent loans trigger a warning.
LN100708,2021-10-01 00:00:00,FLG004,Modification Delinquency Requirement,modification_flag;days_past_due,modification_flag=1;days_past_due=0,warning,Loan modifications normally occur for delinquent accounts (DPD >= 60). Modifications on current/mildly delinquent loans trigger a warning.
LN100711,2021-09-01 00:00:00,FLG004,Modification Delinquency Requirement,modification_flag;days_past_due,modification_flag=1;days_past_due=0,warning,Loan modifications normally occur for delinquent accounts (DPD >= 60). Modifications on current/mildly delinquent loans trigger a warning.
LN100711,2022-12-01 00:00:00,FLG004,Modification Delinquency Requirement,modification_flag;days_past_due,modification_flag=1;days_past_due=0,warning,Loan modifications normally occur for delinquent accounts (DPD >= 60). Modifications on current/mildly delinquent loans trigger a warning.
LN100712,2024-11-01 00:00:00,FLG004,Modification Delinquency Requirement,modification_flag;days_past_due,modification_flag=1;days_past_due=0,warning,Loan modifications normally occur for delinquent accounts (DPD >= 60). Modifications on current/mildly delinquent loans trigger a warning.
LN100713,2026-05-01 00:00:00,FLG004,Modification Delinquency Requirement,modification_flag;days_past_due,modification_flag=1;days_past_due=0,warning,Loan modifications normally occur for delinquent accounts (DPD >= 60). Modifications on current/mildly delinquent loans trigger a warning.
LN100718,2021-06-01 00:00:00,FLG004,Modification Delinquency Requirement,modification_flag;days_past_due,modification_flag=1;days_past_due=0,warning,Loan modifications normally occur for delinquent accounts (DPD >= 60). Modifications on current/mildly delinquent loans trigger a warning.
LN100721,2025-02-01 00:00:00,FLG004,Modification Delinquency Requirement,modification_flag;days_past_due,modification_flag=1;days_past_due=0,warning,Loan modifications normally occur for delinquent accounts (DPD >= 60). Modifications on current/mildly delinquent loans trigger a warning.
LN100721,2025-09-01 00:00:00,FLG004,Modification Delinquency Requirement,modification_flag;days_past_due,modification_flag=1;days_past_due=0,warning,Loan modifications normally occur for delinquent accounts (DPD >= 60). Modifications on current/mildly delinquent loans trigger a warning.
LN100722,2024-08-01 00:00:00,FLG004,Modification Delinquency Requirement,modification_flag;days_past_due,modification_flag=1;days_past_due=0,warning,Loan modifications normally occur for delinquent accounts (DPD >= 60). Modifications on current/mildly delinquent loans trigger a warning.
LN100722,2024-11-01 00:00:00,FLG004,Modification Delinquency Requirement,modification_flag;days_past_due,modification_flag=1;days_past_due=0,warning,Loan modifications normally occur for delinquent accounts (DPD >= 60). Modifications on current/mildly delinquent loans trigger a warning.
LN100724,2025-05-01 00:00:00,FLG004,Modification Delinquency Requirement,modification_flag;days_past_due,modification_flag=1;days_past_due=0,warning,Loan modifications normally occur for delinquent accounts (DPD >= 60). Modifications on current/mildly delinquent loans trigger a warning.
LN100726,2024-10-01 00:00:00,FLG004,Modification Delinquency Requirement,modification_flag;days_past_due,modification_flag=1;days_past_due=0,warning,Loan modifications normally occur for delinquent accounts (DPD >= 60). Modifications on current/mildly delinquent loans trigger a warning.
LN100727,2023-04-01 00:00:00,FLG004,Modification Delinquency Requirement,modification_flag;days_past_due,modification_flag=1;days_past_due=0,warning,Loan modifications normally occur for delinquent accounts (DPD >= 60). Modifications on current/mildly delinquent loans trigger a warning.
LN100729,2024-09-01 00:00:00,FLG004,Modification Delinquency Requirement,modification_flag;days_past_due,modification_flag=1;days_past_due=30,warning,Loan modifications normally occur for delinquent accounts (DPD >= 60). Modifications on current/mildly delinquent loans trigger a warning.
LN100729,2026-01-01 00:00:00,FLG004,Modification Delinquency Requirement,modification_flag;days_past_due,modification_flag=1;days_past_due=0,warning,Loan modifications normally occur for delinquent accounts (DPD >= 60). Modifications on current/mildly delinquent loans trigger a warning.
LN100730,2023-02-01 00:00:00,FLG004,Modification Delinquency Requirement,modification_flag;days_past_due,modification_flag=1;days_past_due=0,warning,Loan modifications normally occur for delinquent accounts (DPD >= 60). Modifications on current/mildly delinquent loans trigger a warning.
LN100730,2024-03-01 00:00:00,FLG004,Modification Delinquency Requirement,modification_flag;days_past_due,modification_flag=1;days_past_due=0,warning,Loan modifications normally occur for delinquent accounts (DPD >= 60). Modifications on current/mildly delinquent loans trigger a warning.
LN100733,2023-07-01 00:00:00,FLG004,Modification Delinquency Requirement,modification_flag;days_past_due,modification_flag=1;days_past_due=0,warning,Loan modifications normally occur for delinquent accounts (DPD >= 60). Modifications on current/mildly delinquent loans trigger a warning.
LN100736,2024-11-01 00:00:00,FLG004,Modification Delinquency Requirement,modification_flag;days_past_due,modification_flag=1;days_past_due=30,warning,Loan modifications normally occur for delinquent accounts (DPD >= 60). Modifications on current/mildly delinquent loans trigger a warning.
LN100738,2024-04-01 00:00:00,FLG004,Modification Delinquency Requirement,modification_flag;days_past_due,modification_flag=1;days_past_due=0,warning,Loan modifications normally occur for delinquent accounts (DPD >= 60). Modifications on current/mildly delinquent loans trigger a warning.
LN100738,2026-07-01 00:00:00,FLG004,Modification Delinquency Requirement,modification_flag;days_past_due,modification_flag=1;days_past_due=0,warning,Loan modifications normally occur for delinquent accounts (DPD >= 60). Modifications on current/mildly delinquent loans trigger a warning.
LN100739,2024-12-01 00:00:00,FLG004,Modification Delinquency Requirement,modification_flag;days_past_due,modification_flag=1;days_past_due=0,warning,Loan modifications normally occur for delinquent accounts (DPD >= 60). Modifications on current/mildly delinquent loans trigger a warning.
LN100741,2026-03-01 00:00:00,FLG004,Modification Delinquency Requirement,modification_flag;days_past_due,modification_flag=1;days_past_due=0,warning,Loan modifications normally occur for delinquent accounts (DPD >= 60). Modifications on current/mildly delinquent loans trigger a warning.
LN100743,2022-09-01 00:00:00,FLG004,Modification Delinquency Requirement,modification_flag;days_past_due,modification_flag=1;days_past_due=0,warning,Loan modifications normally occur for delinquent accounts (DPD >= 60). Modifications on current/mildly delinquent loans trigger a warning.
LN100743,2026-03-01 00:00:00,FLG004,Modification Delinquency Requirement,modification_flag;days_past_due,modification_flag=1;days_past_due=0,warning,Loan modifications normally occur for delinquent accounts (DPD >= 60). Modifications on current/mildly delinquent loans trigger a warning.
LN100745,2021-09-01 00:00:00,FLG004,Modification Delinquency Requirement,modification_flag;days_past_due,modification_flag=1;days_past_due=0,warning,Loan modifications normally occur for delinquent accounts (DPD >= 60). Modifications on current/mildly delinquent loans trigger a warning.
LN100745,2022-05-01 00:00:00,FLG004,Modification Delinquency Requirement,modification_flag;days_past_due,modification_flag=1;days_past_due=0,warning,Loan modifications normally occur for delinquent accounts (DPD >= 60). Modifications on current/mildly delinquent loans trigger a warning.
LN100745,2023-02-01 00:00:00,FLG004,Modification Delinquency Requirement,modification_flag;days_past_due,modification_flag=1;days_past_due=0,warning,Loan modifications normally occur for delinquent accounts (DPD >= 60). Modifications on current/mildly delinquent loans trigger a warning.
LN100746,2026-06-01 00:00:00,FLG004,Modification Delinquency Requirement,modification_flag;days_past_due,modification_flag=1;days_past_due=0,warning,Loan modifications normally occur for delinquent accounts (DPD >= 60). Modifications on current/mildly delinquent loans trigger a warning.
LN100747,2021-10-01 00:00:00,FLG004,Modification Delinquency Requirement,modification_flag;days_past_due,modification_flag=1;days_past_due=0,warning,Loan modifications normally occur for delinquent accounts (DPD >= 60). Modifications on current/mildly delinquent loans trigger a warning.
LN100748,2020-12-01 00:00:00,FLG004,Modification Delinquency Requirement,modification_flag;days_past_due,modification_flag=1;days_past_due=0,warning,Loan modifications normally occur for delinquent accounts (DPD >= 60). Modifications on current/mildly delinquent loans trigger a warning.
LN100749,2025-08-01 00:00:00,FLG004,Modification Delinquency Requirement,modification_flag;days_past_due,modification_flag=1;days_past_due=0,warning,Loan modifications normally occur for delinquent accounts (DPD >= 60). Modifications on current/mildly delinquent loans trigger a warning.
LN100751,2020-07-01 00:00:00,FLG004,Modification Delinquency Requirement,modification_flag;days_past_due,modification_flag=1;days_past_due=0,warning,Loan modifications normally occur for delinquent accounts (DPD >= 60). Modifications on current/mildly delinquent loans trigger a warning.
LN100751,2023-10-01 00:00:00,FLG004,Modification Delinquency Requirement,modification_flag;days_past_due,modification_flag=1;days_past_due=30,warning,Loan modifications normally occur for delinquent accounts (DPD >= 60). Modifications on current/mildly delinquent loans trigger a warning.
LN100754,2023-06-01 00:00:00,FLG004,Modification Delinquency Requirement,modification_flag;days_past_due,modification_flag=1;days_past_due=0,warning,Loan modifications normally occur for delinquent accounts (DPD >= 60). Modifications on current/mildly delinquent loans trigger a warning.
LN100756,2024-05-01 00:00:00,FLG004,Modification Delinquency Requirement,modification_flag;days_past_due,modification_flag=1;days_past_due=0,warning,Loan modifications normally occur for delinquent accounts (DPD >= 60). Modifications on current/mildly delinquent loans trigger a warning.
LN100756,2025-01-01 00:00:00,FLG004,Modification Delinquency Requirement,modification_flag;days_past_due,modification_flag=1;days_past_due=0,warning,Loan modifications normally occur for delinquent accounts (DPD >= 60). Modifications on current/mildly delinquent loans trigger a warning.
LN100758,2020-01-01 00:00:00,FLG004,Modification Delinquency Requirement,modification_flag;days_past_due,modification_flag=1;days_past_due=0,warning,Loan modifications normally occur for delinquent accounts (DPD >= 60). Modifications on current/mildly delinquent loans trigger a warning.
LN100759,2023-05-01 00:00:00,FLG004,Modification Delinquency Requirement,modification_flag;days_past_due,modification_flag=1;days_past_due=0,warning,Loan modifications normally occur for delinquent accounts (DPD >= 60). Modifications on current/mildly delinquent loans trigger a warning.
LN100759,2025-08-01 00:00:00,FLG004,Modification Delinquency Requirement,modification_flag;days_past_due,modification_flag=1;days_past_due=0,warning,Loan modifications normally occur for delinquent accounts (DPD >= 60). Modifications on current/mildly delinquent loans trigger a warning.
LN100760,2022-04-01 00:00:00,FLG004,Modification Delinquency Requirement,modification_flag;days_past_due,modification_flag=1;days_past_due=0,warning,Loan modifications normally occur for delinquent accounts (DPD >= 60). Modifications on current/mildly delinquent loans trigger a warning.
LN100760,2022-08-01 00:00:00,FLG004,Modification Delinquency Requirement,modification_flag;days_past_due,modification_flag=1;days_past_due=0,warning,Loan modifications normally occur for delinquent accounts (DPD >= 60). Modifications on current/mildly delinquent loans trigger a warning.
LN100762,2026-06-01 00:00:00,FLG004,Modification Delinquency Requirement,modification_flag;days_past_due,modification_flag=1;days_past_due=0,warning,Loan modifications normally occur for delinquent accounts (DPD >= 60). Modifications on current/mildly delinquent loans trigger a warning.
LN100764,2023-12-01 00:00:00,FLG004,Modification Delinquency Requirement,modification_flag;days_past_due,modification_flag=1;days_past_due=0,warning,Loan modifications normally occur for delinquent accounts (DPD >= 60). Modifications on current/mildly delinquent loans trigger a warning.
LN100765,2023-10-01 00:00:00,FLG004,Modification Delinquency Requirement,modification_flag;days_past_due,modification_flag=1;days_past_due=0,warning,Loan modifications normally occur for delinquent accounts (DPD >= 60). Modifications on current/mildly delinquent loans trigger a warning.
LN100766,2024-03-01 00:00:00,FLG004,Modification Delinquency Requirement,modification_flag;days_past_due,modification_flag=1;days_past_due=0,warning,Loan modifications normally occur for delinquent accounts (DPD >= 60). Modifications on current/mildly delinquent loans trigger a warning.
LN100769,2025-10-01 00:00:00,FLG004,Modification Delinquency Requirement,modification_flag;days_past_due,modification_flag=1;days_past_due=0,warning,Loan modifications normally occur for delinquent accounts (DPD >= 60). Modifications on current/mildly delinquent loans trigger a warning.
LN100773,2023-05-01 00:00:00,FLG004,Modification Delinquency Requirement,modification_flag;days_past_due,modification_flag=1;days_past_due=0,warning,Loan modifications normally occur for delinquent accounts (DPD >= 60). Modifications on current/mildly delinquent loans trigger a warning.
LN100003,2021-05-01 00:00:00,DOC003,Missing Document Exception Classification,document_status;exception_type,document_status=Missing;exception_type=Severe Delinquency,error,"If the document status is Missing, exception_type must indicate Documentation Gap."
LN100045,2025-08-01 00:00:00,DOC003,Missing Document Exception Classification,document_status;exception_type,document_status=Missing;exception_type=Severe Delinquency,error,"If the document status is Missing, exception_type must indicate Documentation Gap."
LN100054,2024-10-01 00:00:00,DOC003,Missing Document Exception Classification,document_status;exception_type,document_status=Missing;exception_type=Severe Delinquency,error,"If the document status is Missing, exception_type must indicate Documentation Gap."
LN100057,2024-01-01 00:00:00,DOC003,Missing Document Exception Classification,document_status;exception_type,document_status=Missing;exception_type=Severe Delinquency,error,"If the document status is Missing, exception_type must indicate Documentation Gap."
LN100058,2025-04-01 00:00:00,DOC003,Missing Document Exception Classification,document_status;exception_type,document_status=Missing;exception_type=Severe Delinquency,error,"If the document status is Missing, exception_type must indicate Documentation Gap."
LN100090,2023-03-01 00:00:00,DOC003,Missing Document Exception Classification,document_status;exception_type,document_status=Missing;exception_type=Severe Delinquency,error,"If the document status is Missing, exception_type must indicate Documentation Gap."
LN100096,2023-07-01 00:00:00,DOC003,Missing Document Exception Classification,document_status;exception_type,document_status=Missing;exception_type=Severe Delinquency,error,"If the document status is Missing, exception_type must indicate Documentation Gap."
LN100100,2025-05-01 00:00:00,DOC003,Missing Document Exception Classification,document_status;exception_type,document_status=Missing;exception_type=Severe Delinquency,error,"If the document status is Missing, exception_type must indicate Documentation Gap."
LN100116,2019-04-01 00:00:00,DOC003,Missing Document Exception Classification,document_status;exception_type,document_status=Missing;exception_type=Severe Delinquency,error,"If the document status is Missing, exception_type must indicate Documentation Gap."
LN100123,2023-08-01 00:00:00,DOC003,Missing Document Exception Classification,document_status;exception_type,document_status=Missing;exception_type=Severe Delinquency,error,"If the document status is Missing, exception_type must indicate Documentation Gap."
LN100139,2025-04-01 00:00:00,DOC003,Missing Document Exception Classification,document_status;exception_type,document_status=Missing;exception_type=Severe Delinquency,error,"If the document status is Missing, exception_type must indicate Documentation Gap."
LN100166,2022-05-01 00:00:00,DOC003,Missing Document Exception Classification,document_status;exception_type,document_status=Missing;exception_type=Severe Delinquency,error,"If the document status is Missing, exception_type must indicate Documentation Gap."
LN100170,2019-09-01 00:00:00,DOC003,Missing Document Exception Classification,document_status;exception_type,document_status=Missing;exception_type=Severe Delinquency,error,"If the document status is Missing, exception_type must indicate Documentation Gap."
LN100170,2021-03-01 00:00:00,DOC003,Missing Document Exception Classification,document_status;exception_type,document_status=Missing;exception_type=Severe Delinquency,error,"If the document status is Missing, exception_type must indicate Documentation Gap."
LN100205,2020-06-01 00:00:00,DOC003,Missing Document Exception Classification,document_status;exception_type,document_status=Missing;exception_type=Severe Delinquency,error,"If the document status is Missing, exception_type must indicate Documentation Gap."
LN100215,2020-09-01 00:00:00,DOC003,Missing Document Exception Classification,document_status;exception_type,document_status=Missing;exception_type=Severe Delinquency,error,"If the document status is Missing, exception_type must indicate Documentation Gap."
LN100217,2022-05-01 00:00:00,DOC003,Missing Document Exception Classification,document_status;exception_type,document_status=Missing;exception_type=Severe Delinquency,error,"If the document status is Missing, exception_type must indicate Documentation Gap."
LN100220,2019-09-01 00:00:00,DOC003,Missing Document Exception Classification,document_status;exception_type,document_status=Missing;exception_type=Severe Delinquency,error,"If the document status is Missing, exception_type must indicate Documentation Gap."
LN100242,2020-02-01 00:00:00,DOC003,Missing Document Exception Classification,document_status;exception_type,document_status=Missing;exception_type=Severe Delinquency,error,"If the document status is Missing, exception_type must indicate Documentation Gap."
LN100249,2018-05-01 00:00:00,DOC003,Missing Document Exception Classification,document_status;exception_type,document_status=Missing;exception_type=Severe Delinquency,error,"If the document status is Missing, exception_type must indicate Documentation Gap."
LN100250,2020-09-01 00:00:00,DOC003,Missing Document Exception Classification,document_status;exception_type,document_status=Missing;exception_type=Severe Delinquency,error,"If the document status is Missing, exception_type must indicate Documentation Gap."
LN100251,2022-09-01 00:00:00,DOC003,Missing Document Exception Classification,document_status;exception_type,document_status=Missing;exception_type=Severe Delinquency,error,"If the document status is Missing, exception_type must indicate Documentation Gap."
LN100255,2022-10-01 00:00:00,DOC003,Missing Document Exception Classification,document_status;exception_type,document_status=Missing;exception_type=Severe Delinquency,error,"If the document status is Missing, exception_type must indicate Documentation Gap."
LN100270,2023-09-01 00:00:00,DOC003,Missing Document Exception Classification,document_status;exception_type,document_status=Missing;exception_type=Severe Delinquency,error,"If the document status is Missing, exception_type must indicate Documentation Gap."
LN100281,2023-05-01 00:00:00,DOC003,Missing Document Exception Classification,document_status;exception_type,document_status=Missing;exception_type=Severe Delinquency,error,"If the document status is Missing, exception_type must indicate Documentation Gap."
LN100302,2020-04-01 00:00:00,DOC003,Missing Document Exception Classification,document_status;exception_type,document_status=Missing;exception_type=Severe Delinquency,error,"If the document status is Missing, exception_type must indicate Documentation Gap."
LN100310,2023-07-01 00:00:00,DOC003,Missing Document Exception Classification,document_status;exception_type,document_status=Missing;exception_type=Severe Delinquency,error,"If the document status is Missing, exception_type must indicate Documentation Gap."
LN100313,2020-05-01 00:00:00,DOC003,Missing Document Exception Classification,document_status;exception_type,document_status=Missing;exception_type=Severe Delinquency,error,"If the document status is Missing, exception_type must indicate Documentation Gap."
LN100314,2020-09-01 00:00:00,DOC003,Missing Document Exception Classification,document_status;exception_type,document_status=Missing;exception_type=Severe Delinquency,error,"If the document status is Missing, exception_type must indicate Documentation Gap."
LN100315,2024-10-01 00:00:00,DOC003,Missing Document Exception Classification,document_status;exception_type,document_status=Missing;exception_type=Severe Delinquency,error,"If the document status is Missing, exception_type must indicate Documentation Gap."
LN100322,2022-10-01 00:00:00,DOC003,Missing Document Exception Classification,document_status;exception_type,document_status=Missing;exception_type=Severe Delinquency,error,"If the document status is Missing, exception_type must indicate Documentation Gap."
LN100337,2024-01-01 00:00:00,DOC003,Missing Document Exception Classification,document_status;exception_type,document_status=Missing;exception_type=Severe Delinquency,error,"If the document status is Missing, exception_type must indicate Documentation Gap."
LN100392,2021-02-01 00:00:00,DOC003,Missing Document Exception Classification,document_status;exception_type,document_status=Missing;exception_type=Severe Delinquency,error,"If the document status is Missing, exception_type must indicate Documentation Gap."
LN100393,2023-02-01 00:00:00,DOC003,Missing Document Exception Classification,document_status;exception_type,document_status=Missing;exception_type=Severe Delinquency,error,"If the document status is Missing, exception_type must indicate Documentation Gap."
LN100404,2021-07-01 00:00:00,DOC003,Missing Document Exception Classification,document_status;exception_type,document_status=Missing;exception_type=Severe Delinquency,error,"If the document status is Missing, exception_type must indicate Documentation Gap."
LN100418,2023-09-01 00:00:00,DOC003,Missing Document Exception Classification,document_status;exception_type,document_status=Missing;exception_type=Severe Delinquency,error,"If the document status is Missing, exception_type must indicate Documentation Gap."
LN100424,2025-09-01 00:00:00,DOC003,Missing Document Exception Classification,document_status;exception_type,document_status=Missing;exception_type=Severe Delinquency,error,"If the document status is Missing, exception_type must indicate Documentation Gap."
LN100429,2025-01-01 00:00:00,DOC003,Missing Document Exception Classification,document_status;exception_type,document_status=Missing;exception_type=Severe Delinquency,error,"If the document status is Missing, exception_type must indicate Documentation Gap."
LN100432,2025-04-01 00:00:00,DOC003,Missing Document Exception Classification,document_status;exception_type,document_status=Missing;exception_type=Severe Delinquency,error,"If the document status is Missing, exception_type must indicate Documentation Gap."
LN100436,2022-08-01 00:00:00,DOC003,Missing Document Exception Classification,document_status;exception_type,document_status=Missing;exception_type=Severe Delinquency,error,"If the document status is Missing, exception_type must indicate Documentation Gap."
LN100441,2023-12-01 00:00:00,DOC003,Missing Document Exception Classification,document_status;exception_type,document_status=Missing;exception_type=Severe Delinquency,error,"If the document status is Missing, exception_type must indicate Documentation Gap."
LN100444,2022-06-01 00:00:00,DOC003,Missing Document Exception Classification,document_status;exception_type,document_status=Missing;exception_type=Severe Delinquency,error,"If the document status is Missing, exception_type must indicate Documentation Gap."
LN100449,2023-10-01 00:00:00,DOC003,Missing Document Exception Classification,document_status;exception_type,document_status=Missing;exception_type=Severe Delinquency,error,"If the document status is Missing, exception_type must indicate Documentation Gap."
LN100461,2019-02-01 00:00:00,DOC003,Missing Document Exception Classification,document_status;exception_type,document_status=Missing;exception_type=Severe Delinquency,error,"If the document status is Missing, exception_type must indicate Documentation Gap."
LN100465,2026-05-01 00:00:00,DOC003,Missing Document Exception Classification,document_status;exception_type,document_status=Missing;exception_type=Severe Delinquency,error,"If the document status is Missing, exception_type must indicate Documentation Gap."
LN100469,2025-02-01 00:00:00,DOC003,Missing Document Exception Classification,document_status;exception_type,document_status=Missing;exception_type=Severe Delinquency,error,"If the document status is Missing, exception_type must indicate Documentation Gap."
LN100473,2024-03-01 00:00:00,DOC003,Missing Document Exception Classification,document_status;exception_type,document_status=Missing;exception_type=Severe Delinquency,error,"If the document status is Missing, exception_type must indicate Documentation Gap."
LN100492,2024-08-01 00:00:00,DOC003,Missing Document Exception Classification,document_status;exception_type,document_status=Missing;exception_type=Severe Delinquency,error,"If the document status is Missing, exception_type must indicate Documentation Gap."
LN100494,2024-03-01 00:00:00,DOC003,Missing Document Exception Classification,document_status;exception_type,document_status=Missing;exception_type=Severe Delinquency,error,"If the document status is Missing, exception_type must indicate Documentation Gap."
LN100501,2024-09-01 00:00:00,DOC003,Missing Document Exception Classification,document_status;exception_type,document_status=Missing;exception_type=Severe Delinquency,error,"If the document status is Missing, exception_type must indicate Documentation Gap."
LN100514,2024-10-01 00:00:00,DOC003,Missing Document Exception Classification,document_status;exception_type,document_status=Missing;exception_type=Severe Delinquency,error,"If the document status is Missing, exception_type must indicate Documentation Gap."
LN100515,2019-09-01 00:00:00,DOC003,Missing Document Exception Classification,document_status;exception_type,document_status=Missing;exception_type=Severe Delinquency,error,"If the document status is Missing, exception_type must indicate Documentation Gap."
LN100523,2026-01-01 00:00:00,DOC003,Missing Document Exception Classification,document_status;exception_type,document_status=Missing;exception_type=Severe Delinquency,error,"If the document status is Missing, exception_type must indicate Documentation Gap."
LN100525,2023-03-01 00:00:00,DOC003,Missing Document Exception Classification,document_status;exception_type,document_status=Missing;exception_type=Severe Delinquency,error,"If the document status is Missing, exception_type must indicate Documentation Gap."
LN100528,2025-05-01 00:00:00,DOC003,Missing Document Exception Classification,document_status;exception_type,document_status=Missing;exception_type=Severe Delinquency,error,"If the document status is Missing, exception_type must indicate Documentation Gap."
LN100531,2024-04-01 00:00:00,DOC003,Missing Document Exception Classification,document_status;exception_type,document_status=Missing;exception_type=Severe Delinquency,error,"If the document status is Missing, exception_type must indicate Documentation Gap."
LN100533,2023-01-01 00:00:00,DOC003,Missing Document Exception Classification,document_status;exception_type,document_status=Missing;exception_type=Severe Delinquency,error,"If the document status is Missing, exception_type must indicate Documentation Gap."
LN100537,2023-04-01 00:00:00,DOC003,Missing Document Exception Classification,document_status;exception_type,document_status=Missing;exception_type=Severe Delinquency,error,"If the document status is Missing, exception_type must indicate Documentation Gap."
LN100566,2026-05-01 00:00:00,DOC003,Missing Document Exception Classification,document_status;exception_type,document_status=Missing;exception_type=Severe Delinquency,error,"If the document status is Missing, exception_type must indicate Documentation Gap."
LN100574,2018-03-01 00:00:00,DOC003,Missing Document Exception Classification,document_status;exception_type,document_status=Missing;exception_type=Severe Delinquency,error,"If the document status is Missing, exception_type must indicate Documentation Gap."
LN100575,2026-04-01 00:00:00,DOC003,Missing Document Exception Classification,document_status;exception_type,document_status=Missing;exception_type=Severe Delinquency,error,"If the document status is Missing, exception_type must indicate Documentation Gap."
LN100577,2022-12-01 00:00:00,DOC003,Missing Document Exception Classification,document_status;exception_type,document_status=Missing;exception_type=Severe Delinquency,error,"If the document status is Missing, exception_type must indicate Documentation Gap."
LN100581,2025-02-01 00:00:00,DOC003,Missing Document Exception Classification,document_status;exception_type,document_status=Missing;exception_type=Severe Delinquency,error,"If the document status is Missing, exception_type must indicate Documentation Gap."
LN100581,2025-12-01 00:00:00,DOC003,Missing Document Exception Classification,document_status;exception_type,document_status=Missing;exception_type=Severe Delinquency,error,"If the document status is Missing, exception_type must indicate Documentation Gap."
LN100583,2019-06-01 00:00:00,DOC003,Missing Document Exception Classification,document_status;exception_type,document_status=Missing;exception_type=Severe Delinquency,error,"If the document status is Missing, exception_type must indicate Documentation Gap."
LN100618,2024-01-01 00:00:00,DOC003,Missing Document Exception Classification,document_status;exception_type,document_status=Missing;exception_type=Severe Delinquency,error,"If the document status is Missing, exception_type must indicate Documentation Gap."
LN100622,2019-07-01 00:00:00,DOC003,Missing Document Exception Classification,document_status;exception_type,document_status=Missing;exception_type=Severe Delinquency,error,"If the document status is Missing, exception_type must indicate Documentation Gap."
LN100627,2024-05-01 00:00:00,DOC003,Missing Document Exception Classification,document_status;exception_type,document_status=Missing;exception_type=Severe Delinquency,error,"If the document status is Missing, exception_type must indicate Documentation Gap."
LN100641,2026-05-01 00:00:00,DOC003,Missing Document Exception Classification,document_status;exception_type,document_status=Missing;exception_type=Severe Delinquency,error,"If the document status is Missing, exception_type must indicate Documentation Gap."
LN100646,2021-11-01 00:00:00,DOC003,Missing Document Exception Classification,document_status;exception_type,document_status=Missing;exception_type=Severe Delinquency,error,"If the document status is Missing, exception_type must indicate Documentation Gap."
LN100652,2023-04-01 00:00:00,DOC003,Missing Document Exception Classification,document_status;exception_type,document_status=Missing;exception_type=Severe Delinquency,error,"If the document status is Missing, exception_type must indicate Documentation Gap."
LN100660,2026-03-01 00:00:00,DOC003,Missing Document Exception Classification,document_status;exception_type,document_status=Missing;exception_type=Severe Delinquency,error,"If the document status is Missing, exception_type must indicate Documentation Gap."
LN100671,2026-01-01 00:00:00,DOC003,Missing Document Exception Classification,document_status;exception_type,document_status=Missing;exception_type=Severe Delinquency,error,"If the document status is Missing, exception_type must indicate Documentation Gap."
LN100673,2020-01-01 00:00:00,DOC003,Missing Document Exception Classification,document_status;exception_type,document_status=Missing;exception_type=Severe Delinquency,error,"If the document status is Missing, exception_type must indicate Documentation Gap."
LN100725,2019-03-01 00:00:00,DOC003,Missing Document Exception Classification,document_status;exception_type,document_status=Missing;exception_type=Severe Delinquency,error,"If the document status is Missing, exception_type must indicate Documentation Gap."
LN100730,2023-08-01 00:00:00,DOC003,Missing Document Exception Classification,document_status;exception_type,document_status=Missing;exception_type=Severe Delinquency,error,"If the document status is Missing, exception_type must indicate Documentation Gap."
LN100737,2020-09-01 00:00:00,DOC003,Missing Document Exception Classification,document_status;exception_type,document_status=Missing;exception_type=Severe Delinquency,error,"If the document status is Missing, exception_type must indicate Documentation Gap."
LN100742,2023-11-01 00:00:00,DOC003,Missing Document Exception Classification,document_status;exception_type,document_status=Missing;exception_type=Severe Delinquency,error,"If the document status is Missing, exception_type must indicate Documentation Gap."
LN100747,2021-12-01 00:00:00,DOC003,Missing Document Exception Classification,document_status;exception_type,document_status=Missing;exception_type=Severe Delinquency,error,"If the document status is Missing, exception_type must indicate Documentation Gap."
LN100751,2023-11-01 00:00:00,DOC003,Missing Document Exception Classification,document_status;exception_type,document_status=Missing;exception_type=Severe Delinquency,error,"If the document status is Missing, exception_type must indicate Documentation Gap."
LN100752,2021-06-01 00:00:00,DOC003,Missing Document Exception Classification,document_status;exception_type,document_status=Missing;exception_type=Severe Delinquency,error,"If the document status is Missing, exception_type must indicate Documentation Gap."
LN100767,2023-08-01 00:00:00,DOC003,Missing Document Exception Classification,document_status;exception_type,document_status=Missing;exception_type=Severe Delinquency,error,"If the document status is Missing, exception_type must indicate Documentation Gap."
LN100777,2020-12-01 00:00:00,DOC003,Missing Document Exception Classification,document_status;exception_type,document_status=Missing;exception_type=Severe Delinquency,error,"If the document status is Missing, exception_type must indicate Documentation Gap."
LN100781,2025-05-01 00:00:00,DOC003,Missing Document Exception Classification,document_status;exception_type,document_status=Missing;exception_type=Severe Delinquency,error,"If the document status is Missing, exception_type must indicate Documentation Gap."
LN100781,2025-06-01 00:00:00,DOC003,Missing Document Exception Classification,document_status;exception_type,document_status=Missing;exception_type=Severe Delinquency,error,"If the document status is Missing, exception_type must indicate Documentation Gap."
LN100797,2022-04-01 00:00:00,DOC003,Missing Document Exception Classification,document_status;exception_type,document_status=Missing;exception_type=Severe Delinquency,error,"If the document status is Missing, exception_type must indicate Documentation Gap."
LN100807,2019-10-01 00:00:00,DOC003,Missing Document Exception Classification,document_status;exception_type,document_status=Missing;exception_type=Severe Delinquency,error,"If the document status is Missing, exception_type must indicate Documentation Gap."
LN100825,2019-02-01 00:00:00,DOC003,Missing Document Exception Classification,document_status;exception_type,document_status=Missing;exception_type=Severe Delinquency,error,"If the document status is Missing, exception_type must indicate Documentation Gap."
LN100847,2019-02-01 00:00:00,DOC003,Missing Document Exception Classification,document_status;exception_type,document_status=Missing;exception_type=Severe Delinquency,error,"If the document status is Missing, exception_type must indicate Documentation Gap."
LN100853,2026-01-01 00:00:00,DOC003,Missing Document Exception Classification,document_status;exception_type,document_status=Missing;exception_type=Severe Delinquency,error,"If the document status is Missing, exception_type must indicate Documentation Gap."
LN100854,2021-04-01 00:00:00,DOC003,Missing Document Exception Classification,document_status;exception_type,document_status=Missing;exception_type=Severe Delinquency,error,"If the document status is Missing, exception_type must indicate Documentation Gap."
LN100889,2023-09-01 00:00:00,DOC003,Missing Document Exception Classification,document_status;exception_type,document_status=Missing;exception_type=Severe Delinquency,error,"If the document status is Missing, exception_type must indicate Documentation Gap."
LN100901,2020-03-01 00:00:00,DOC003,Missing Document Exception Classification,document_status;exception_type,document_status=Missing;exception_type=Severe Delinquency,error,"If the document status is Missing, exception_type must indicate Documentation Gap."
LN100902,2024-07-01 00:00:00,DOC003,Missing Document Exception Classification,document_status;exception_type,document_status=Missing;exception_type=Severe Delinquency,error,"If the document status is Missing, exception_type must indicate Documentation Gap."
LN100915,2022-03-01 00:00:00,DOC003,Missing Document Exception Classification,document_status;exception_type,document_status=Missing;exception_type=Severe Delinquency,error,"If the document status is Missing, exception_type must indicate Documentation Gap."
LN100918,2025-03-01 00:00:00,DOC003,Missing Document Exception Classification,document_status;exception_type,document_status=Missing;exception_type=Severe Delinquency,error,"If the document status is Missing, exception_type must indicate Documentation Gap."
LN100939,2022-07-01 00:00:00,DOC003,Missing Document Exception Classification,document_status;exception_type,document_status=Missing;exception_type=Severe Delinquency,error,"If the document status is Missing, exception_type must indicate Documentation Gap."
LN100957,2025-02-01 00:00:00,DOC003,Missing Document Exception Classification,document_status;exception_type,document_status=Missing;exception_type=Severe Delinquency,error,"If the document status is Missing, exception_type must indicate Documentation Gap."
LN100980,2022-02-01 00:00:00,DOC003,Missing Document Exception Classification,document_status;exception_type,document_status=Missing;exception_type=Severe Delinquency,error,"If the document status is Missing, exception_type must indicate Documentation Gap."
LN100983,2023-05-01 00:00:00,DOC003,Missing Document Exception Classification,document_status;exception_type,document_status=Missing;exception_type=Severe Delinquency,error,"If the document status is Missing, exception_type must indicate Documentation Gap."
LN101004,2019-08-01 00:00:00,DOC003,Missing Document Exception Classification,document_status;exception_type,document_status=Missing;exception_type=Severe Delinquency,error,"If the document status is Missing, exception_type must indicate Documentation Gap."
LN101016,2022-02-01 00:00:00,DOC003,Missing Document Exception Classification,document_status;exception_type,document_status=Missing;exception_type=Severe Delinquency,error,"If the document status is Missing, exception_type must indicate Documentation Gap."
LN101029,2025-11-01 00:00:00,DOC003,Missing Document Exception Classification,document_status;exception_type,document_status=Missing;exception_type=Severe Delinquency,error,"If the document status is Missing, exception_type must indicate Documentation Gap."
LN101030,2021-11-01 00:00:00,DOC003,Missing Document Exception Classification,document_status;exception_type,document_status=Missing;exception_type=Severe Delinquency,error,"If the document status is Missing, exception_type must indicate Documentation Gap."
LN101034,2021-09-01 00:00:00,DOC003,Missing Document Exception Classification,document_status;exception_type,document_status=Missing;exception_type=Severe Delinquency,error,"If the document status is Missing, exception_type must indicate Documentation Gap."
LN101051,2020-10-01 00:00:00,DOC003,Missing Document Exception Classification,document_status;exception_type,document_status=Missing;exception_type=Severe Delinquency,error,"If the document status is Missing, exception_type must indicate Documentation Gap."
LN101068,2023-11-01 00:00:00,DOC003,Missing Document Exception Classification,document_status;exception_type,document_status=Missing;exception_type=Severe Delinquency,error,"If the document status is Missing, exception_type must indicate Documentation Gap."
LN101071,2023-11-01 00:00:00,DOC003,Missing Document Exception Classification,document_status;exception_type,document_status=Missing;exception_type=Severe Delinquency,error,"If the document status is Missing, exception_type must indicate Documentation Gap."
LN101077,2019-05-01 00:00:00,DOC003,Missing Document Exception Classification,document_status;exception_type,document_status=Missing;exception_type=Severe Delinquency,error,"If the document status is Missing, exception_type must indicate Documentation Gap."
LN101078,2021-04-01 00:00:00,DOC003,Missing Document Exception Classification,document_status;exception_type,document_status=Missing;exception_type=Severe Delinquency,error,"If the document status is Missing, exception_type must indicate Documentation Gap."
LN101095,2018-11-01 00:00:00,DOC003,Missing Document Exception Classification,document_status;exception_type,document_status=Missing;exception_type=Severe Delinquency,error,"If the document status is Missing, exception_type must indicate Documentation Gap."
LN101099,2022-03-01 00:00:00,DOC003,Missing Document Exception Classification,document_status;exception_type,document_status=Missing;exception_type=Severe Delinquency,error,"If the document status is Missing, exception_type must indicate Documentation Gap."
LN101103,2023-11-01 00:00:00,DOC003,Missing Document Exception Classification,document_status;exception_type,document_status=Missing;exception_type=Severe Delinquency,error,"If the document status is Missing, exception_type must indicate Documentation Gap."
LN101120,2022-05-01 00:00:00,DOC003,Missing Document Exception Classification,document_status;exception_type,document_status=Missing;exception_type=Severe Delinquency,error,"If the document status is Missing, exception_type must indicate Documentation Gap."
LN101122,2023-07-01 00:00:00,DOC003,Missing Document Exception Classification,document_status;exception_type,document_status=Missing;exception_type=Severe Delinquency,error,"If the document status is Missing, exception_type must indicate Documentation Gap."
LN101170,2025-01-01 00:00:00,DOC003,Missing Document Exception Classification,document_status;exception_type,document_status=Missing;exception_type=Severe Delinquency,error,"If the document status is Missing, exception_type must indicate Documentation Gap."
LN101185,2021-03-01 00:00:00,DOC003,Missing Document Exception Classification,document_status;exception_type,document_status=Missing;exception_type=Severe Delinquency,error,"If the document status is Missing, exception_type must indicate Documentation Gap."
LN101209,2025-02-01 00:00:00,DOC003,Missing Document Exception Classification,document_status;exception_type,document_status=Missing;exception_type=Severe Delinquency,error,"If the document status is Missing, exception_type must indicate Documentation Gap."
LN101232,2024-12-01 00:00:00,DOC003,Missing Document Exception Classification,document_status;exception_type,document_status=Missing;exception_type=Severe Delinquency,error,"If the document status is Missing, exception_type must indicate Documentation Gap."
LN101244,2024-12-01 00:00:00,DOC003,Missing Document Exception Classification,document_status;exception_type,document_status=Missing;exception_type=Severe Delinquency,error,"If the document status is Missing, exception_type must indicate Documentation Gap."
LN101260,2020-06-01 00:00:00,DOC003,Missing Document Exception Classification,document_status;exception_type,document_status=Missing;exception_type=Severe Delinquency,error,"If the document status is Missing, exception_type must indicate Documentation Gap."
LN101265,2023-02-01 00:00:00,DOC003,Missing Document Exception Classification,document_status;exception_type,document_status=Missing;exception_type=Severe Delinquency,error,"If the document status is Missing, exception_type must indicate Documentation Gap."
LN101281,2024-09-01 00:00:00,DOC003,Missing Document Exception Classification,document_status;exception_type,document_status=Missing;exception_type=Severe Delinquency,error,"If the document status is Missing, exception_type must indicate Documentation Gap."
LN101285,2019-08-01 00:00:00,DOC003,Missing Document Exception Classification,document_status;exception_type,document_status=Missing;exception_type=Severe Delinquency,error,"If the document status is Missing, exception_type must indicate Documentation Gap."
LN101288,2019-04-01 00:00:00,DOC003,Missing Document Exception Classification,document_status;exception_type,document_status=Missing;exception_type=Severe Delinquency,error,"If the document status is Missing, exception_type must indicate Documentation Gap."
LN101298,2021-12-01 00:00:00,DOC003,Missing Document Exception Classification,document_status;exception_type,document_status=Missing;exception_type=Severe Delinquency,error,"If the document status is Missing, exception_type must indicate Documentation Gap."
LN101306,2021-02-01 00:00:00,DOC003,Missing Document Exception Classification,document_status;exception_type,document_status=Missing;exception_type=Severe Delinquency,error,"If the document status is Missing, exception_type must indicate Documentation Gap."
LN101311,2023-05-01 00:00:00,DOC003,Missing Document Exception Classification,document_status;exception_type,document_status=Missing;exception_type=Severe Delinquency,error,"If the document status is Missing, exception_type must indicate Documentation Gap."
LN101315,2023-05-01 00:00:00,DOC003,Missing Document Exception Classification,document_status;exception_type,document_status=Missing;exception_type=Severe Delinquency,error,"If the document status is Missing, exception_type must indicate Documentation Gap."
LN101317,2025-01-01 00:00:00,DOC003,Missing Document Exception Classification,document_status;exception_type,document_status=Missing;exception_type=Severe Delinquency,error,"If the document status is Missing, exception_type must indicate Documentation Gap."
LN101320,2018-10-01 00:00:00,DOC003,Missing Document Exception Classification,document_status;exception_type,document_status=Missing;exception_type=Severe Delinquency,error,"If the document status is Missing, exception_type must indicate Documentation Gap."
LN101321,2026-04-01 00:00:00,DOC003,Missing Document Exception Classification,document_status;exception_type,document_status=Missing;exception_type=Severe Delinquency,error,"If the document status is Missing, exception_type must indicate Documentation Gap."
LN101329,2020-06-01 00:00:00,DOC003,Missing Document Exception Classification,document_status;exception_type,document_status=Missing;exception_type=Severe Delinquency,error,"If the document status is Missing, exception_type must indicate Documentation Gap."
LN101338,2025-02-01 00:00:00,DOC003,Missing Document Exception Classification,document_status;exception_type,document_status=Missing;exception_type=Severe Delinquency,error,"If the document status is Missing, exception_type must indicate Documentation Gap."
LN101342,2021-02-01 00:00:00,DOC003,Missing Document Exception Classification,document_status;exception_type,document_status=Missing;exception_type=Severe Delinquency,error,"If the document status is Missing, exception_type must indicate Documentation Gap."
LN101343,2023-02-01 00:00:00,DOC003,Missing Document Exception Classification,document_status;exception_type,document_status=Missing;exception_type=Severe Delinquency,error,"If the document status is Missing, exception_type must indicate Documentation Gap."
LN101348,2023-06-01 00:00:00,DOC003,Missing Document Exception Classification,document_status;exception_type,document_status=Missing;exception_type=Severe Delinquency,error,"If the document status is Missing, exception_type must indicate Documentation Gap."
LN101364,2026-06-01 00:00:00,DOC003,Missing Document Exception Classification,document_status;exception_type,document_status=Missing;exception_type=Severe Delinquency,error,"If the document status is Missing, exception_type must indicate Documentation Gap."
LN101378,2025-04-01 00:00:00,DOC003,Missing Document Exception Classification,document_status;exception_type,document_status=Missing;exception_type=Severe Delinquency,error,"If the document status is Missing, exception_type must indicate Documentation Gap."
LN101432,2021-09-01 00:00:00,DOC003,Missing Document Exception Classification,document_status;exception_type,document_status=Missing;exception_type=Severe Delinquency,error,"If the document status is Missing, exception_type must indicate Documentation Gap."
LN101446,2025-03-01 00:00:00,DOC003,Missing Document Exception Classification,document_status;exception_type,document_status=Missing;exception_type=Severe Delinquency,error,"If the document status is Missing, exception_type must indicate Documentation Gap."
LN101467,2023-08-01 00:00:00,DOC003,Missing Document Exception Classification,document_status;exception_type,document_status=Missing;exception_type=Severe Delinquency,error,"If the document status is Missing, exception_type must indicate Documentation Gap."
LN101468,2023-07-01 00:00:00,DOC003,Missing Document Exception Classification,document_status;exception_type,document_status=Missing;exception_type=Severe Delinquency,error,"If the document status is Missing, exception_type must indicate Documentation Gap."
LN101470,2024-12-01 00:00:00,DOC003,Missing Document Exception Classification,document_status;exception_type,document_status=Missing;exception_type=Severe Delinquency,error,"If the document status is Missing, exception_type must indicate Documentation Gap."
LN101472,2025-07-01 00:00:00,DOC003,Missing Document Exception Classification,document_status;exception_type,document_status=Missing;exception_type=Severe Delinquency,error,"If the document status is Missing, exception_type must indicate Documentation Gap."
LN101492,2022-08-01 00:00:00,DOC003,Missing Document Exception Classification,document_status;exception_type,document_status=Missing;exception_type=Severe Delinquency,error,"If the document status is Missing, exception_type must indicate Documentation Gap."
LN101507,2024-11-01 00:00:00,DOC003,Missing Document Exception Classification,document_status;exception_type,document_status=Missing;exception_type=Severe Delinquency,error,"If the document status is Missing, exception_type must indicate Documentation Gap."
LN101521,2024-01-01 00:00:00,DOC003,Missing Document Exception Classification,document_status;exception_type,document_status=Missing;exception_type=Severe Delinquency,error,"If the document status is Missing, exception_type must indicate Documentation Gap."
LN101544,2022-01-01 00:00:00,DOC003,Missing Document Exception Classification,document_status;exception_type,document_status=Missing;exception_type=Severe Delinquency,error,"If the document status is Missing, exception_type must indicate Documentation Gap."
LN101562,2020-01-01 00:00:00,DOC003,Missing Document Exception Classification,document_status;exception_type,document_status=Missing;exception_type=Severe Delinquency,error,"If the document status is Missing, exception_type must indicate Documentation Gap."
LN101566,2025-10-01 00:00:00,DOC003,Missing Document Exception Classification,document_status;exception_type,document_status=Missing;exception_type=Severe Delinquency,error,"If the document status is Missing, exception_type must indicate Documentation Gap."
LN101580,2022-01-01 00:00:00,DOC003,Missing Document Exception Classification,document_status;exception_type,document_status=Missing;exception_type=Severe Delinquency,error,"If the document status is Missing, exception_type must indicate Documentation Gap."
LN101582,2025-02-01 00:00:00,DOC003,Missing Document Exception Classification,document_status;exception_type,document_status=Missing;exception_type=Severe Delinquency,error,"If the document status is Missing, exception_type must indicate Documentation Gap."
LN101587,2021-02-01 00:00:00,DOC003,Missing Document Exception Classification,document_status;exception_type,document_status=Missing;exception_type=Severe Delinquency,error,"If the document status is Missing, exception_type must indicate Documentation Gap."
LN101607,2023-02-01 00:00:00,DOC003,Missing Document Exception Classification,document_status;exception_type,document_status=Missing;exception_type=Severe Delinquency,error,"If the document status is Missing, exception_type must indicate Documentation Gap."
LN101616,2024-10-01 00:00:00,DOC003,Missing Document Exception Classification,document_status;exception_type,document_status=Missing;exception_type=Severe Delinquency,error,"If the document status is Missing, exception_type must indicate Documentation Gap."
LN101628,2023-05-01 00:00:00,DOC003,Missing Document Exception Classification,document_status;exception_type,document_status=Missing;exception_type=Severe Delinquency,error,"If the document status is Missing, exception_type must indicate Documentation Gap."
LN101651,2019-02-01 00:00:00,DOC003,Missing Document Exception Classification,document_status;exception_type,document_status=Missing;exception_type=Severe Delinquency,error,"If the document status is Missing, exception_type must indicate Documentation Gap."
LN101651,2020-03-01 00:00:00,DOC003,Missing Document Exception Classification,document_status;exception_type,document_status=Missing;exception_type=Severe Delinquency,error,"If the document status is Missing, exception_type must indicate Documentation Gap."
LN101661,2023-01-01 00:00:00,DOC003,Missing Document Exception Classification,document_status;exception_type,document_status=Missing;exception_type=Severe Delinquency,error,"If the document status is Missing, exception_type must indicate Documentation Gap."
LN101677,2023-03-01 00:00:00,DOC003,Missing Document Exception Classification,document_status;exception_type,document_status=Missing;exception_type=Severe Delinquency,error,"If the document status is Missing, exception_type must indicate Documentation Gap."
LN101703,2024-03-01 00:00:00,DOC003,Missing Document Exception Classification,document_status;exception_type,document_status=Missing;exception_type=Severe Delinquency,error,"If the document status is Missing, exception_type must indicate Documentation Gap."
LN101711,2022-08-01 00:00:00,DOC003,Missing Document Exception Classification,document_status;exception_type,document_status=Missing;exception_type=Severe Delinquency,error,"If the document status is Missing, exception_type must indicate Documentation Gap."
LN101718,2023-12-01 00:00:00,DOC003,Missing Document Exception Classification,document_status;exception_type,document_status=Missing;exception_type=Severe Delinquency,error,"If the document status is Missing, exception_type must indicate Documentation Gap."
LN101729,2022-04-01 00:00:00,DOC003,Missing Document Exception Classification,document_status;exception_type,document_status=Missing;exception_type=Severe Delinquency,error,"If the document status is Missing, exception_type must indicate Documentation Gap."
LN101752,2026-07-01 00:00:00,DOC003,Missing Document Exception Classification,document_status;exception_type,document_status=Missing;exception_type=Severe Delinquency,error,"If the document status is Missing, exception_type must indicate Documentation Gap."
LN101773,2022-09-01 00:00:00,DOC003,Missing Document Exception Classification,document_status;exception_type,document_status=Missing;exception_type=Severe Delinquency,error,"If the document status is Missing, exception_type must indicate Documentation Gap."
LN101782,2022-05-01 00:00:00,DOC003,Missing Document Exception Classification,document_status;exception_type,document_status=Missing;exception_type=Severe Delinquency,error,"If the document status is Missing, exception_type must indicate Documentation Gap."
LN101785,2025-04-01 00:00:00,DOC003,Missing Document Exception Classification,document_status;exception_type,document_status=Missing;exception_type=Severe Delinquency,error,"If the document status is Missing, exception_type must indicate Documentation Gap."
LN101787,2021-01-01 00:00:00,DOC003,Missing Document Exception Classification,document_status;exception_type,document_status=Missing;exception_type=Severe Delinquency,error,"If the document status is Missing, exception_type must indicate Documentation Gap."
LN101804,2019-06-01 00:00:00,DOC003,Missing Document Exception Classification,document_status;exception_type,document_status=Missing;exception_type=Severe Delinquency,error,"If the document status is Missing, exception_type must indicate Documentation Gap."
LN101816,2024-05-01 00:00:00,DOC003,Missing Document Exception Classification,document_status;exception_type,document_status=Missing;exception_type=Severe Delinquency,error,"If the document status is Missing, exception_type must indicate Documentation Gap."
LN101820,2024-03-01 00:00:00,DOC003,Missing Document Exception Classification,document_status;exception_type,document_status=Missing;exception_type=Severe Delinquency,error,"If the document status is Missing, exception_type must indicate Documentation Gap."
LN101830,2021-11-01 00:00:00,DOC003,Missing Document Exception Classification,document_status;exception_type,document_status=Missing;exception_type=Severe Delinquency,error,"If the document status is Missing, exception_type must indicate Documentation Gap."
LN101837,2024-04-01 00:00:00,DOC003,Missing Document Exception Classification,document_status;exception_type,document_status=Missing;exception_type=Severe Delinquency,error,"If the document status is Missing, exception_type must indicate Documentation Gap."
LN101844,2025-01-01 00:00:00,DOC003,Missing Document Exception Classification,document_status;exception_type,document_status=Missing;exception_type=Severe Delinquency,error,"If the document status is Missing, exception_type must indicate Documentation Gap."
LN101845,2022-07-01 00:00:00,DOC003,Missing Document Exception Classification,document_status;exception_type,document_status=Missing;exception_type=Severe Delinquency,error,"If the document status is Missing, exception_type must indicate Documentation Gap."
LN101849,2023-05-01 00:00:00,DOC003,Missing Document Exception Classification,document_status;exception_type,document_status=Missing;exception_type=Severe Delinquency,error,"If the document status is Missing, exception_type must indicate Documentation Gap."
LN101882,2021-02-01 00:00:00,DOC003,Missing Document Exception Classification,document_status;exception_type,document_status=Missing;exception_type=Severe Delinquency,error,"If the document status is Missing, exception_type must indicate Documentation Gap."
LN101885,2020-09-01 00:00:00,DOC003,Missing Document Exception Classification,document_status;exception_type,document_status=Missing;exception_type=Severe Delinquency,error,"If the document status is Missing, exception_type must indicate Documentation Gap."
LN101889,2026-07-01 00:00:00,DOC003,Missing Document Exception Classification,document_status;exception_type,document_status=Missing;exception_type=Severe Delinquency,error,"If the document status is Missing, exception_type must indicate Documentation Gap."
LN101902,2023-03-01 00:00:00,DOC003,Missing Document Exception Classification,document_status;exception_type,document_status=Missing;exception_type=Severe Delinquency,error,"If the document status is Missing, exception_type must indicate Documentation Gap."
LN101914,2025-06-01 00:00:00,DOC003,Missing Document Exception Classification,document_status;exception_type,document_status=Missing;exception_type=Severe Delinquency,error,"If the document status is Missing, exception_type must indicate Documentation Gap."
LN101927,2020-04-01 00:00:00,DOC003,Missing Document Exception Classification,document_status;exception_type,document_status=Missing;exception_type=Severe Delinquency,error,"If the document status is Missing, exception_type must indicate Documentation Gap."
LN101938,2025-08-01 00:00:00,DOC003,Missing Document Exception Classification,document_status;exception_type,document_status=Missing;exception_type=Severe Delinquency,error,"If the document status is Missing, exception_type must indicate Documentation Gap."
LN101951,2025-09-01 00:00:00,DOC003,Missing Document Exception Classification,document_status;exception_type,document_status=Missing;exception_type=Severe Delinquency,error,"If the document status is Missing, exception_type must indicate Documentation Gap."
LN101956,2024-07-01 00:00:00,DOC003,Missing Document Exception Classification,document_status;exception_type,document_status=Missing;exception_type=Severe Delinquency,error,"If the document status is Missing, exception_type must indicate Documentation Gap."
LN101984,2025-03-01 00:00:00,DOC003,Missing Document Exception Classification,document_status;exception_type,document_status=Missing;exception_type=Severe Delinquency,error,"If the document status is Missing, exception_type must indicate Documentation Gap."
LN101992,2021-12-01 00:00:00,DOC003,Missing Document Exception Classification,document_status;exception_type,document_status=Missing;exception_type=Severe Delinquency,error,"If the document status is Missing, exception_type must indicate Documentation Gap."
LN101997,2025-06-01 00:00:00,DOC003,Missing Document Exception Classification,document_status;exception_type,document_status=Missing;exception_type=Severe Delinquency,error,"If the document status is Missing, exception_type must indicate Documentation Gap."
LN101998,2021-07-01 00:00:00,DOC003,Missing Document Exception Classification,document_status;exception_type,document_status=Missing;exception_type=Severe Delinquency,error,"If the document status is Missing, exception_type must indicate Documentation Gap."
